id,price,accommodates,room_type,bedrooms,beds,bathrooms,neighbourhood_group_cleansed,minimum_nights,instant_bookable,review_scores_rating,host_is_superhost,host_total_listings_count,availability_365,latitude,longitude,city
2384,119.0,1,Private room,1.0,1.0,1.0,undefined,3,False,4.99,False,1.0,348,41.7879,-87.5878,Chicago
7126,89.0,2,Entire home/apt,1.0,1.0,1.0,undefined,2,False,4.73,True,2.0,302,41.90166,-87.68021,Chicago
10945,203.0,4,Entire home/apt,2.0,2.0,1.0,undefined,4,True,4.74,True,87.0,325,41.91196,-87.63981,Chicago
12140,339.0,3,Private room,1.0,1.0,1.0,undefined,2,False,4.95,False,1.0,156,41.92357,-87.64947,Chicago
28749,258.0,6,Entire home/apt,3.0,3.0,2.0,undefined,2,False,4.83,True,7.0,74,41.9202265,-87.67961319999999,Chicago
71930,80.0,2,Private room,1.0,1.0,1.0,undefined,3,False,4.89,True,3.0,343,41.89615,-87.67934,Chicago
94450,117.0,1,Entire home/apt,1.0,1.0,1.0,undefined,3,False,4.95,True,3.0,335,41.9796,-87.66512,Chicago
145659,185.0,8,Entire home/apt,3.0,3.0,2.0,undefined,32,False,4.78,True,38.0,365,41.94342,-87.68121,Chicago
145690,270.0,10,Entire home/apt,4.0,4.0,2.0,undefined,32,False,4.78,True,38.0,331,41.91289,-87.63864,Chicago
189821,220.0,5,Entire home/apt,2.0,3.0,1.0,undefined,3,False,4.95,True,2.0,326,41.92918,-87.70219,Chicago
207218,125.0,2,Entire home/apt,1.0,1.0,1.0,undefined,32,False,4.9,True,3.0,283,41.68843,-87.60712,Chicago
207351,50.0,1,Entire home/apt,1.0,1.0,1.0,undefined,32,False,4.92,True,3.0,178,41.68954,-87.60786,Chicago
220333,125.0,2,Entire home/apt,2.0,1.0,1.0,undefined,32,False,4.88,True,3.0,233,41.68912,-87.60725,Chicago
225314,87.0,1,Private room,1.0,1.0,1.0,undefined,2,False,4.94,False,2.0,46,41.92589,-87.69737,Chicago
233933,58.0,2,Private room,1.0,1.0,1.0,undefined,2,False,4.83,True,2.0,59,41.95758,-87.7271,Chicago
250354,170.0,2,Entire home/apt,2.0,1.0,1.0,undefined,180,False,4.84,False,2.0,359,41.85923,-87.62198,Chicago
264547,228.0,3,Entire home/apt,2.0,2.0,1.5,undefined,32,False,4.84,False,2.0,176,41.88413,-87.64315,Chicago
345075,116.0,2,Private room,1.0,1.0,1.0,undefined,2,False,4.97,True,5.0,343,41.80774,-87.59459,Chicago
350347,193.0,4,Entire home/apt,2.0,2.0,2.0,undefined,3,False,4.88,True,2.0,277,41.94107,-87.65492,Chicago
372929,249.0,12,Entire home/apt,3.0,5.0,3.0,undefined,2,False,4.85,True,5.0,340,41.89629,-87.65704,Chicago
404792,126.0,3,Entire home/apt,2.0,2.0,1.0,undefined,14,False,4.51,False,4.0,81,41.88947,-87.66933,Chicago
464581,106.0,4,Entire home/apt,1.0,2.0,1.0,undefined,32,False,4.81,False,9.0,327,41.92518,-87.69549,Chicago
507517,91.0,4,Entire home/apt,1.0,1.0,1.0,undefined,2,False,4.92,True,1.0,266,41.96678,-87.6973,Chicago
542067,168.0,3,Entire home/apt,2.0,3.0,1.0,undefined,3,False,4.88,True,4.0,274,41.93142,-87.69989,Chicago
584590,55.0,2,Private room,1.0,1.0,1.0,undefined,32,False,4.57,True,8.0,59,41.96528,-87.6831,Chicago
634310,64.0,2,Private room,1.0,1.0,1.0,undefined,3,False,4.92,True,2.0,288,41.99688,-87.66449,Chicago
640841,264.0,4,Entire home/apt,2.0,2.0,2.5,undefined,4,False,4.98,True,1.0,95,41.94256,-87.67171,Chicago
651742,69.0,2,Private room,1.0,1.0,1.0,undefined,2,False,4.94,True,3.0,354,41.99178,-87.75747,Chicago
662034,60.0,1,Private room,1.0,1.0,1.0,undefined,2,False,4.94,True,3.0,356,41.99405,-87.75746,Chicago
681842,53.0,2,Private room,1.0,1.0,1.0,undefined,32,False,4.91,True,7.0,327,41.99373,-87.68279,Chicago
697634,109.0,4,Entire home/apt,2.0,2.0,1.0,undefined,32,False,4.87,True,2.0,206,41.90437,-87.6335,Chicago
726376,130.0,2,Entire home/apt,1.0,1.0,1.0,undefined,2,False,4.69,True,4.0,86,41.93903,-87.65196,Chicago
729566,79.0,2,Entire home/apt,1.0,1.0,1.0,undefined,179,False,5.0,False,3.0,92,41.86442,-87.62561,Chicago
732569,192.0,5,Entire home/apt,2.0,2.0,1.0,undefined,1,False,4.43,False,6.0,47,41.8559,-87.65336,Chicago
739495,273.0,4,Entire home/apt,2.0,3.0,1.0,undefined,7,False,4.87,False,1.0,243,41.9765,-87.68144,Chicago
755701,125.0,5,Entire home/apt,3.0,6.0,1.0,undefined,32,False,4.81,True,4.0,242,41.93115,-87.71836,Chicago
863120,73.0,2,Private room,3.0,1.0,2.5,undefined,2,False,4.94,False,2.0,27,41.92218,-87.66079,Chicago
960326,262.0,6,Entire home/apt,3.0,3.0,2.0,undefined,2,False,4.93,True,28.0,328,41.89602,-87.65659,Chicago
966137,120.0,5,Entire home/apt,2.0,2.0,1.0,undefined,32,False,4.75,False,4.0,57,41.86801,-87.67877,Chicago
979841,81.0,2,Private room,1.0,1.0,1.5,undefined,2,True,4.98,True,4.0,319,42.00588,-87.66853,Chicago
979926,73.0,2,Private room,1.0,1.0,1.5,undefined,2,True,4.98,True,4.0,306,42.00477,-87.66842,Chicago
979942,73.0,2,Private room,1.0,2.0,1.5,undefined,2,True,4.94,True,4.0,320,42.00378,-87.66807,Chicago
983640,179.0,4,Entire home/apt,2.0,3.0,1.0,undefined,2,True,4.95,True,4.0,322,42.00456,-87.67058,Chicago
1020810,115.0,2,Entire home/apt,1.0,2.0,1.0,undefined,32,False,4.67,False,4.0,272,41.89395,-87.62593,Chicago
1083987,120.0,2,Entire home/apt,1.0,2.0,1.0,undefined,32,False,5.0,False,235.0,140,41.85395,-87.62468,Chicago
1185749,166.0,6,Entire home/apt,3.0,4.0,1.0,undefined,3,True,4.87,False,2.0,197,41.87033,-87.6826,Chicago
1195259,118.0,3,Entire home/apt,2.0,4.0,1.0,undefined,5,False,4.9,True,3.0,339,41.90914,-87.67859,Chicago
1304049,45.0,2,Private room,1.0,1.0,1.0,undefined,32,False,4.66,True,2.0,274,41.86967,-87.68284,Chicago
1321332,627.0,16,Entire home/apt,4.0,11.0,3.5,undefined,2,False,4.83,False,5.0,305,41.93089,-87.66946,Chicago
1356190,107.0,2,Private room,1.0,1.0,1.0,undefined,3,False,4.97,True,1.0,228,41.91984,-87.68962,Chicago
1392594,200.0,6,Entire home/apt,3.0,3.0,2.0,undefined,3,False,4.63,False,1.0,187,41.96909,-87.67407,Chicago
1461451,22.0,1,Shared room,1.0,1.0,2.0,undefined,1,False,4.64,True,20.0,256,42.01653,-87.68788,Chicago
1502674,209.0,4,Entire home/apt,2.0,2.0,1.0,undefined,4,False,4.84,True,87.0,319,41.91175,-87.63834,Chicago
1502700,438.0,10,Entire home/apt,4.0,4.0,2.0,undefined,32,False,4.4,True,87.0,58,41.91184,-87.63963,Chicago
1554433,45.0,2,Private room,1.0,1.0,1.5,undefined,32,False,4.85,False,2.0,306,41.71554,-87.67197,Chicago
1573401,55.0,4,Private room,1.0,1.0,1.0,undefined,2,False,4.91,True,2.0,66,41.85592,-87.66249,Chicago
1584422,480.0,10,Entire home/apt,3.0,8.0,2.0,undefined,3,True,4.95,True,7.0,345,41.90532,-87.64761,Chicago
1591370,156.0,6,Entire home/apt,1.0,4.0,1.0,undefined,2,False,4.83,True,1.0,350,42.01177,-87.67758,Chicago
1614802,75.0,3,Entire home/apt,1.0,2.0,1.0,undefined,4,False,4.91,True,1.0,277,41.93455,-87.66141,Chicago
1663673,129.0,2,Entire home/apt,1.0,1.0,1.0,undefined,2,True,4.91,True,7.0,327,41.89322,-87.68572,Chicago
1759266,147.0,4,Entire home/apt,2.0,2.0,1.0,undefined,2,True,4.85,True,2.0,257,41.93396,-87.65897,Chicago
1769731,322.0,4,Entire home/apt,1.0,2.0,1.0,undefined,1,True,4.77,False,6.0,93,41.94747,-87.65417,Chicago
1772920,565.0,7,Entire home/apt,3.0,7.0,2.0,undefined,1,True,4.64,False,6.0,90,41.94842,-87.65307,Chicago
1773021,665.0,9,Entire home/apt,4.0,5.0,2.0,undefined,1,True,4.92,False,6.0,87,41.94774,-87.65421,Chicago
1773025,837.0,9,Entire home/apt,4.0,5.0,2.0,undefined,1,True,4.78,False,6.0,91,41.9475,-87.6542,Chicago
1810118,70.0,3,Private room,1.0,1.0,1.0,undefined,4,False,4.89,True,2.0,132,41.77738,-87.60041,Chicago
1837153,63.0,2,Entire home/apt,1.0,1.0,1.0,undefined,32,False,4.48,False,3.0,284,41.79989,-87.59432,Chicago
1854000,436.0,2,Entire home/apt,1.0,1.0,1.0,undefined,32,False,4.58,False,3.0,365,41.93264,-87.64311,Chicago
1869568,44.0,1,Private room,4.0,0.0,3.0,undefined,1,False,5.0,False,4.0,357,41.85638259958464,-87.71415361216066,Chicago
1921670,115.0,4,Entire home/apt,2.0,2.0,1.0,undefined,2,False,4.87,True,13.0,342,41.94663,-87.70783,Chicago
1939467,60.0,1,Private room,1.0,1.0,1.0,undefined,32,False,5.0,True,2.0,90,41.95998186072804,-87.73006782293396,Chicago
2011301,59.0,2,Private room,1.0,1.0,1.0,undefined,2,True,4.67,True,3.0,239,41.92118,-87.68678,Chicago
2062638,223.0,10,Entire home/apt,3.0,4.0,2.0,undefined,2,False,4.79,True,5.0,357,41.89821,-87.6572,Chicago
2103986,75.0,2,Private room,1.0,1.0,1.0,undefined,1,False,4.84,True,4.0,92,41.93338,-87.63913,Chicago
2298310,76.0,1,Private room,1.0,1.0,1.0,undefined,10,False,4.9,True,51.0,295,41.80239,-87.60244,Chicago
2479175,75.0,2,Entire home/apt,1.0,1.0,1.0,undefined,2,False,4.79,True,1.0,139,41.96316,-87.69208,Chicago
2499596,126.0,3,Entire home/apt,1.0,2.0,1.5,undefined,10,False,4.78,False,4.0,224,41.90006,-87.68096,Chicago
2564678,45.0,1,Private room,1.0,1.0,1.5,undefined,32,False,3.67,False,5.0,123,41.85295,-87.70686,Chicago
2844042,146.0,2,Entire home/apt,1.0,1.0,1.0,undefined,2,True,4.9,True,7.0,335,41.89288,-87.68458,Chicago
2874486,194.0,5,Entire home/apt,2.0,2.0,2.0,undefined,2,False,4.9,True,2.0,321,41.90026,-87.66871,Chicago
2907500,38.0,2,Private room,1.0,1.0,1.0,undefined,1,True,4.85,True,2.0,326,41.78225,-87.72806,Chicago
3031898,85.0,2,Entire home/apt,2.0,1.0,2.0,undefined,32,False,4.84,True,2.0,365,41.77206,-87.56982,Chicago
3053081,106.0,3,Entire home/apt,1.0,1.0,1.0,undefined,2,False,4.82,,3.0,240,41.91571,-87.67449,Chicago
3068787,149.0,4,Entire home/apt,2.0,2.0,2.0,undefined,3,False,4.94,True,1.0,282,41.96136,-87.6784,Chicago
3083343,177.0,6,Entire home/apt,2.0,4.0,1.0,undefined,2,False,4.76,True,17.0,41,41.91533279418945,-87.67047882080078,Chicago
3088192,168.0,6,Entire home/apt,2.0,3.0,1.0,undefined,1,False,4.96,True,1.0,116,41.93105,-87.71177,Chicago
3172794,1080.0,16,Entire home/apt,6.0,10.0,2.5,undefined,1,False,4.9,True,11.0,351,41.91634,-87.69335,Chicago
3267902,80.0,5,Entire home/apt,1.0,3.0,1.0,undefined,2,False,4.93,True,1.0,310,41.98908,-87.66697,Chicago
3292054,314.0,8,Entire home/apt,3.0,4.0,3.0,undefined,4,False,4.95,True,18.0,342,41.94278,-87.65621,Chicago
3308694,357.0,5,Entire home/apt,2.0,3.0,1.0,undefined,2,False,4.89,True,3.0,161,41.88711,-87.6438,Chicago
3329088,140.0,4,Entire home/apt,2.0,2.0,2.0,undefined,32,False,4.91,True,1.0,348,41.88367,-87.70864,Chicago
3376665,87.0,2,Private room,1.0,0.0,1.0,undefined,2,False,4.84,False,2.0,275,41.90973,-87.69655,Chicago
3385966,808.0,4,Entire home/apt,2.0,2.0,2.0,undefined,32,False,4.8,False,1.0,362,41.93594,-87.66953,Chicago
3434136,75.0,1,Private room,1.0,1.0,1.0,undefined,32,False,4.88,False,3.0,344,41.94159,-87.65099,Chicago
3517984,113.0,2,Private room,1.0,1.0,1.0,undefined,1,False,4.96,True,1.0,55,41.79963,-87.59186,Chicago
3570616,98.0,2,Entire home/apt,1.0,2.0,1.0,undefined,32,False,4.75,True,4.0,142,41.93047,-87.7196,Chicago
3590692,49.0,1,Private room,1.0,1.0,1.0,undefined,20,False,4.78,True,3.0,64,41.99103,-87.66166,Chicago
3638744,92.0,2,Entire home/apt,1.0,1.0,1.0,undefined,14,False,4.74,False,5.0,341,41.95965,-87.72016,Chicago
3639045,59.0,2,Entire home/apt,1.0,2.0,1.0,undefined,32,False,4.5,False,2.0,229,41.99595,-87.67545,Chicago
3742513,23.0,1,Shared room,1.0,1.0,2.0,undefined,1,False,4.8,True,20.0,341,42.0168,-87.68771,Chicago
3783533,127.0,6,Entire home/apt,2.0,3.0,1.0,undefined,28,True,4.87,True,7.0,229,41.898048,-87.702972,Chicago
3792844,55.0,1,Private room,1.0,2.0,1.0,undefined,32,True,4.87,True,9.0,276,41.877,-87.63055,Chicago
3809530,258.0,3,Entire home/apt,1.0,1.0,1.0,undefined,32,False,4.98,False,5.0,365,41.90173,-87.67359,Chicago
3811926,38.0,2,Private room,1.0,1.0,1.0,undefined,1,True,4.83,True,2.0,320,41.78392,-87.72921,Chicago
3897045,121.0,2,Entire home/apt,1.0,1.0,1.0,undefined,32,False,4.61,False,4.0,23,41.89637,-87.62726,Chicago
3924599,131.0,1,Private room,1.0,1.0,1.0,undefined,5,True,4.88,False,7.0,265,41.8198,-87.61423,Chicago
3962072,149.0,6,Entire home/apt,2.0,2.0,1.0,undefined,3,False,4.81,True,1.0,339,41.88503,-87.68664,Chicago
3970529,235.0,4,Entire home/apt,1.0,1.0,1.0,undefined,33,False,4.95,False,1.0,49,41.91939,-87.6777,Chicago
3979320,101.0,2,Entire home/apt,1.0,1.0,1.0,undefined,3,False,4.95,True,2.0,282,41.95652,-87.64982,Chicago
3979385,132.0,4,Entire home/apt,2.0,2.0,1.0,undefined,3,False,4.91,True,2.0,313,41.95669,-87.64847,Chicago
4083903,150.0,4,Entire home/apt,2.0,2.0,1.0,undefined,32,False,5.0,False,1.0,89,41.80392,-87.6108,Chicago
4096995,54.0,2,Private room,1.0,3.0,1.0,undefined,32,False,4.61,True,8.0,66,41.96264,-87.67296,Chicago
4105283,42.0,1,Entire home/apt,1.0,1.0,1.0,undefined,75,False,4.96,False,2.0,90,41.99701,-87.66099,Chicago
4150121,120.0,2,Entire home/apt,1.0,1.0,1.0,undefined,2,True,4.73,True,4.0,221,41.94987,-87.64611,Chicago
4156913,223.0,4,Entire home/apt,2.0,2.0,2.0,undefined,2,False,4.98,True,3.0,134,41.96705,-87.65772,Chicago
4243309,115.0,2,Private room,1.0,1.0,1.0,undefined,1,False,4.97,False,2.0,9,41.94124,-87.64941,Chicago
4243905,250.0,4,Entire home/apt,2.0,2.0,2.0,undefined,32,False,4.94,False,3.0,365,41.9254,-87.69753,Chicago
4257285,60.0,1,Private room,2.0,1.0,1.0,undefined,3,False,4.97,True,2.0,179,41.99632,-87.66385,Chicago
4264117,62.0,2,Entire home/apt,1.0,2.0,1.0,undefined,1,False,4.76,False,1.0,108,41.96745,-87.68424,Chicago
4278818,128.0,1,Entire home/apt,1.0,2.0,1.0,undefined,5,True,4.7,False,7.0,265,41.81873,-87.61387,Chicago
4335812,115.0,1,Private room,1.0,1.0,1.5,undefined,5,False,4.85,False,7.0,264,41.81793,-87.61291,Chicago
4365466,22.0,1,Shared room,1.0,1.0,2.0,undefined,1,False,4.75,True,20.0,260,42.01653,-87.68788,Chicago
4370895,272.0,7,Entire home/apt,2.0,3.0,1.0,undefined,32,False,4.6,False,4.0,160,41.90487,-87.62747,Chicago
4394093,85.0,2,Private room,1.0,1.0,1.0,undefined,3,False,5.0,False,1.0,268,41.95518,-87.66999,Chicago
4417718,79.0,1,Private room,1.0,1.0,1.0,undefined,25,False,4.9,True,3.0,19,41.96114,-87.70514,Chicago
4457161,200.0,4,Entire home/apt,3.0,3.0,1.0,undefined,2,False,4.98,False,1.0,265,41.95931,-87.67795,Chicago
4592031,91.0,4,Private room,2.0,2.0,2.0,undefined,1,False,4.94,True,1.0,161,41.96574,-87.65747,Chicago
4632510,79.0,4,Entire home/apt,2.0,2.0,1.0,undefined,32,False,4.77,False,2.0,149,41.90376,-87.69556,Chicago
4662201,100.0,4,Private room,1.0,2.0,1.0,undefined,32,False,4.86,False,2.0,365,41.900188,-87.661751,Chicago
4730797,60.0,3,Private room,1.0,2.0,1.0,undefined,4,False,4.83,True,4.0,252,41.92125,-87.70158,Chicago
4731523,58.0,3,Private room,1.0,2.0,1.0,undefined,4,False,4.87,True,4.0,254,41.92286,-87.70154,Chicago
4803582,137.0,2,Entire home/apt,1.0,1.0,1.0,undefined,32,False,4.76,False,3.0,351,41.90596,-87.67569,Chicago
4840199,558.0,6,Entire home/apt,3.0,3.0,2.0,undefined,3,False,4.93,True,12.0,200,41.97095,-87.66798,Chicago
4852830,108.0,2,Private room,1.0,1.0,1.0,undefined,32,False,4.92,True,2.0,350,41.91233,-87.65146,Chicago
4872152,75.0,2,Private room,1.0,1.0,1.0,undefined,1,True,4.74,False,4.0,72,41.90637,-87.68954,Chicago
4923963,101.0,4,Entire home/apt,2.0,2.0,1.0,undefined,32,False,4.38,False,4.0,303,41.80944,-87.61664,Chicago
5014976,558.0,6,Entire home/apt,3.0,3.0,2.0,undefined,3,False,4.92,True,12.0,251,41.97,-87.66865,Chicago
5074013,220.0,4,Entire home/apt,2.0,2.0,1.0,undefined,2,False,4.98,True,2.0,157,41.89295,-87.62217,Chicago
5102125,75.0,2,Private room,1.0,1.0,1.5,undefined,1,False,4.89,True,6.0,149,41.89492,-87.65926,Chicago
5117490,123.0,2,Private room,1.0,1.0,1.0,undefined,28,False,4.92,True,2.0,62,41.89998,-87.69244,Chicago
5185790,5000.0,8,Entire home/apt,3.0,4.0,3.5,undefined,32,False,,False,1.0,89,41.8911,-87.66947,Chicago
5195252,48.0,2,Private room,1.0,1.0,1.0,undefined,32,False,4.89,True,2.0,1,41.90451,-87.67943,Chicago
5205377,68.0,2,Private room,1.0,1.0,1.0,undefined,32,False,4.91,True,2.0,113,41.90434,-87.67967,Chicago
5210927,112.0,2,Entire home/apt,1.0,1.0,1.0,undefined,2,True,4.9,True,7.0,323,41.89329,-87.68574,Chicago
5219364,157.0,4,Entire home/apt,2.0,2.0,1.5,undefined,2,False,,False,3.0,129,41.89446,-87.67382,Chicago
5231461,180.0,4,Entire home/apt,2.0,2.0,2.0,undefined,3,False,4.93,True,4.0,324,41.90168,-87.693,Chicago
5297152,78.0,1,Private room,1.0,1.0,1.0,undefined,50,True,4.91,True,4.0,166,41.79755783081055,-87.59791564941406,Chicago
5359984,289.0,8,Entire home/apt,3.0,6.0,2.5,undefined,3,False,4.86,True,2.0,123,41.89558,-87.66585,Chicago
5406217,155.0,2,Entire home/apt,1.0,1.0,2.0,undefined,2,False,4.98,True,1.0,341,41.92621,-87.70888,Chicago
5496659,28.0,1,Private room,1.0,1.0,1.0,undefined,32,False,4.44,False,9.0,360,41.76477,-87.57182,Chicago
5537682,226.0,7,Entire home/apt,2.0,3.0,2.0,undefined,2,False,4.88,True,2.0,278,41.92032,-87.66128,Chicago
5576191,36.0,4,Private room,1.0,1.0,1.0,undefined,1,False,4.77,False,9.0,348,41.76257,-87.57225,Chicago
5645139,140.0,2,Private room,1.0,1.0,1.0,undefined,3,False,4.96,True,1.0,336,41.97188,-87.65779,Chicago
5785758,46.0,1,Private room,1.0,1.0,1.0,undefined,1,False,4.91,False,17.0,82,41.85253,-87.69803,Chicago
5804791,55.0,1,Private room,1.0,1.0,1.0,undefined,25,False,4.84,False,17.0,85,41.8544,-87.69845,Chicago
5805991,57.0,1,Private room,1.0,1.0,1.0,undefined,15,False,4.89,False,17.0,34,41.85436,-87.69681,Chicago
5807478,104.0,4,Entire home/apt,2.0,2.0,1.0,undefined,4,False,4.96,False,17.0,62,41.85276,-87.69828,Chicago
5847065,110.0,2,Private room,1.0,2.0,1.0,undefined,1,False,4.57,False,2.0,83,41.91775,-87.65508,Chicago
5850897,133.0,8,Private room,3.0,3.0,2.5,undefined,2,False,4.97,False,1.0,357,41.81436,-87.61289,Chicago
5851115,62.0,10,Entire home/apt,3.0,3.0,1.0,undefined,32,False,4.85,True,1.0,331,41.87669,-87.72146,Chicago
5874798,120.0,2,Private room,1.0,1.0,1.0,undefined,2,True,4.91,True,1.0,328,41.93955,-87.65904,Chicago
5881188,163.0,4,Entire home/apt,2.0,2.0,1.0,undefined,2,False,,False,1.0,77,41.86847645799477,-87.6844092655454,Chicago
5996942,49.0,2,Entire home/apt,1.0,2.0,1.0,undefined,3,False,4.6,False,4.0,347,41.82983,-87.67544,Chicago
6039038,20.0,2,Shared room,1.0,1.0,2.0,undefined,1,False,4.73,True,20.0,82,42.01653,-87.68788,Chicago
6045978,205.0,8,Entire home/apt,3.0,3.0,2.0,undefined,2,False,4.91,True,38.0,358,41.9464582,-87.6871763,Chicago
6057908,136.0,5,Entire home/apt,2.0,2.0,1.0,undefined,2,False,4.83,,5.0,331,41.93886,-87.65391,Chicago
6065318,76.0,4,Private room,1.0,3.0,1.0,undefined,2,False,4.96,True,2.0,223,41.94815,-87.68459,Chicago
6086065,80.0,4,Entire home/apt,2.0,3.0,1.0,undefined,32,False,4.97,True,1.0,226,41.92428,-87.69222,Chicago
6103492,79.0,3,Entire home/apt,2.0,2.0,2.0,undefined,32,False,4.65,True,19.0,363,41.95993,-87.74773,Chicago
6133986,279.0,3,Entire home/apt,2.0,1.0,1.0,undefined,32,False,4.67,False,2.0,89,41.88796,-87.6445,Chicago
6153674,208.0,8,Entire home/apt,3.0,3.0,2.0,undefined,32,False,4.73,True,38.0,365,41.94078,-87.68115,Chicago
6363328,108.0,2,Entire home/apt,0.0,1.0,1.0,undefined,3,False,4.82,False,1.0,265,41.96857,-87.69577,Chicago
6365974,70.0,3,Entire home/apt,2.0,2.0,1.0,undefined,32,False,4.81,True,19.0,120,41.65064,-87.54074,Chicago
6374350,80.0,2,Private room,1.0,1.0,1.0,undefined,2,True,4.96,True,3.0,249,41.94812,-87.68333,Chicago
6374890,153.0,2,Entire home/apt,1.0,1.0,1.0,undefined,32,False,4.81,True,2.0,181,41.89972,-87.69722,Chicago
6378085,137.0,4,Entire home/apt,2.0,3.0,1.0,undefined,2,False,4.72,True,3.0,258,41.95185,-87.70459,Chicago
6386641,132.0,3,Entire home/apt,2.0,2.0,1.0,undefined,2,False,4.89,True,1.0,197,41.89225,-87.67496,Chicago
6423299,240.0,8,Entire home/apt,3.0,4.0,2.0,undefined,2,False,4.91,True,28.0,322,41.8948,-87.65661,Chicago
6447131,159.0,6,Entire home/apt,2.0,2.0,2.0,undefined,30,True,4.82,True,2.0,319,41.8972,-87.63442,Chicago
6472628,68.0,1,Private room,1.0,1.0,1.5,undefined,32,False,4.8,False,3.0,365,41.84998,-87.67714,Chicago
6480445,152.0,6,Entire home/apt,3.0,3.0,1.0,undefined,2,False,4.91,True,2.0,313,41.93395,-87.71078,Chicago
6504170,145.0,4,Entire home/apt,2.0,2.0,1.0,undefined,5,False,4.86,True,3.0,15,41.89867,-87.67012,Chicago
6515667,190.0,6,Entire home/apt,2.0,2.0,1.0,undefined,32,False,4.61,True,38.0,331,41.91268,-87.63895,Chicago
6528643,185.0,6,Entire home/apt,2.0,2.0,2.0,undefined,32,False,4.82,True,38.0,365,41.94342,-87.68121,Chicago
6528832,199.0,6,Entire home/apt,2.0,3.0,2.0,undefined,32,False,4.79,True,38.0,365,41.91285,-87.63864,Chicago
6528867,250.0,6,Entire home/apt,2.0,2.0,2.0,undefined,32,False,4.83,True,38.0,313,41.91285,-87.63864,Chicago
6528967,200.0,8,Entire home/apt,3.0,3.0,2.0,undefined,32,False,4.71,True,38.0,365,41.94078,-87.68115,Chicago
6553226,271.0,2,Entire home/apt,1.0,1.0,2.0,undefined,3,False,4.96,True,7.0,190,41.90223,-87.67265,Chicago
6576714,61.0,3,Private room,1.0,1.0,1.0,undefined,2,False,4.93,True,7.0,337,41.77555,-87.59546,Chicago
6588681,76.0,2,Entire home/apt,0.0,1.0,1.0,undefined,2,False,4.87,True,1.0,321,41.9305,-87.70307,Chicago
6612044,96.0,4,Entire home/apt,1.0,1.0,1.0,undefined,2,True,4.97,True,2.0,321,41.97104,-87.69654,Chicago
6634916,98.0,3,Private room,2.0,2.0,1.0,undefined,3,False,4.98,True,2.0,222,41.97186,-87.69521,Chicago
6654182,97.0,2,Entire home/apt,1.0,1.0,1.0,undefined,32,False,4.96,True,2.0,354,41.90409,-87.63316,Chicago
6673071,546.0,7,Entire home/apt,4.0,4.0,3.0,undefined,180,False,4.85,False,1.0,269,41.92909,-87.66318,Chicago
6686012,155.0,4,Entire home/apt,2.0,2.0,1.0,undefined,2,False,4.92,True,4.0,329,41.92445304589874,-87.70270598989589,Chicago
6713251,193.0,6,Entire home/apt,2.0,3.0,2.0,undefined,32,False,4.7,True,38.0,365,41.94099,-87.68047,Chicago
6716477,198.0,8,Entire home/apt,3.0,3.0,2.0,undefined,32,False,4.66,True,38.0,360,41.94072,-87.68115,Chicago
6716705,212.0,8,Entire home/apt,3.0,3.0,2.0,undefined,32,False,4.67,True,38.0,360,41.94072,-87.68115,Chicago
6736478,158.0,1,Private room,1.0,1.0,1.5,undefined,5,False,4.75,False,7.0,265,41.81754,-87.61305,Chicago
6750168,100.0,6,Entire home/apt,3.0,3.0,1.0,undefined,32,False,4.7,False,7.0,354,41.91306,-87.66797,Chicago
6757098,180.0,4,Entire home/apt,2.0,3.0,1.0,undefined,32,False,4.7,False,7.0,365,41.8933,-87.67641,Chicago
6768827,114.0,1,Private room,1.0,1.0,1.5,undefined,5,True,4.8,False,7.0,265,41.81844,-87.61503,Chicago
6780171,170.0,6,Entire home/apt,2.0,3.0,1.0,undefined,32,False,4.86,True,38.0,365,41.9435,-87.67674,Chicago
6782452,95.0,2,Private room,1.0,1.0,1.0,undefined,2,False,4.98,True,2.0,153,41.97654,-87.66111,Chicago
6790448,55.0,2,Private room,1.0,1.0,1.0,undefined,2,False,4.82,True,5.0,8,41.92902,-87.72025,Chicago
6793653,226.0,10,Entire home/apt,4.0,4.0,2.0,undefined,32,False,4.75,True,38.0,365,41.9435,-87.67674,Chicago
6853688,158.0,6,Entire home/apt,2.0,2.0,1.0,undefined,32,False,4.8,True,38.0,365,41.93723,-87.6828,Chicago
6853914,226.0,10,Entire home/apt,4.0,4.0,2.0,undefined,32,False,4.62,True,38.0,364,41.93723,-87.6828,Chicago
6854069,174.0,4,Entire home/apt,1.0,1.0,1.0,undefined,32,False,4.75,True,38.0,365,41.92751,-87.65011,Chicago
6863046,190.0,6,Entire home/apt,2.0,2.0,1.0,undefined,32,False,4.73,True,38.0,313,41.92751,-87.65011,Chicago
6863178,305.0,10,Entire home/apt,4.0,4.0,2.0,undefined,32,False,4.65,True,38.0,365,41.92751,-87.65011,Chicago
6897078,151.0,2,Entire home/apt,1.0,1.0,1.0,undefined,3,False,4.97,True,2.0,183,41.901756,-87.671387,Chicago
6945901,98.0,3,Entire home/apt,2.0,2.0,1.0,undefined,3,False,4.86,True,2.0,54,41.91785,-87.71819,Chicago
6957805,53.0,4,Private room,1.0,2.0,2.5,undefined,1,False,4.73,True,10.0,300,41.88302,-87.7096,Chicago
6967492,35.0,1,Private room,1.0,1.0,1.0,undefined,60,False,5.0,False,9.0,274,41.93465,-87.73009,Chicago
6990105,88.0,2,Entire home/apt,1.0,1.0,1.0,undefined,1,True,4.97,True,2.0,21,41.90089,-87.66546,Chicago
6993421,135.0,4,Entire home/apt,2.0,2.0,1.0,undefined,32,False,4.67,True,1.0,144,41.90358,-87.63414,Chicago
6994290,329.0,2,Entire home/apt,1.0,1.0,1.0,undefined,32,True,4.99,False,3.0,336,41.9182,-87.69768,Chicago
7025225,113.0,2,Private room,1.0,1.0,1.0,undefined,2,False,4.85,True,7.0,56,41.89834,-87.69155,Chicago
7176158,90.0,7,Entire home/apt,1.0,1.0,1.0,undefined,1,False,4.9,True,6.0,316,41.9236,-87.69717,Chicago
7274926,66.0,2,Private room,1.0,1.0,1.0,undefined,1,False,4.93,True,1.0,206,41.9268272137597,-87.70849260287889,Chicago
7360731,129.0,4,Private room,2.0,2.0,1.0,undefined,1,False,4.96,True,3.0,147,41.98803976766943,-87.70293607521315,Chicago
7370245,76.0,2,Entire home/apt,1.0,2.0,1.0,undefined,32,False,4.87,True,13.0,338,41.94664,-87.70783,Chicago
7389646,110.0,2,Private room,1.0,1.0,1.0,undefined,2,False,4.86,True,3.0,253,41.95675,-87.66715,Chicago
7421326,165.0,6,Entire home/apt,3.0,4.0,1.0,undefined,2,False,4.91,False,1.0,328,41.93066,-87.69724,Chicago
7509321,69.0,4,Entire home/apt,2.0,2.0,1.0,undefined,2,True,4.84,True,2.0,302,41.911473,-87.676601,Chicago
7564825,215.0,6,Entire home/apt,3.0,3.0,1.0,undefined,2,False,4.77,True,2.0,30,41.92484,-87.72377,Chicago
7572706,299.0,6,Entire home/apt,3.0,3.0,2.0,undefined,2,False,4.95,True,3.0,297,41.94351176522624,-87.66003209499836,Chicago
7573465,91.0,2,Private room,1.0,1.0,1.0,undefined,3,False,4.97,True,3.0,352,41.96564474689193,-87.75422438431359,Chicago
7575577,81.0,1,Private room,1.0,1.0,1.0,undefined,3,False,4.98,True,3.0,345,41.96512,-87.75233,Chicago
7582520,108.0,2,Entire home/apt,1.0,1.0,1.0,undefined,2,False,4.92,True,1.0,324,41.95931,-87.69237,Chicago
7602989,182.0,4,Entire home/apt,2.0,3.0,1.0,undefined,2,False,4.79,False,5.0,320,41.94019,-87.65235,Chicago
7617158,159.0,4,Entire home/apt,1.0,2.0,1.0,undefined,1,False,4.79,True,2.0,342,41.95873,-87.66981,Chicago
7646381,326.0,8,Entire home/apt,3.0,4.0,1.0,undefined,2,False,4.77,True,26.0,256,41.93934,-87.75622,Chicago
7678127,306.0,10,Entire home/apt,3.0,3.0,1.0,undefined,2,False,4.84,True,9.0,152,41.948759,-87.658692,Chicago
7692835,99.0,2,Entire home/apt,0.0,1.0,1.0,undefined,2,False,4.96,True,1.0,17,41.99439,-87.67069,Chicago
7713352,78.0,2,Private room,1.0,1.0,1.0,undefined,32,False,4.92,False,1.0,168,41.90518,-87.68902,Chicago
7718819,38.0,1,Private room,1.0,1.0,1.0,undefined,60,False,4.88,False,9.0,192,41.93423,-87.73024,Chicago
7760721,547.0,6,Entire home/apt,4.0,4.0,4.0,undefined,3,False,5.0,False,2.0,47,41.90941,-87.67287,Chicago
7772110,746.0,15,Entire home/apt,4.0,8.0,3.5,undefined,2,False,4.99,True,16.0,321,41.88763,-87.65002,Chicago
7783924,74.0,2,Private room,1.0,1.0,1.0,undefined,1,False,4.9,True,1.0,143,41.84767,-87.63434,Chicago
7810030,160.0,6,Entire home/apt,2.0,3.0,1.0,undefined,2,False,4.8,False,5.0,329,41.8978,-87.68158,Chicago
7825308,40.0,1,Shared room,1.0,2.0,1.0,undefined,35,False,4.8,False,3.0,364,41.9582,-87.73148,Chicago
7896539,137.0,2,Entire home/apt,0.0,2.0,1.0,undefined,2,False,4.95,False,1.0,270,41.743,-87.6935,Chicago
7906341,57.0,2,Shared room,2.0,2.0,1.0,undefined,3,False,5.0,False,4.0,365,42.00787656057239,-87.66999620427688,Chicago
7919400,131.0,4,Entire home/apt,1.0,3.0,1.0,undefined,1,False,4.76,True,6.0,118,41.94662,-87.65188,Chicago
7975015,236.0,4,Entire home/apt,2.0,2.0,1.0,undefined,3,False,4.94,True,1.0,52,41.97567,-87.66459,Chicago
7989457,77.0,2,Private room,1.0,1.0,1.0,undefined,1,False,4.82,True,2.0,253,41.90348,-87.69594,Chicago
8031382,114.0,12,Entire home/apt,1.0,5.0,1.0,undefined,2,False,4.77,False,2.0,266,41.82453,-87.61734,Chicago
8051756,108.0,3,Entire home/apt,1.0,1.0,1.0,undefined,32,False,4.9,True,3.0,317,41.89596,-87.62714,Chicago
8098937,35.0,1,Private room,0.0,1.0,0.0,undefined,2,False,4.81,True,3.0,43,41.76997,-87.617233,Chicago
8098969,39.0,2,Private room,1.0,2.0,1.5,undefined,5,False,4.67,True,3.0,39,41.769978,-87.617157,Chicago
8151461,77.0,4,Entire home/apt,1.0,3.0,1.0,undefined,3,False,4.92,True,2.0,116,41.86108,-87.70467,Chicago
8181598,77.0,2,Private room,1.0,1.0,1.0,undefined,1,False,4.9,True,2.0,251,41.90324,-87.69563,Chicago
8229081,413.0,6,Entire home/apt,3.0,4.0,2.5,undefined,3,False,4.93,True,2.0,17,41.94222,-87.65111,Chicago
8272970,95.0,2,Private room,1.0,1.0,1.0,undefined,1,False,4.7,True,5.0,348,41.90172,-87.64301,Chicago
8339990,102.0,2,Private room,1.0,1.0,2.5,undefined,2,False,4.94,True,3.0,248,41.95682,-87.66715,Chicago
8384692,126.0,2,Entire home/apt,1.0,1.0,1.0,undefined,32,False,4.8,True,1.0,331,41.89585,-87.6258,Chicago
8564722,102.0,2,Private room,1.0,2.0,2.5,undefined,2,False,4.95,True,3.0,183,41.95679,-87.66731,Chicago
8617633,314.0,8,Entire home/apt,4.0,4.0,3.5,undefined,2,False,4.94,True,1.0,334,41.89303,-87.64885,Chicago
8706915,140.0,6,Entire home/apt,2.0,2.0,1.0,undefined,2,False,4.99,True,1.0,180,41.87186,-87.66469,Chicago
8718913,170.0,5,Entire home/apt,2.0,2.0,1.5,undefined,2,False,4.99,True,1.0,315,41.9175925,-87.6750904,Chicago
8735904,86.0,2,Private room,1.0,1.0,1.0,undefined,1,False,4.9,True,1.0,337,41.89853,-87.66152,Chicago
8743145,79.0,3,Entire home/apt,1.0,2.0,1.0,undefined,32,True,4.75,False,5.0,276,41.894903,-87.666413,Chicago
8743754,300.0,4,Entire home/apt,3.0,3.0,1.0,undefined,32,False,4.98,False,1.0,179,41.944622,-87.661789,Chicago
8770382,91.0,2,Private room,1.0,1.0,1.0,undefined,2,False,4.97,True,2.0,102,41.9961,-87.69081,Chicago
8802052,165.0,2,Private room,1.0,1.0,2.0,undefined,1,False,4.92,True,1.0,351,41.89809,-87.68957,Chicago
8859482,285.0,6,Entire home/apt,2.0,4.0,2.5,undefined,150,False,4.47,False,5.0,358,41.90938,-87.64649,Chicago
8889577,69.0,2,Private room,1.0,1.0,1.5,undefined,32,False,4.88,False,2.0,326,41.93701,-87.64096,Chicago
8918966,93.0,4,Entire home/apt,1.0,3.0,1.0,undefined,32,False,4.84,False,1.0,265,41.98033,-87.7979,Chicago
8953380,139.0,2,Private room,1.0,1.0,1.0,undefined,2,False,4.97,True,1.0,327,41.94119,-87.64719,Chicago
8988738,44.0,3,Private room,1.0,2.0,1.0,undefined,32,False,4.8,False,2.0,0,41.80418,-87.7525,Chicago
9007351,72.0,2,Private room,1.0,1.0,1.0,undefined,2,False,4.91,True,3.0,92,41.85383,-87.67472,Chicago
9049864,1195.0,14,Entire home/apt,3.0,8.0,3.0,undefined,1,True,4.93,True,3.0,333,41.90883,-87.67533,Chicago
9059696,97.0,2,Entire home/apt,1.0,2.0,1.5,undefined,32,False,4.62,False,2.0,363,41.85814,-87.67103,Chicago
9078918,326.0,12,Entire home/apt,3.0,5.0,1.0,undefined,2,True,4.85,True,9.0,151,41.9487679,-87.658905,Chicago
9088488,166.0,8,Entire home/apt,3.0,6.0,1.0,undefined,3,False,4.95,True,1.0,217,41.91181,-87.78665,Chicago
9115645,116.0,4,Entire home/apt,2.0,2.0,1.0,undefined,2,False,4.81,False,1.0,122,41.91878,-87.70699,Chicago
9165281,345.0,6,Entire home/apt,2.0,3.0,2.0,undefined,4,False,4.96,True,1.0,214,41.93583,-87.64664,Chicago
9292734,299.0,6,Entire home/apt,2.0,2.0,2.0,undefined,32,False,,False,1.0,365,42.0058002,-87.6625366,Chicago
9319078,220.0,7,Entire home/apt,2.0,2.0,1.0,undefined,2,False,4.81,True,9.0,151,41.94883818323463,-87.65871316803376,Chicago
9406789,69.0,2,Private room,1.0,1.0,1.0,undefined,2,False,4.99,False,4.0,230,41.98464,-87.70584,Chicago
9452418,158.0,4,Entire home/apt,2.0,3.0,1.0,undefined,32,False,4.98,True,1.0,132,41.93706855101173,-87.70976680230369,Chicago
9487892,262.0,9,Entire home/apt,4.0,5.0,2.0,undefined,3,False,4.81,True,3.0,172,41.81545,-87.59936,Chicago
9587656,175.0,3,Entire home/apt,1.0,1.0,1.0,undefined,360,False,5.0,False,74.0,365,41.89758,-87.63341,Chicago
9588999,81.0,2,Private room,1.0,1.0,1.0,undefined,2,False,4.95,True,1.0,171,41.916729062535445,-87.68841058015823,Chicago
9590401,77.0,7,Entire home/apt,3.0,3.0,1.0,undefined,32,False,4.79,True,3.0,2,41.93881,-87.74037,Chicago
9637023,300.0,2,Entire home/apt,1.0,1.0,1.0,undefined,3,False,4.99,True,1.0,41,41.93868,-87.67115,Chicago
9645880,113.0,4,Entire home/apt,1.0,2.0,1.0,undefined,4,False,4.89,True,1.0,340,41.92264,-87.71328,Chicago
9679005,40.0,1,Private room,1.0,1.0,1.0,undefined,60,False,4.5,False,9.0,304,41.93277,-87.72975,Chicago
9690523,49.0,2,Private room,1.0,1.0,2.5,undefined,1,False,4.76,True,10.0,326,41.88302,-87.7096,Chicago
9708726,34.0,2,Private room,1.0,1.0,0.5,undefined,32,False,4.85,False,2.0,0,41.80418,-87.7525,Chicago
9825135,85.0,4,Entire home/apt,1.0,2.0,1.0,undefined,3,False,4.79,True,3.0,103,41.85876555334561,-87.69546302145706,Chicago
9995220,50.0,2,Private room,1.0,1.0,1.0,undefined,32,False,4.74,False,15.0,264,41.88134,-87.68796,Chicago
10014344,81.0,4,Entire home/apt,2.0,2.0,1.0,undefined,2,False,4.82,True,2.0,10,41.9476203918457,-87.70626068115234,Chicago
10034077,42.0,2,Private room,1.0,1.0,1.0,undefined,32,False,4.95,False,15.0,264,41.88097,-87.68732,Chicago
10070422,67.0,2,Private room,1.0,1.0,2.0,undefined,10,True,4.56,False,22.0,200,41.78414,-87.60687,Chicago
10071396,60.0,2,Private room,1.0,1.0,2.0,undefined,10,True,4.64,False,22.0,327,41.78171,-87.60619,Chicago
10072035,59.0,2,Private room,1.0,1.0,2.0,undefined,32,True,4.51,False,22.0,1,41.78191,-87.60677,Chicago
10100747,48.0,3,Private room,1.0,2.0,2.5,undefined,1,False,4.77,True,10.0,299,41.88302,-87.7096,Chicago
10100835,53.0,2,Private room,1.0,1.0,2.0,undefined,10,True,4.44,False,22.0,326,41.78229,-87.60564,Chicago
10101026,50.0,2,Private room,1.0,1.0,2.0,undefined,10,True,4.67,False,22.0,325,41.7822,-87.60769,Chicago
10131101,72.0,3,Entire home/apt,1.0,2.0,1.0,undefined,2,False,4.78,False,2.0,232,41.9604,-87.72221,Chicago
10227627,100.0,6,Entire home/apt,3.0,3.0,1.0,undefined,32,False,4.61,False,1.0,89,41.78227,-87.59816,Chicago
10254486,98.0,4,Entire home/apt,1.0,2.0,1.0,undefined,2,True,4.85,True,10.0,284,41.99659,-87.66363,Chicago
10280979,125.0,5,Entire home/apt,2.0,3.0,2.0,undefined,365,False,4.63,False,1.0,364,41.95553,-87.66835,Chicago
10392060,124.0,5,Entire home/apt,3.0,3.0,2.0,undefined,5,False,4.92,True,3.0,333,41.91135,-87.67794,Chicago
10411427,46.0,2,Private room,1.0,1.0,2.5,undefined,1,False,4.8,True,10.0,297,41.88302,-87.7096,Chicago
10518084,87.0,2,Private room,1.0,1.0,1.0,undefined,2,False,4.99,True,2.0,66,41.99592,-87.69348,Chicago
10547772,79.0,4,Entire home/apt,2.0,2.0,1.0,undefined,32,True,4.62,False,5.0,341,41.894903,-87.666413,Chicago
10548699,69.0,4,Entire home/apt,2.0,2.0,1.0,undefined,32,True,4.72,False,5.0,297,41.894903,-87.666413,Chicago
10649603,245.0,3,Entire home/apt,2.0,2.0,2.0,undefined,175,False,5.0,False,1.0,359,41.90629790422556,-87.64216482402807,Chicago
10863022,118.0,2,Private room,1.0,1.0,1.0,undefined,2,False,4.84,True,1.0,247,41.88682,-87.64427,Chicago
10879699,56.0,4,Entire home/apt,2.0,2.0,1.0,undefined,365,True,4.71,False,3.0,365,41.97654,-87.68986,Chicago
10980810,73.0,2,Entire home/apt,2.0,2.0,1.0,undefined,32,False,5.0,False,1.0,264,41.92884,-87.70855,Chicago
10997225,151.0,4,Private room,1.0,2.0,0.0,undefined,2,False,4.83,True,1.0,313,41.92715,-87.65059,Chicago
11146814,300.0,4,Entire home/apt,2.0,2.0,1.0,undefined,32,False,4.42,True,18.0,83,41.85563,-87.67217,Chicago
11205769,500.0,10,Entire home/apt,3.0,6.0,1.0,undefined,2,True,4.71,True,3.0,349,41.94702,-87.65285,Chicago
11207835,113.0,5,Entire home/apt,3.0,3.0,1.5,undefined,10,False,4.51,False,4.0,260,41.81716,-87.6071,Chicago
11240415,110.0,8,Entire home/apt,2.0,2.0,1.0,undefined,2,True,4.62,False,9.0,337,41.88714,-87.70876,Chicago
11276504,46.0,2,Private room,1.0,1.0,2.5,undefined,1,False,4.76,True,10.0,317,41.88302,-87.7096,Chicago
11316564,360.0,6,Entire home/apt,4.0,5.0,3.0,undefined,4,False,4.92,True,2.0,53,41.97594,-87.68439,Chicago
11456952,1500.0,8,Entire home/apt,4.0,4.0,3.5,undefined,32,False,4.92,False,1.0,24,41.83476,-87.61395,Chicago
11459685,105.0,3,Entire home/apt,1.0,1.0,1.0,undefined,2,False,4.96,True,1.0,98,41.94706,-87.71326,Chicago
11588346,77.0,2,Entire home/apt,1.0,1.0,1.0,undefined,2,False,4.94,True,1.0,222,41.91188878953584,-87.72442721239038,Chicago
11609854,54.0,2,Private room,1.0,1.0,1.0,undefined,32,False,4.82,False,15.0,352,41.88097,-87.68732,Chicago
11637237,120.0,4,Entire home/apt,2.0,2.0,1.0,undefined,2,False,4.82,True,4.0,234,41.85927963256836,-87.65789031982422,Chicago
11698006,74.0,2,Private room,1.0,1.0,1.0,undefined,2,False,4.94,True,1.0,273,41.83594,-87.63511,Chicago
11902507,162.0,5,Entire home/apt,3.0,3.0,1.0,undefined,3,False,4.87,True,1.0,190,41.95325469970703,-87.77973175048828,Chicago
11904373,181.0,12,Entire home/apt,3.0,4.0,2.0,undefined,2,False,4.77,False,293.0,356,41.89674,-87.66268,Chicago
11965767,167.0,2,Entire home/apt,1.0,1.0,1.0,undefined,5,False,4.95,True,4.0,305,41.91806,-87.64258,Chicago
11983838,196.0,8,Entire home/apt,3.0,3.0,2.0,undefined,32,True,4.82,True,38.0,365,41.94614,-87.68242,Chicago
12021281,95.0,2,Entire home/apt,1.0,1.0,1.0,undefined,2,True,4.94,True,1.0,319,41.95274912072266,-87.6644369831942,Chicago
12070222,213.0,5,Entire home/apt,2.0,2.0,2.0,undefined,1,False,4.86,True,1.0,47,41.910175367338894,-87.6940970451602,Chicago
12093618,132.0,4,Entire home/apt,2.0,2.0,1.0,undefined,1,True,4.74,False,3.0,348,41.94431,-87.67925,Chicago
12136030,555.0,4,Entire home/apt,2.0,2.0,2.0,undefined,32,False,,False,1.0,365,41.91215,-87.68663,Chicago
12153109,340.0,8,Entire home/apt,4.0,5.0,3.5,undefined,5,False,4.88,True,4.0,61,41.796158,-87.597801,Chicago
12159371,63.0,2,Private room,1.0,2.0,2.0,undefined,32,False,4.44,False,8.0,270,41.84928,-87.63321,Chicago
12268349,54.0,2,Private room,1.0,1.0,1.0,undefined,32,False,4.8,False,15.0,328,41.88097,-87.68732,Chicago
12268908,54.0,2,Private room,1.0,1.0,1.5,undefined,32,False,4.93,False,15.0,295,41.88097,-87.68732,Chicago
12330769,315.0,8,Entire home/apt,4.0,5.0,3.0,undefined,3,False,4.69,True,1.0,35,41.95726,-87.7161,Chicago
12507128,119.0,4,Entire home/apt,2.0,2.0,1.0,undefined,2,False,4.89,False,1.0,324,41.9907,-87.66695,Chicago
12536277,138.0,4,Private room,1.0,2.0,1.0,undefined,2,False,4.95,True,1.0,326,41.98544692993164,-87.66254425048828,Chicago
12581064,361.0,3,Entire home/apt,2.0,2.0,1.0,undefined,2,False,4.97,True,2.0,346,41.96555,-87.68124,Chicago
12588033,260.0,8,Entire home/apt,4.0,4.0,1.5,undefined,2,False,4.75,False,4.0,165,41.95056,-87.72431,Chicago
12623279,185.0,2,Entire home/apt,1.0,1.0,1.0,undefined,2,False,4.93,True,6.0,37,41.90657,-87.67043,Chicago
12684163,248.0,5,Entire home/apt,2.0,2.0,2.0,undefined,32,False,4.87,True,17.0,364,41.86467,-87.6243,Chicago
12714714,97.0,2,Entire home/apt,1.0,1.0,1.0,undefined,2,False,4.8,True,2.0,291,41.79805,-87.60244,Chicago
12759999,157.0,2,Entire home/apt,1.0,1.0,1.0,undefined,3,False,4.96,True,3.0,166,41.94538,-87.66959,Chicago
12869290,177.0,2,Entire home/apt,1.0,2.0,1.0,undefined,5,False,4.89,False,1.0,34,41.97404,-87.65962,Chicago
12871814,76.0,4,Entire home/apt,2.0,4.0,1.0,undefined,28,False,4.93,True,6.0,123,41.91215,-87.64146,Chicago
12874125,70.0,2,Private room,1.0,1.0,2.0,undefined,32,False,4.53,False,8.0,261,41.84977,-87.63321,Chicago
12932496,96.0,2,Entire home/apt,1.0,1.0,1.0,undefined,1,False,4.83,True,8.0,308,41.90184,-87.63207,Chicago
12950970,78.0,2,Private room,1.0,1.0,1.5,undefined,1,False,4.89,True,6.0,146,41.89491,-87.66053,Chicago
12956671,357.0,8,Entire home/apt,3.0,4.0,3.0,undefined,2,False,5.0,False,2.0,85,41.93102263430149,-87.64433800126022,Chicago
13014320,50.0,2,Private room,1.0,1.0,1.0,undefined,1,False,4.81,True,10.0,164,41.99931,-87.67077,Chicago
13080765,365.0,5,Entire home/apt,2.0,3.0,1.0,undefined,32,False,4.71,True,26.0,363,41.93859,-87.75689,Chicago
13128883,27.0,2,Private room,1.0,1.0,1.0,undefined,200,False,4.81,False,1.0,363,41.84898,-87.67959,Chicago
13137589,82.0,2,Entire home/apt,1.0,1.0,1.0,undefined,32,False,4.69,True,4.0,95,41.93094,-87.72219,Chicago
13148936,248.0,3,Entire home/apt,1.0,2.0,1.0,undefined,3,True,4.73,False,1.0,306,41.92114,-87.63986,Chicago
13149571,107.0,2,Entire home/apt,1.0,1.0,1.0,undefined,5,False,4.95,True,1.0,331,41.8955,-87.69046,Chicago
13207526,270.0,6,Entire home/apt,3.0,3.0,1.0,undefined,3,False,4.95,True,3.0,342,41.94456,-87.65678,Chicago
13295757,170.0,2,Entire home/apt,1.0,1.0,2.0,undefined,7,False,4.96,False,1.0,140,41.88714,-87.64393,Chicago
13311675,478.0,12,Entire home/apt,4.0,4.0,2.0,undefined,2,True,4.92,,29.0,221,41.924205566589976,-87.70123229028184,Chicago
13343525,115.0,4,Entire home/apt,1.0,0.0,1.0,undefined,2,False,4.86,False,2.0,311,41.84691,-87.61953,Chicago
13373997,134.0,4,Entire home/apt,1.0,2.0,1.0,undefined,2,False,4.9,True,1.0,203,41.9462,-87.67828,Chicago
13390160,338.0,6,Entire home/apt,2.0,2.0,2.0,undefined,2,False,4.88,True,2.0,339,41.89591,-87.63555,Chicago
13414718,168.0,4,Entire home/apt,1.0,1.0,1.0,undefined,2,False,4.97,True,3.0,22,41.92168,-87.71191,Chicago
13416789,142.0,4,Entire home/apt,2.0,2.0,1.0,undefined,2,False,4.76,True,1.0,47,41.93896,-87.66504,Chicago
13453259,115.0,2,Entire home/apt,1.0,1.0,1.0,undefined,2,False,4.75,,2.0,316,41.90475,-87.69237,Chicago
13478467,199.0,16,Entire home/apt,3.0,9.0,2.5,undefined,2,False,4.87,True,2.0,337,41.90522384643555,-87.68099975585938,Chicago
13493868,431.0,11,Entire home/apt,5.0,6.0,2.0,undefined,3,False,4.97,,2.0,76,41.93144,-87.70632,Chicago
13509392,476.0,12,Entire home/apt,4.0,4.0,2.0,undefined,2,True,4.97,,29.0,222,41.92427050702069,-87.70022652948042,Chicago
13522012,116.0,4,Private room,1.0,2.0,2.5,undefined,1,False,4.78,True,10.0,307,41.88302,-87.7096,Chicago
13531342,58.0,2,Private room,1.0,1.0,1.5,undefined,32,True,4.74,False,10.0,230,41.76769,-87.63009,Chicago
13635380,43.0,2,Private room,1.0,1.0,2.5,undefined,1,False,4.84,True,10.0,315,41.88302,-87.7096,Chicago
13648548,74.0,2,Private room,1.0,1.0,1.0,undefined,32,False,4.81,False,12.0,0,41.918329,-87.688513,Chicago
13648600,64.0,2,Private room,1.0,1.0,1.0,undefined,32,False,4.86,False,12.0,0,41.9185,-87.68845,Chicago
13648645,88.0,4,Private room,1.0,2.0,1.0,undefined,32,False,4.83,False,12.0,0,41.91836,-87.68852,Chicago
13656154,92.0,4,Entire home/apt,1.0,2.0,1.0,undefined,2,False,4.79,True,7.0,354,41.92754898282955,-87.66752290917015,Chicago
13656318,45.0,4,Private room,1.0,2.0,2.5,undefined,1,False,4.82,True,10.0,257,41.88302,-87.7096,Chicago
13713501,71.0,2,Private room,1.0,1.0,1.0,undefined,1,False,4.99,True,1.0,289,41.89385,-87.68128,Chicago
13743298,95.0,2,Entire home/apt,0.0,2.0,1.0,undefined,2,False,4.58,False,1.0,35,41.91798,-87.67207,Chicago
13746300,258.0,2,Entire home/apt,1.0,1.0,1.0,undefined,32,False,4.46,False,12.0,340,41.95677,-87.68976,Chicago
13768369,232.0,2,Entire home/apt,0.0,2.0,1.0,undefined,2,False,4.58,False,12.0,337,41.95701,-87.69,Chicago
13824783,52.0,6,Private room,1.0,1.0,1.0,undefined,3,False,4.96,True,1.0,111,41.97765,-87.68416,Chicago
13884932,1443.0,16,Entire home/apt,6.0,9.0,4.5,undefined,2,False,4.96,False,2.0,348,41.93717,-87.66876,Chicago
13915441,713.0,3,Entire home/apt,1.0,2.0,1.0,undefined,3,False,5.0,True,1.0,230,41.97993211383089,-87.78932334571495,Chicago
13928644,266.0,6,Entire home/apt,4.0,4.0,1.5,undefined,2,False,4.98,True,1.0,30,41.91086622403986,-87.71970132093966,Chicago
13953306,100.0,2,Entire home/apt,1.0,1.0,1.0,undefined,3,False,4.93,True,2.0,244,41.97128,-87.69454,Chicago
13972956,135.0,3,Entire home/apt,2.0,2.0,1.5,undefined,32,False,4.8,True,2.0,170,41.90899,-87.63969,Chicago
14016520,95.0,4,Private room,1.0,1.0,1.0,undefined,2,False,4.86,False,9.0,247,41.89763,-87.66259,Chicago
14058443,80.0,5,Entire home/apt,2.0,2.0,1.0,undefined,32,False,4.87,True,4.0,359,41.92367,-87.73988,Chicago
14081954,110.0,4,Entire home/apt,2.0,2.0,1.0,undefined,2,False,4.91,True,3.0,57,41.8531,-87.69569,Chicago
14084505,65.0,1,Private room,1.0,1.0,1.0,undefined,32,False,,False,1.0,87,41.89685,-87.67424,Chicago
14085322,80.0,2,Entire home/apt,1.0,1.0,1.0,undefined,2,False,4.79,True,1.0,51,41.85888,-87.67787,Chicago
14089727,57.0,2,Shared room,1.0,1.0,1.0,undefined,1,True,4.84,True,6.0,284,41.94488,-87.65022,Chicago
14092623,231.0,6,Entire home/apt,3.0,4.0,1.5,undefined,2,False,5.0,False,4.0,358,41.77859,-87.60467,Chicago
14115665,58.0,2,Private room,1.0,1.0,1.5,undefined,32,True,4.69,False,10.0,230,41.76769,-87.63009,Chicago
14115706,40.0,2,Private room,1.0,1.0,1.5,undefined,32,True,4.81,False,10.0,203,41.76649,-87.63117,Chicago
14115711,55.0,2,Private room,2.0,1.0,1.5,undefined,32,True,4.59,False,10.0,237,41.76769,-87.63009,Chicago
14141704,54.0,1,Private room,1.0,1.0,1.0,undefined,20,False,4.86,True,3.0,325,41.98945,-87.66237,Chicago
14141861,46.0,1,Private room,1.0,1.0,1.0,undefined,20,False,4.94,True,3.0,13,41.98987,-87.6623,Chicago
14144295,137.0,4,Entire home/apt,1.0,2.0,1.0,undefined,2,False,4.85,True,5.0,301,41.89263,-87.65828,Chicago
14166242,104.0,4,Entire home/apt,2.0,2.0,1.0,undefined,1,False,4.84,True,6.0,340,41.91563,-87.71099,Chicago
14197548,129.0,2,Entire home/apt,1.0,1.0,1.0,undefined,2,False,4.8,True,2.0,133,41.94593,-87.65053,Chicago
14238448,122.0,4,Entire home/apt,2.0,2.0,1.0,undefined,2,False,4.76,True,1.0,136,41.91642,-87.70351,Chicago
14296844,449.0,15,Entire home/apt,4.0,4.0,2.5,undefined,32,False,4.96,True,2.0,360,41.91163,-87.64001,Chicago
14298102,65.0,2,Private room,1.0,1.0,1.0,undefined,32,False,4.97,False,15.0,272,41.88097,-87.68732,Chicago
14349670,50.0,2,Private room,1.0,1.0,1.0,undefined,1,False,4.81,True,10.0,164,41.99704593840833,-87.66992269454128,Chicago
14357876,119.0,3,Entire home/apt,1.0,1.0,1.0,undefined,32,False,4.94,True,3.0,202,41.8943,-87.62693,Chicago
14382622,73.0,4,Entire home/apt,2.0,2.0,1.0,undefined,32,False,5.0,False,2.0,333,41.77588,-87.59388,Chicago
14429433,68.0,4,Entire home/apt,0.0,2.0,1.0,undefined,7,False,4.82,False,1.0,230,41.88868,-87.71235,Chicago
14431243,157.0,1,Private room,1.0,1.0,1.0,undefined,3,False,4.91,True,17.0,156,41.9442138671875,-87.65602111816406,Chicago
14437950,56.0,2,Private room,1.0,1.0,1.0,undefined,32,False,4.88,False,1.0,78,41.82152,-87.60196,Chicago
14449619,76.0,2,Private room,1.0,1.0,1.0,undefined,2,False,4.93,True,1.0,213,41.89653,-87.66787,Chicago
14531526,330.0,8,Entire home/apt,3.0,5.0,2.0,undefined,2,False,4.89,True,1.0,252,41.89286,-87.68706,Chicago
14539561,137.0,3,Entire home/apt,1.0,1.0,1.0,undefined,1,False,4.9,True,2.0,163,41.94461,-87.68513,Chicago
14556304,89.0,2,Private room,1.0,1.0,1.0,undefined,3,True,4.96,True,3.0,241,41.9888,-87.67054,Chicago
14588581,92.0,4,Entire home/apt,2.0,2.0,1.0,undefined,32,False,4.98,True,1.0,158,41.94296,-87.68487,Chicago
14611960,231.0,8,Entire home/apt,3.0,6.0,2.0,undefined,4,False,4.9,True,4.0,24,41.92055,-87.67794,Chicago
14692738,60.0,1,Private room,1.0,1.0,1.0,undefined,32,False,4.97,False,1.0,325,42.00848,-87.66326,Chicago
14741430,218.0,2,Entire home/apt,1.0,1.0,1.0,undefined,2,False,4.98,True,,298,41.87637,-87.66583,Chicago
14774756,274.0,3,Entire home/apt,1.0,1.0,1.0,undefined,2,False,4.97,True,2.0,351,41.89822,-87.68037,Chicago
14859319,196.0,5,Entire home/apt,2.0,2.0,2.0,undefined,3,False,4.83,False,1.0,244,41.90002,-87.66215,Chicago
14871197,321.0,6,Entire home/apt,3.0,3.0,2.0,undefined,3,False,5.0,False,2.0,64,41.93506,-87.65008,Chicago
14883494,178.0,4,Entire home/apt,2.0,2.0,2.0,undefined,32,False,4.81,True,4.0,250,41.91959,-87.69579,Chicago
15011149,450.0,8,Entire home/apt,4.0,4.0,3.5,undefined,3,False,4.92,False,1.0,41,41.93619,-87.7059,Chicago
15024671,165.0,5,Entire home/apt,3.0,3.0,1.0,undefined,4,False,4.84,True,4.0,347,41.92214,-87.68344,Chicago
15053294,266.0,6,Entire home/apt,3.0,3.0,1.5,undefined,2,False,4.99,True,1.0,293,42.01319,-87.67125,Chicago
15094729,40.0,2,Private room,1.0,1.0,1.0,undefined,3,False,4.78,True,8.0,6,41.98294,-87.8196,Chicago
15114450,154.0,3,Entire home/apt,1.0,2.0,1.0,undefined,3,True,4.98,False,1.0,300,41.9438,-87.65205,Chicago
15115673,74.0,1,Private room,1.0,1.0,1.0,undefined,2,False,4.98,True,1.0,45,41.94846,-87.65892,Chicago
15116890,78.0,2,Entire home/apt,1.0,2.0,1.0,undefined,32,False,4.82,True,1.0,128,41.92925,-87.71908,Chicago
15130764,143.0,7,Entire home/apt,3.0,5.0,1.0,undefined,1,False,4.48,False,1.0,355,41.67053,-87.64963,Chicago
15132653,236.0,5,Entire home/apt,2.0,3.0,1.0,undefined,2,False,4.98,True,2.0,315,41.94583,-87.66586,Chicago
15149053,102.0,2,Private room,1.0,1.0,1.0,undefined,2,True,4.97,True,2.0,49,41.8946,-87.66063,Chicago
15166761,383.0,3,Entire home/apt,3.0,3.0,1.0,undefined,32,False,4.85,False,1.0,179,41.95003,-87.66435,Chicago
15216226,1200.0,10,Entire home/apt,5.0,5.0,3.5,undefined,32,False,,False,2.0,158,41.94592,-87.68414,Chicago
15216905,80.0,1,Entire home/apt,1.0,1.0,1.0,undefined,10,False,4.91,True,2.0,341,41.96727,-87.69862,Chicago
15217088,611.0,6,Entire home/apt,3.0,4.0,2.5,undefined,32,False,4.93,True,6.0,230,41.89361,-87.66046,Chicago
15230450,350.0,4,Entire home/apt,2.0,2.0,1.0,undefined,2,False,4.84,True,1.0,156,41.95346,-87.65727,Chicago
15256715,83.0,7,Entire home/apt,3.0,4.0,2.0,undefined,2,True,4.88,True,1.0,346,41.999504,-87.661541,Chicago
15328919,168.0,6,Entire home/apt,2.0,2.0,1.0,undefined,32,False,4.93,False,1.0,78,41.93705,-87.72359,Chicago
15342084,198.0,4,Entire home/apt,1.0,2.0,1.0,undefined,2,False,4.92,True,2.0,237,41.89548,-87.67697,Chicago
15355696,206.0,6,Entire home/apt,3.0,4.0,2.0,undefined,2,True,4.86,False,2.0,115,41.91967,-87.69185,Chicago
15360554,140.0,6,Entire home/apt,3.0,4.0,2.0,undefined,3,True,4.84,True,1.0,327,41.92171,-87.66472,Chicago
15379201,85.0,3,Private room,1.0,2.0,1.5,undefined,1,False,4.86,True,2.0,172,41.93775,-87.77815,Chicago
15406710,62.0,2,Entire home/apt,2.0,2.0,1.0,undefined,32,False,4.84,False,4.0,296,41.9899,-87.69327,Chicago
15420226,392.0,7,Entire home/apt,3.0,4.0,1.0,undefined,32,False,4.9,True,26.0,267,41.93863,-87.75513,Chicago
15484924,52.0,4,Private room,1.0,2.0,1.0,undefined,2,False,4.68,False,1.0,83,41.80359,-87.72147,Chicago
15496152,127.0,3,Entire home/apt,0.0,2.0,1.0,undefined,2,False,4.96,True,2.0,151,41.90085,-87.66334,Chicago
15500042,86.0,2,Entire home/apt,1.0,2.0,1.0,undefined,2,False,4.89,True,1.0,227,41.95675,-87.75263,Chicago
15549085,120.0,3,Entire home/apt,1.0,3.0,1.0,undefined,2,True,4.85,True,1.0,306,41.95236,-87.65277,Chicago
15578702,119.0,2,Entire home/apt,2.0,2.0,1.0,undefined,60,False,5.0,True,5.0,208,41.92801,-87.71453,Chicago
15597127,133.0,4,Private room,1.0,3.0,2.0,undefined,32,False,4.71,False,8.0,269,41.84746,-87.63295,Chicago
15599810,75.0,7,Entire home/apt,2.0,5.0,2.0,undefined,2,True,4.8,False,1.0,309,41.950268,-87.653448,Chicago
15643384,83.0,2,Entire home/apt,1.0,1.0,1.5,undefined,90,False,5.0,True,2.0,164,41.95233,-87.65152,Chicago
15658650,147.0,1,Private room,1.0,1.0,1.0,undefined,2,False,4.95,True,17.0,60,41.94488,-87.65434,Chicago
15659073,83.0,2,Entire home/apt,1.0,1.0,1.0,undefined,2,True,4.96,True,1.0,170,41.97934,-87.67127,Chicago
15669026,99.0,2,Private room,1.0,1.0,1.0,undefined,3,False,4.98,True,3.0,227,41.98911,-87.6726,Chicago
15678106,248.0,11,Entire home/apt,3.0,3.0,2.0,undefined,32,False,4.69,False,32.0,273,41.94568,-87.66095,Chicago
15694333,160.0,4,Entire home/apt,2.0,2.0,1.0,undefined,2,False,4.84,True,2.0,241,41.89885,-87.67681,Chicago
15701920,135.0,4,Entire home/apt,2.0,2.0,1.0,undefined,1,False,4.74,True,3.0,337,41.92616340000001,-87.69771759999999,Chicago
15744964,80.0,2,Private room,1.0,2.0,2.0,undefined,32,False,4.62,False,8.0,269,41.84974,-87.63156,Chicago
15758556,109.0,2,Entire home/apt,1.0,1.0,1.0,undefined,60,False,4.76,False,1.0,169,41.89559,-87.62578,Chicago
15771536,469.0,6,Entire home/apt,3.0,4.0,1.0,undefined,2,False,4.83,False,1.0,91,41.94658,-87.66018,Chicago
15804772,91.0,7,Private room,1.0,2.0,1.0,undefined,1,False,4.82,True,1.0,359,41.98387,-87.7129,Chicago
15853679,76.0,2,Private room,1.0,2.0,1.0,undefined,1,True,4.98,False,1.0,201,41.93394,-87.66252,Chicago
15871357,34.0,2,Private room,1.0,1.0,1.0,undefined,4,False,4.77,True,8.0,113,41.98367,-87.82077,Chicago
15904833,103.0,2,Private room,1.0,1.0,1.0,undefined,2,False,4.78,False,9.0,259,41.89591,-87.6626,Chicago
15911102,123.0,5,Entire home/apt,1.0,2.0,1.0,undefined,3,False,4.77,True,13.0,51,41.9089,-87.68775,Chicago
15954582,135.0,2,Entire home/apt,0.0,1.0,1.0,undefined,2,False,4.92,True,1.0,226,41.9741,-87.6631,Chicago
15983050,75.0,5,Entire home/apt,2.0,2.0,1.0,undefined,2,True,4.92,True,1.0,1,41.94799,-87.67612,Chicago
16001987,136.0,6,Entire home/apt,3.0,3.0,2.0,undefined,2,False,5.0,True,2.0,315,42.00214,-87.66412,Chicago
16012260,135.0,4,Entire home/apt,2.0,2.0,2.0,undefined,3,False,4.79,False,1.0,220,41.91496,-87.70588,Chicago
16026075,114.0,5,Entire home/apt,2.0,3.0,1.0,undefined,2,False,4.95,True,1.0,211,41.96954,-87.77017,Chicago
16039792,419.0,8,Entire home/apt,4.0,6.0,2.5,undefined,2,False,4.89,True,1.0,167,41.82412,-87.60415,Chicago
16040153,97.0,2,Entire home/apt,1.0,1.0,1.0,undefined,32,True,4.75,False,2.0,295,41.91099,-87.70371,Chicago
16052779,47.0,2,Private room,1.0,1.0,1.0,undefined,2,False,4.72,False,3.0,361,41.97837,-87.71576,Chicago
16070011,79.0,2,Entire home/apt,1.0,1.0,1.0,undefined,5,False,4.72,False,3.0,296,41.92197,-87.69221,Chicago
16229723,130.0,6,Entire home/apt,3.0,5.0,1.0,undefined,3,True,4.93,False,3.0,234,41.98593,-87.66764,Chicago
16246568,127.0,2,Private room,1.0,1.0,1.0,undefined,2,True,4.8,True,5.0,342,41.90081,-87.6326,Chicago
16346266,132.0,8,Entire home/apt,3.0,3.0,2.0,undefined,4,False,4.67,True,4.0,256,41.9916,-87.69375,Chicago
16353883,178.0,6,Entire home/apt,2.0,2.0,1.0,undefined,4,True,4.78,True,2.0,295,41.95042,-87.73472,Chicago
16365205,45.0,1,Private room,1.0,1.0,1.0,undefined,2,True,4.57,False,4.0,350,41.85725,-87.69515,Chicago
16453692,920.0,15,Entire home/apt,5.0,8.0,4.0,undefined,2,True,4.91,True,7.0,287,41.9037,-87.63364,Chicago
16488400,350.0,4,Entire home/apt,1.0,1.0,2.0,undefined,32,False,,False,6.0,88,41.87131,-87.6253,Chicago
16599263,138.0,5,Entire home/apt,2.0,2.0,1.0,undefined,2,False,4.55,False,2.0,161,41.818313297378616,-87.6178510992825,Chicago
16630783,47.0,1,Private room,2.0,1.0,1.0,undefined,32,False,4.89,True,1.0,180,41.97303,-87.77702,Chicago
16662423,622.0,16,Entire home/apt,7.0,16.0,5.0,undefined,3,True,4.76,False,2.0,345,41.88728,-87.75794,Chicago
16687380,110.0,2,Private room,1.0,1.0,1.0,undefined,2,False,4.96,True,2.0,298,41.97092,-87.64987,Chicago
16749331,58.0,2,Private room,1.0,1.0,1.0,undefined,3,False,4.95,True,2.0,149,41.96587,-87.68948,Chicago
16757056,115.0,5,Entire home/apt,2.0,3.0,1.0,undefined,1,False,4.79,True,1.0,141,41.84656,-87.68345,Chicago
16781530,41.0,1,Private room,1.0,1.0,1.0,undefined,2,True,4.46,False,4.0,265,41.8584,-87.69293,Chicago
16823279,172.0,6,Entire home/apt,2.0,3.0,1.0,undefined,2,False,4.99,True,2.0,203,41.95849,-87.71737,Chicago
16917705,157.0,6,Entire home/apt,2.0,3.0,2.0,undefined,3,False,4.83,False,1.0,82,41.89635747482123,-87.75273054973492,Chicago
17098971,102.0,1,Private room,1.0,1.0,1.0,undefined,32,False,5.0,False,2.0,88,41.79367,-87.58153,Chicago
17170225,108.0,4,Entire home/apt,1.0,2.0,1.0,undefined,2,False,4.93,True,1.0,157,41.96811,-87.75812,Chicago
17191860,176.0,6,Entire home/apt,2.0,2.0,1.0,undefined,1,False,4.88,True,8.0,59,41.8936,-87.66118,Chicago
17207282,151.0,6,Entire home/apt,3.0,3.0,1.0,undefined,32,False,4.87,False,1.0,77,41.8857,-87.67272,Chicago
17221782,245.0,6,Entire home/apt,2.0,3.0,2.0,undefined,32,False,5.0,True,105.0,179,41.88619,-87.62075,Chicago
17254241,80.0,3,Entire home/apt,2.0,2.0,1.0,undefined,32,True,,False,1.0,188,41.91711,-87.67887,Chicago
17329552,100.0,5,Entire home/apt,2.0,2.0,2.0,undefined,3,False,4.96,False,2.0,172,41.98915,-87.66193,Chicago
17382991,700.0,12,Entire home/apt,5.0,6.0,3.5,undefined,2,False,4.86,True,2.0,87,41.82173,-87.60428,Chicago
17383973,90.0,2,Entire home/apt,1.0,1.0,1.0,undefined,32,False,4.84,True,5.0,317,41.94224,-87.72879,Chicago
17399529,223.0,6,Entire home/apt,2.0,3.0,2.0,undefined,32,False,4.89,True,149.0,179,41.88524,-87.61911,Chicago
17424708,178.0,6,Entire home/apt,3.0,3.0,1.0,undefined,1,False,4.86,True,13.0,334,41.93563,-87.69241,Chicago
17438902,97.0,2,Entire home/apt,1.0,1.0,1.0,undefined,1,False,4.81,True,8.0,238,41.89958,-87.63047,Chicago
17464924,95.0,2,Entire home/apt,1.0,2.0,1.0,undefined,32,False,4.92,True,3.0,257,41.85008,-87.68165,Chicago
17465173,443.0,6,Entire home/apt,3.0,3.0,2.0,undefined,2,False,4.98,True,1.0,231,41.92107,-87.64071,Chicago
17514102,504.0,12,Entire home/apt,5.0,6.0,2.0,undefined,32,False,4.43,False,14.0,265,41.81766,-87.69182,Chicago
17600522,210.0,4,Entire home/apt,2.0,3.0,1.0,undefined,1,False,4.96,True,4.0,256,41.96533,-87.68213,Chicago
17626341,118.0,4,Entire home/apt,2.0,2.0,1.0,undefined,2,False,4.95,True,2.0,86,41.90739,-87.66842,Chicago
17638039,443.0,10,Entire home/apt,4.0,8.0,2.0,undefined,2,False,4.96,True,3.0,134,41.96626,-87.6709,Chicago
17795412,141.0,4,Entire home/apt,1.0,3.0,1.0,undefined,2,False,4.85,False,5.0,327,41.93975,-87.64756,Chicago
17824940,137.0,4,Entire home/apt,2.0,4.0,1.0,undefined,3,True,4.88,True,1.0,329,41.89817,-87.690102,Chicago
17831075,225.0,6,Entire home/apt,3.0,4.0,2.0,undefined,32,False,4.96,True,1.0,201,41.96418,-87.66106,Chicago
17832768,339.0,7,Entire home/apt,3.0,4.0,2.0,undefined,2,False,4.93,True,5.0,266,41.93522,-87.73761,Chicago
17890798,156.0,4,Entire home/apt,3.0,3.0,1.0,undefined,4,True,4.97,True,1.0,176,41.97568,-87.67192,Chicago
17920957,89.0,3,Entire home/apt,0.0,1.0,1.0,undefined,2,False,4.88,True,28.0,157,41.91342,-87.68689,Chicago
17923236,86.0,2,Entire home/apt,1.0,1.0,1.0,undefined,2,True,4.77,True,1.0,231,41.93025,-87.70315,Chicago
17956375,159.0,6,Entire home/apt,2.0,2.0,2.0,undefined,3,False,4.54,True,6.0,232,42.01555,-87.68293,Chicago
18040546,103.0,3,Entire home/apt,0.0,1.0,1.0,undefined,5,False,4.85,True,3.0,17,41.90103,-87.69567,Chicago
18060003,154.0,3,Entire home/apt,1.0,2.0,1.0,undefined,3,False,4.81,True,7.0,14,41.89862,-87.69185,Chicago
18061472,71.0,6,Entire home/apt,2.0,2.0,1.0,undefined,2,False,4.63,True,2.0,74,41.97292,-87.70601,Chicago
18077204,179.0,6,Entire home/apt,2.0,3.0,2.0,undefined,2,False,4.93,True,9.0,343,41.87266,-87.68245,Chicago
18091194,86.0,5,Entire home/apt,0.0,3.0,1.0,undefined,2,False,4.91,True,3.0,54,41.81377,-87.69951,Chicago
18194698,561.0,14,Entire home/apt,6.0,7.0,2.5,undefined,3,False,4.95,True,5.0,312,41.91462,-87.64906,Chicago
18224208,144.0,4,Entire home/apt,0.0,1.0,1.0,undefined,2,True,4.84,True,9.0,152,41.948759,-87.658696,Chicago
18272559,45.0,2,Private room,1.0,2.0,2.0,undefined,1,False,4.67,True,20.0,248,42.01653,-87.68788,Chicago
18301586,100.0,2,Private room,1.0,1.0,1.0,undefined,2,False,4.99,True,2.0,283,41.96946,-87.65056,Chicago
18331520,95.0,2,Entire home/apt,1.0,1.0,1.0,undefined,30,False,4.86,True,3.0,190,41.89548,-87.62756,Chicago
18345065,178.0,5,Entire home/apt,2.0,3.0,1.0,undefined,2,False,4.87,True,5.0,118,41.89311,-87.66026,Chicago
18431594,153.0,4,Entire home/apt,2.0,2.0,1.0,undefined,2,False,4.97,True,1.0,95,41.94794,-87.66246,Chicago
18432523,635.0,12,Entire home/apt,4.0,7.0,2.5,undefined,2,False,4.99,True,1.0,141,41.94661,-87.65398,Chicago
18473660,125.0,2,Entire home/apt,1.0,1.0,1.0,undefined,32,False,4.6,False,4.0,332,41.89616,-87.62681,Chicago
18509024,258.0,8,Entire home/apt,3.0,3.0,2.0,undefined,2,False,4.82,False,5.0,261,41.93293,-87.69184,Chicago
18549762,129.0,4,Entire home/apt,1.0,2.0,2.0,undefined,2,False,4.73,False,2.0,117,41.87275,-87.68981,Chicago
18601472,303.0,6,Entire home/apt,3.0,3.0,2.5,undefined,3,False,4.95,True,2.0,325,41.971248328799,-87.65161582118392,Chicago
18636662,140.0,4,Entire home/apt,2.0,2.0,1.0,undefined,2,False,4.9,True,6.0,15,41.915187,-87.711738,Chicago
18638839,139.0,4,Private room,1.0,3.0,1.0,undefined,2,True,4.8,True,5.0,342,41.90107,-87.63298,Chicago
18687892,85.0,7,Entire home/apt,3.0,4.0,2.0,undefined,2,True,4.81,True,4.0,321,41.925489,-87.711754,Chicago
18722151,336.0,7,Entire home/apt,3.0,3.0,2.0,undefined,3,False,4.91,True,6.0,345,41.99226,-87.67851,Chicago
18822176,100.0,2,Private room,1.0,1.0,1.0,undefined,1,False,4.83,False,9.0,222,41.89569,-87.66399,Chicago
18856449,90.0,3,Entire home/apt,0.0,2.0,1.0,undefined,3,False,4.8,True,4.0,100,41.97098,-87.76496,Chicago
18871593,48.0,1,Private room,1.0,1.0,1.0,undefined,2,False,4.67,False,3.0,345,41.9909,-87.71391,Chicago
18876938,290.0,8,Entire home/apt,3.0,4.0,2.0,undefined,32,False,4.95,False,5.0,364,41.89399,-87.65381,Chicago
18926227,55.0,1,Private room,1.0,1.0,1.0,undefined,32,False,4.0,False,8.0,260,41.7958,-87.60128,Chicago
18978187,50.0,6,Entire home/apt,2.0,3.0,1.0,undefined,2,True,4.88,True,1.0,339,41.975171,-87.691407,Chicago
19000293,66.0,2,Private room,1.0,1.0,1.0,undefined,2,False,4.83,False,9.0,335,41.89755,-87.66415,Chicago
19044554,41.0,2,Private room,1.0,1.0,1.0,undefined,32,False,4.62,False,3.0,89,42.01576,-87.66916,Chicago
19088115,204.0,6,Entire home/apt,3.0,3.0,2.0,undefined,32,False,4.94,True,2.0,233,41.89971,-87.67871,Chicago
19123858,101.0,2,Entire home/apt,0.0,1.0,1.0,undefined,1,False,4.82,True,8.0,293,41.90021,-87.63034,Chicago
19124180,114.0,2,Entire home/apt,0.0,1.0,1.0,undefined,1,False,4.79,True,8.0,278,41.90003,-87.63132,Chicago
19131659,144.0,4,Entire home/apt,2.0,2.0,1.0,undefined,2,False,4.75,False,1.0,86,41.80707,-87.74879,Chicago
19136596,105.0,4,Entire home/apt,1.0,2.0,1.0,undefined,3,True,4.98,True,1.0,254,41.83216,-87.64779,Chicago
19144279,61.0,1,Private room,1.0,1.0,1.5,undefined,2,False,4.96,True,3.0,130,41.99284,-87.7842,Chicago
19158517,121.0,4,Entire home/apt,0.0,1.0,1.0,undefined,32,False,4.98,True,1.0,247,41.91222,-87.64127,Chicago
19208339,130.0,6,Entire home/apt,2.0,3.0,1.0,undefined,1,False,4.71,,5.0,326,41.91298675537109,-87.68995666503906,Chicago
19242274,184.0,2,Entire home/apt,1.0,1.0,1.0,undefined,3,False,4.98,True,1.0,214,41.91676508629529,-87.64924413879348,Chicago
19263774,74.0,2,Private room,1.0,2.0,1.0,undefined,3,False,4.91,True,20.0,343,42.02029,-87.66602,Chicago
19412268,576.0,14,Entire home/apt,4.0,7.0,2.0,undefined,2,False,4.9,,29.0,227,41.90949,-87.67487,Chicago
19414085,300.0,5,Entire home/apt,2.0,3.0,2.0,undefined,32,False,4.88,True,17.0,169,41.94451,-87.65361,Chicago
19424810,143.0,4,Entire home/apt,2.0,2.0,1.0,undefined,1,True,4.95,True,4.0,107,41.98397,-87.67148,Chicago
19454398,237.0,6,Entire home/apt,3.0,3.0,1.5,undefined,2,False,4.84,True,1.0,326,41.84507,-87.64503,Chicago
19483555,60.0,1,Private room,1.0,1.0,1.0,undefined,32,False,5.0,True,2.0,57,41.9476,-87.65317,Chicago
19551521,120.0,2,Entire home/apt,0.0,1.0,1.0,undefined,2,False,4.83,False,3.0,170,41.92231,-87.71673,Chicago
19554215,107.0,2,Private room,1.0,1.0,1.0,undefined,1,False,4.87,False,1.0,247,41.8172,-87.60829,Chicago
19574382,426.0,8,Entire home/apt,4.0,5.0,3.0,undefined,30,False,4.85,True,87.0,211,41.91361,-87.63841,Chicago
19586298,112.0,2,Entire home/apt,0.0,1.0,1.0,undefined,2,False,4.91,True,1.0,224,41.92998,-87.69981,Chicago
19658989,86.0,5,Entire home/apt,1.0,4.0,1.0,undefined,1,False,4.76,False,1.0,331,41.9552,-87.73908,Chicago
19662106,40.0,1,Private room,1.0,1.0,1.0,undefined,2,True,4.47,False,4.0,349,41.85872,-87.69298,Chicago
19672865,44.0,2,Private room,1.0,1.0,1.5,undefined,1,True,4.46,False,14.0,360,41.98532,-87.67212,Chicago
19728643,719.0,14,Entire home/apt,4.0,8.0,3.0,undefined,2,False,4.91,True,17.0,27,41.94558,-87.65598,Chicago
19730133,91.0,5,Private room,1.0,4.0,1.0,undefined,1,False,4.86,True,4.0,220,41.91503,-87.65525,Chicago
19739402,50.0,1,Private room,1.0,1.0,1.0,undefined,365,False,4.63,False,1.0,83,41.90234,-87.68647,Chicago
19747110,99.0,10,Entire home/apt,3.0,4.0,1.0,undefined,2,False,4.95,True,1.0,286,41.95592,-87.77595,Chicago
19759186,487.0,4,Entire home/apt,3.0,3.0,1.0,undefined,32,False,4.94,False,1.0,89,41.82497,-87.67365,Chicago
19799074,61.0,1,Private room,1.0,2.0,1.0,undefined,2,True,4.7,False,8.0,264,41.84078,-87.6612,Chicago
19802859,91.0,2,Private room,1.0,1.0,1.0,undefined,2,False,5.0,True,3.0,3,41.90041,-87.68499,Chicago
19840767,60.0,1,Private room,1.0,1.0,1.0,undefined,32,False,4.91,True,2.0,33,41.94943,-87.65302,Chicago
19856765,220.0,4,Entire home/apt,2.0,2.0,1.0,undefined,2,True,4.94,True,2.0,169,41.89230728149414,-87.62322998046875,Chicago
19891950,99.0,2,Entire home/apt,0.0,1.0,1.0,undefined,1,True,4.86,True,1.0,199,41.97655,-87.67058,Chicago
19914093,101.0,3,Entire home/apt,2.0,2.0,1.0,undefined,2,False,4.75,False,5.0,351,41.765869140625,-87.64657592773438,Chicago
19944137,55.0,3,Entire home/apt,1.0,2.0,1.0,undefined,3,True,4.86,False,1.0,338,41.882056,-87.659944,Chicago
19947376,110.0,6,Entire home/apt,3.0,3.0,1.0,undefined,2,False,4.9,True,1.0,323,41.95626,-87.67739,Chicago
19952780,1005.0,16,Entire home/apt,6.0,7.0,3.5,undefined,2,False,4.98,True,1.0,64,41.96504,-87.65423,Chicago
19969586,123.0,4,Entire home/apt,2.0,2.0,1.0,undefined,2,False,4.91,False,1.0,317,41.97027,-87.76887,Chicago
19984762,72.0,5,Private room,1.0,3.0,1.0,undefined,1,False,4.93,True,4.0,54,41.91489,-87.65328,Chicago
19998637,70.0,3,Private room,1.0,2.0,1.0,undefined,1,False,4.82,True,4.0,205,41.91666,-87.65338,Chicago
20053035,90.0,2,Entire home/apt,0.0,1.0,1.0,undefined,32,False,4.91,True,5.0,293,41.94364,-87.72912,Chicago
20148895,150.0,5,Entire home/apt,3.0,4.0,2.5,undefined,365,False,,False,3.0,365,41.9315,-87.68375,Chicago
20176345,171.0,4,Entire home/apt,3.0,4.0,2.0,undefined,2,True,4.64,False,8.0,200,41.84117,-87.65916,Chicago
20181953,229.0,8,Entire home/apt,3.0,5.0,3.0,undefined,2,True,4.82,True,1.0,337,41.90751,-87.63763,Chicago
20208487,197.0,3,Private room,1.0,2.0,1.0,undefined,1,False,4.99,True,7.0,285,41.79526,-87.59644,Chicago
20227969,208.0,3,Private room,1.0,3.0,1.0,undefined,2,False,4.95,True,7.0,299,41.79346,-87.59767,Chicago
20293109,119.0,4,Entire home/apt,1.0,1.0,1.0,undefined,32,False,4.84,False,1.0,179,41.86207,-87.62547,Chicago
20294580,85.0,4,Entire home/apt,3.0,3.0,1.0,undefined,32,False,4.86,True,3.0,274,41.85527,-87.67665,Chicago
20319676,118.0,4,Entire home/apt,2.0,2.0,1.0,undefined,1,False,4.8,False,2.0,105,41.90717,-87.66837,Chicago
20360882,183.0,2,Private room,1.0,1.0,1.0,undefined,1,False,4.94,True,7.0,304,41.79486,-87.59768,Chicago
20361494,131.0,3,Entire home/apt,1.0,1.0,1.0,undefined,1,True,4.95,True,3.0,298,41.98546,-87.65906,Chicago
20378811,442.0,7,Entire home/apt,3.0,4.0,2.0,undefined,2,False,4.96,True,3.0,141,41.9456,-87.65285,Chicago
20379610,103.0,5,Entire home/apt,0.0,3.0,1.0,undefined,2,False,4.9,True,28.0,322,41.89484,-87.65493,Chicago
20381591,126.0,5,Entire home/apt,2.0,2.0,1.0,undefined,2,True,4.68,False,1.0,230,41.93741,-87.65639,Chicago
20406582,98.0,5,Entire home/apt,3.0,3.0,1.0,undefined,2,True,4.81,True,5.0,318,41.96796,-87.70787,Chicago
20419957,175.0,4,Entire home/apt,1.0,3.0,1.5,undefined,32,False,4.9,False,3.0,159,41.91002,-87.67337,Chicago
20425593,308.0,4,Entire home/apt,2.0,2.0,1.0,undefined,2,False,4.88,False,3.0,248,41.93476,-87.6504,Chicago
20438390,181.0,2,Entire home/apt,1.0,2.0,1.0,undefined,2,False,4.96,True,1.0,55,42.00062,-87.66953,Chicago
20454673,68.0,2,Private room,1.0,1.0,1.0,undefined,1,False,4.91,True,3.0,18,41.85682,-87.66666,Chicago
20458572,160.0,8,Entire home/apt,3.0,4.0,2.0,undefined,3,False,4.82,True,13.0,118,41.87757,-87.67584,Chicago
20489897,163.0,8,Entire home/apt,3.0,3.0,2.0,undefined,1,False,4.97,True,1.0,327,41.81396,-87.59509,Chicago
20497895,65.0,2,Private room,2.0,2.0,1.0,undefined,2,False,4.89,True,1.0,175,41.95227,-87.66934,Chicago
20524028,110.0,8,Entire home/apt,2.0,3.0,1.0,undefined,1,False,4.88,False,2.0,168,41.97479,-87.79015,Chicago
20539979,168.0,2,Entire home/apt,1.0,1.0,1.0,undefined,2,True,4.94,True,1.0,165,41.86386,-87.62589,Chicago
20543019,162.0,5,Entire home/apt,3.0,3.0,1.0,undefined,2,False,4.94,True,6.0,21,41.915187,-87.711741,Chicago
20586078,115.0,6,Entire home/apt,3.0,3.0,1.0,undefined,1,False,4.89,,2.0,258,41.92169,-87.72111,Chicago
20601137,111.0,4,Entire home/apt,1.0,2.0,1.0,undefined,2,False,4.86,True,3.0,353,41.8126,-87.61295,Chicago
20647880,139.0,5,Entire home/apt,2.0,3.0,1.0,undefined,3,False,4.97,True,1.0,150,41.94552,-87.68531,Chicago
20649033,126.0,2,Entire home/apt,1.0,1.0,1.0,undefined,2,False,4.99,True,3.0,92,41.96998,-87.6818,Chicago
20650575,623.0,14,Entire home/apt,4.0,6.0,4.0,undefined,1,False,4.89,False,9.0,327,41.89752,-87.66363,Chicago
20689785,197.0,2,Private room,1.0,2.0,1.0,undefined,2,False,5.0,True,7.0,309,41.79327,-87.59678,Chicago
20712959,159.0,7,Entire home/apt,3.0,3.0,2.0,undefined,3,False,4.84,False,1.0,268,41.93533,-87.67542,Chicago
20756430,100.0,6,Entire home/apt,3.0,3.0,1.0,undefined,32,False,4.41,False,5.0,179,41.91237,-87.69812,Chicago
20757313,573.0,10,Entire home/apt,3.0,4.0,1.0,undefined,2,False,4.92,True,1.0,166,41.94912,-87.65688,Chicago
20759671,783.0,10,Entire home/apt,4.0,4.0,3.5,undefined,1,True,4.82,True,17.0,19,41.90551,-87.68164,Chicago
20818822,141.0,10,Entire home/apt,4.0,5.0,1.5,undefined,1,False,4.84,True,5.0,327,41.853252,-87.682693,Chicago
20834078,41.0,1,Private room,1.0,1.0,1.0,undefined,2,True,4.49,False,4.0,359,41.85704,-87.69476,Chicago
20834660,155.0,4,Entire home/apt,1.0,1.0,1.0,undefined,2,False,4.89,True,1.0,142,41.89589,-87.66303,Chicago
20897535,114.0,4,Entire home/apt,2.0,2.0,2.0,undefined,32,False,,False,1.0,80,41.967563,-87.6654276,Chicago
20901369,84.0,4,Entire home/apt,2.0,2.0,1.0,undefined,2,False,4.83,True,2.0,59,41.8004,-87.58904,Chicago
20933786,46.0,1,Private room,1.0,1.0,1.0,undefined,32,True,4.92,False,8.0,336,41.84093,-87.66093,Chicago
20947233,157.0,2,Entire home/apt,1.0,1.0,1.0,undefined,2,False,4.93,True,1.0,201,41.920656,-87.681332,Chicago
20985600,133.0,2,Private room,1.0,1.0,1.0,undefined,3,False,4.87,False,6.0,97,41.91393,-87.71776,Chicago
21013562,151.0,2,Entire home/apt,1.0,1.0,1.0,undefined,2,True,4.87,True,2.0,208,41.912643,-87.635681,Chicago
21028123,400.0,4,Entire home/apt,1.0,1.0,1.0,undefined,32,False,5.0,False,3.0,89,41.9373,-87.65194,Chicago
21028700,105.0,2,Entire home/apt,1.0,1.0,1.0,undefined,1,False,4.8,False,2.0,20,41.91489,-87.69734,Chicago
21149807,75.0,2,Private room,7.0,1.0,2.5,undefined,2,True,4.74,False,9.0,7,42.0114,-87.66417,Chicago
21157736,121.0,7,Entire home/apt,2.0,4.0,1.0,undefined,1,False,4.89,True,8.0,25,41.8936,-87.66118,Chicago
21161463,579.0,12,Entire home/apt,6.0,8.0,2.5,undefined,2,False,4.89,False,9.0,315,42.01042,-87.66443,Chicago
21169118,145.0,5,Entire home/apt,2.0,2.0,2.0,undefined,2,False,4.98,True,5.0,61,41.922076848147775,-87.71408055519748,Chicago
21175666,80.0,2,Private room,1.0,1.0,1.0,undefined,1,False,4.87,True,4.0,268,41.80398,-87.60258,Chicago
21177789,62.0,2,Private room,1.0,1.0,1.0,undefined,1,False,4.92,True,4.0,353,41.80384,-87.60391,Chicago
21178038,66.0,2,Private room,1.0,1.0,1.0,undefined,1,False,4.89,True,4.0,353,41.80238,-87.60217,Chicago
21250973,62.0,1,Private room,1.0,1.0,2.5,undefined,2,True,4.83,False,9.0,5,42.00976,-87.66234,Chicago
21252535,82.0,2,Private room,2.0,1.0,2.5,undefined,2,True,4.78,False,9.0,7,42.01142,-87.66278,Chicago
21254658,89.0,3,Private room,1.0,1.0,2.5,undefined,2,True,4.69,False,9.0,6,42.01034,-87.66452,Chicago
21263727,82.0,2,Private room,1.0,2.0,2.5,undefined,2,True,4.71,False,9.0,7,42.01007,-87.66417,Chicago
21263821,88.0,2,Private room,1.0,2.0,2.5,undefined,2,True,4.81,False,9.0,7,42.01036,-87.66248,Chicago
21272387,133.0,2,Entire home/apt,1.0,1.0,1.0,undefined,2,False,4.97,True,3.0,228,41.92994,-87.70468,Chicago
21282070,80.0,2,Entire home/apt,1.0,1.0,1.0,undefined,32,False,4.88,True,5.0,284,41.94196,-87.7307,Chicago
21321497,918.0,16,Entire home/apt,8.0,8.0,4.0,undefined,2,True,5.0,,29.0,217,41.92643,-87.69965,Chicago
21356462,166.0,2,Entire home/apt,1.0,1.0,1.0,undefined,2,False,4.98,True,1.0,127,41.94015,-87.65986,Chicago
21422893,135.0,6,Entire home/apt,2.0,3.0,1.0,undefined,2,False,4.86,True,2.0,242,41.89378,-87.6734,Chicago
21472684,226.0,12,Entire home/apt,5.0,7.0,3.5,undefined,3,False,4.82,False,1.0,334,41.82676,-87.60749,Chicago
21486813,156.0,4,Entire home/apt,2.0,2.0,2.0,undefined,2,False,4.95,True,2.0,141,41.95023,-87.68203,Chicago
21488226,463.0,16,Entire home/apt,6.0,8.0,3.5,undefined,3,True,4.89,False,1.0,92,41.93405,-87.70322,Chicago
21489885,640.0,8,Entire home/apt,3.0,8.0,1.0,undefined,20,False,,False,1.0,88,41.7715371,-87.5719908,Chicago
21539533,74.0,2,Private room,1.0,1.0,1.0,undefined,1,False,4.89,True,4.0,349,41.8037,-87.60199,Chicago
21547974,100.0,3,Entire home/apt,2.0,2.0,1.0,undefined,180,False,,False,1.0,266,41.91386,-87.63828,Chicago
21551769,50.0,6,Entire home/apt,2.0,2.0,1.0,undefined,2,True,4.79,True,5.0,341,41.97661,-87.69131,Chicago
21603579,282.0,4,Entire home/apt,1.0,2.0,1.5,undefined,3,False,4.94,False,1.0,55,41.8914,-87.65715,Chicago
21636681,74.0,2,Private room,1.0,1.0,1.0,undefined,1,True,4.46,False,14.0,183,41.98532,-87.67212,Chicago
21665919,150.0,1,Entire home/apt,1.0,1.0,1.0,undefined,33,False,5.0,False,2.0,365,41.88402,-87.61612,Chicago
21681234,88.0,2,Entire home/apt,1.0,1.0,1.0,undefined,2,False,4.86,True,2.0,245,41.96611,-87.68712,Chicago
21686505,96.0,4,Entire home/apt,1.0,1.0,1.0,undefined,2,False,4.15,False,1.0,179,41.79269,-87.66573,Chicago
21696464,155.0,2,Entire home/apt,1.0,1.0,1.0,undefined,2,False,5.0,True,3.0,10,41.90107,-87.68752,Chicago
21700360,124.0,2,Private room,1.0,1.0,1.0,undefined,2,False,5.0,True,3.0,345,41.99968,-87.67168,Chicago
21700748,90.0,2,Private room,1.0,1.0,1.0,undefined,32,False,4.93,False,2.0,363,41.962,-87.65156,Chicago
21712790,95.0,4,Entire home/apt,1.0,1.0,1.0,undefined,34,False,4.8,True,2.0,357,41.99469115107561,-87.66967782314522,Chicago
21748100,111.0,3,Entire home/apt,1.0,1.0,1.0,undefined,32,True,4.88,True,5.0,75,41.9204,-87.71615,Chicago
21772526,127.0,2,Entire home/apt,1.0,1.0,1.0,undefined,2,False,4.91,True,3.0,346,41.99767,-87.67249,Chicago
21783531,64.0,6,Entire home/apt,2.0,3.0,2.0,undefined,2,True,4.79,True,3.0,331,41.890907,-87.649632,Chicago
21784716,380.0,8,Entire home/apt,3.0,4.0,2.5,undefined,3,False,4.46,False,1.0,115,41.92273,-87.65338,Chicago
21817363,126.0,6,Entire home/apt,3.0,3.0,2.0,undefined,32,False,4.84,True,5.0,180,41.96706,-87.70705,Chicago
21839421,240.0,7,Entire home/apt,4.0,5.0,3.0,undefined,3,False,4.85,True,3.0,348,41.90692,-87.69479,Chicago
21856463,270.0,5,Entire home/apt,2.0,3.0,2.0,undefined,1,False,4.95,True,3.0,146,41.9026,-87.6713,Chicago
21862111,115.0,5,Entire home/apt,1.0,3.0,1.0,undefined,2,False,4.96,False,1.0,316,41.965954,-87.694283,Chicago
21862235,145.0,6,Entire home/apt,2.0,3.0,2.0,undefined,5,True,4.92,True,1.0,311,41.89214,-87.65875,Chicago
21879603,272.0,5,Entire home/apt,2.0,3.0,2.0,undefined,5,False,4.96,True,3.0,208,41.92773,-87.64381,Chicago
21900672,297.0,10,Entire home/apt,4.0,5.0,2.0,undefined,3,False,4.98,,5.0,265,41.92509,-87.72266,Chicago
21912531,200.0,10,Entire home/apt,3.0,5.0,2.0,undefined,3,False,4.7,False,12.0,66,41.91836,-87.68852,Chicago
21922221,35.0,1,Private room,1.0,1.0,1.0,undefined,60,False,5.0,False,9.0,193,41.93342,-87.72898,Chicago
21933351,274.0,10,Entire home/apt,3.0,4.0,2.0,undefined,2,True,4.96,True,2.0,245,41.99553,-87.67165,Chicago
22045956,115.0,6,Entire home/apt,2.0,3.0,1.0,undefined,2,False,4.92,True,3.0,340,41.94802,-87.70596,Chicago
22078823,133.0,2,Entire home/apt,1.0,1.0,1.0,undefined,3,False,4.95,True,6.0,242,41.93238,-87.79297,Chicago
22101398,86.0,4,Entire home/apt,2.0,3.0,1.0,undefined,32,False,4.94,True,2.0,125,41.97602,-87.6843,Chicago
22106578,118.0,5,Entire home/apt,2.0,2.0,1.0,undefined,2,False,4.77,True,1.0,221,41.91812,-87.71132,Chicago
22109063,50.0,2,Private room,1.0,1.0,1.0,undefined,32,False,4.66,True,3.0,165,41.79935,-87.59703,Chicago
22120161,65.0,2,Private room,1.0,0.0,1.0,undefined,32,False,4.81,False,7.0,36,41.89257,-87.66186,Chicago
22148940,139.0,10,Entire home/apt,4.0,4.0,3.0,undefined,2,True,4.81,False,3.0,317,41.894612,-87.657647,Chicago
22150002,111.0,7,Entire home/apt,3.0,4.0,2.0,undefined,32,True,4.8,False,3.0,309,41.89461135864258,-87.65764617919922,Chicago
22287352,98.0,2,Entire home/apt,1.0,1.0,1.0,undefined,100,False,4.94,True,4.0,237,41.79615783691406,-87.5978012084961,Chicago
22307184,176.0,6,Entire home/apt,3.0,5.0,1.0,undefined,30,True,4.79,False,1.0,356,41.74874,-87.60714,Chicago
22320384,180.0,8,Entire home/apt,3.0,2.0,2.5,undefined,60,True,4.64,False,13.0,357,41.76956,-87.57354,Chicago
22352557,225.0,8,Entire home/apt,2.0,3.0,1.0,undefined,32,False,4.3,False,2.0,179,41.87649,-87.72936,Chicago
22358244,89.0,6,Entire home/apt,3.0,4.0,2.0,undefined,2,True,4.87,False,1.0,212,41.97841,-87.65746,Chicago
22389768,241.0,2,Entire home/apt,1.0,1.0,1.0,undefined,2,False,4.96,True,2.0,141,41.91579,-87.63686,Chicago
22397026,121.0,6,Entire home/apt,2.0,4.0,1.0,undefined,2,False,4.98,False,1.0,1,41.93305,-87.71301,Chicago
22398218,131.0,3,Entire home/apt,1.0,1.0,1.0,undefined,1,True,4.89,True,3.0,303,41.98491,-87.66175,Chicago
22399540,265.0,10,Entire home/apt,5.0,6.0,3.0,undefined,1,False,4.94,True,4.0,130,41.80176,-87.60216,Chicago
22435069,45.0,2,Private room,1.0,2.0,2.0,undefined,1,False,4.81,True,20.0,253,42.01653,-87.68778,Chicago
22470517,171.0,5,Entire home/apt,2.0,3.0,1.0,undefined,3,True,4.95,True,3.0,58,41.91824709552826,-87.71300395296825,Chicago
22470940,52.0,1,Private room,1.0,1.0,1.0,undefined,1,False,4.83,True,1.0,300,41.96915,-87.69253,Chicago
22478199,22.0,1,Shared room,1.0,1.0,2.0,undefined,1,False,4.8,True,20.0,257,42.01653,-87.68778,Chicago
22553014,73.0,4,Entire home/apt,2.0,2.0,1.0,undefined,32,False,4.82,False,1.0,324,41.85601,-87.67693,Chicago
22559934,70.0,6,Entire home/apt,2.0,3.0,1.0,undefined,2,True,4.85,True,3.0,300,41.9040086,-87.67052900000002,Chicago
22586737,78.0,1,Private room,1.0,1.0,1.0,undefined,32,True,4.94,False,4.0,261,41.83135,-87.67662,Chicago
22588022,77.0,1,Private room,1.0,1.0,1.0,undefined,32,False,4.76,False,4.0,269,41.82909,-87.67677,Chicago
22598312,36.0,1,Private room,1.0,1.0,1.0,undefined,2,False,4.81,True,8.0,208,41.98294,-87.8196,Chicago
22599315,199.0,4,Entire home/apt,2.0,2.0,1.0,undefined,32,False,4.88,False,3.0,325,41.9464,-87.68028,Chicago
22627276,45.0,2,Private room,1.0,2.0,2.0,undefined,1,False,4.5,True,20.0,156,42.01653,-87.68778,Chicago
22634134,716.0,10,Entire home/apt,4.0,5.0,3.5,undefined,2,False,5.0,True,1.0,353,41.894073,-87.66314570000002,Chicago
22752271,98.0,3,Entire home/apt,0.0,1.0,1.0,undefined,2,True,4.91,True,1.0,243,41.83357,-87.64838,Chicago
22770609,99.0,2,Entire home/apt,1.0,1.0,1.0,undefined,20,False,4.87,True,6.0,249,41.93493,-87.71985,Chicago
22827281,190.0,2,Entire home/apt,1.0,1.0,1.0,undefined,32,False,4.52,True,17.0,89,41.92798,-87.64014,Chicago
22833440,131.0,6,Entire home/apt,3.0,3.0,2.0,undefined,4,False,4.69,False,1.0,304,41.95619,-87.69927,Chicago
22886177,207.0,4,Entire home/apt,2.0,2.0,1.0,undefined,2,False,4.84,True,4.0,89,41.94298,-87.64762,Chicago
22909826,56.0,6,Private room,1.0,1.0,1.5,undefined,2,False,4.84,True,2.0,63,41.85606,-87.66262,Chicago
22923422,122.0,4,Entire home/apt,2.0,2.0,1.0,undefined,2,False,4.95,True,1.0,13,41.8989,-87.68397,Chicago
22946590,73.0,4,Entire home/apt,2.0,2.0,1.0,undefined,32,False,5.0,False,1.0,266,41.8588741,-87.6654145,Chicago
22986604,125.0,4,Entire home/apt,1.0,1.0,1.0,undefined,2,False,4.97,True,1.0,295,41.98594,-87.66255,Chicago
22999010,383.0,4,Entire home/apt,4.0,4.0,2.5,undefined,2,False,4.9,True,3.0,333,41.80151,-87.59275,Chicago
23076088,89.0,2,Entire home/apt,2.0,3.0,1.0,undefined,32,False,4.31,False,2.0,264,41.83541,-87.65635,Chicago
23122592,20.0,2,Shared room,1.0,1.0,2.0,undefined,1,False,4.83,True,20.0,255,42.01653,-87.68778,Chicago
23123158,22.0,1,Shared room,1.0,1.0,2.0,undefined,1,False,4.85,True,20.0,262,42.01653,-87.68778,Chicago
23146021,106.0,4,Entire home/apt,2.0,3.0,1.0,undefined,2,False,4.96,True,3.0,307,41.9155,-87.70285,Chicago
23167825,106.0,4,Entire home/apt,2.0,2.0,1.0,undefined,2,False,4.85,True,3.0,320,41.85713,-87.65558,Chicago
23233115,95.0,5,Entire home/apt,2.0,2.0,1.0,undefined,3,False,4.85,True,1.0,317,41.95428,-87.6743,Chicago
23234733,130.0,14,Entire home/apt,4.0,8.0,2.0,undefined,32,False,4.66,False,32.0,273,41.93279,-87.65803,Chicago
23248272,83.0,4,Entire home/apt,2.0,2.0,2.0,undefined,2,True,4.77,True,3.0,341,41.913808,-87.640147,Chicago
23293249,100.0,4,Entire home/apt,1.0,2.0,1.0,undefined,2,False,4.76,False,2.0,225,41.92164,-87.6616,Chicago
23403435,90.0,2,Private room,1.0,2.0,1.0,undefined,32,False,5.0,False,13.0,364,41.76944,-87.57338,Chicago
23488460,89.0,4,Entire home/apt,3.0,4.0,2.0,undefined,32,False,3.71,False,2.0,364,41.83416,-87.68495,Chicago
23503260,223.0,10,Entire home/apt,2.0,8.0,1.5,undefined,1,False,4.93,True,3.0,195,41.94989,-87.65431,Chicago
23526921,103.0,4,Entire home/apt,2.0,2.0,1.0,undefined,3,False,4.84,True,1.0,158,41.95895,-87.76753,Chicago
23549428,107.0,5,Entire home/apt,2.0,2.0,1.0,undefined,2,False,4.83,True,4.0,277,41.92123,-87.68397,Chicago
23588293,216.0,6,Entire home/apt,3.0,8.0,1.0,undefined,32,True,4.94,True,2.0,364,41.90129,-87.68252,Chicago
23590263,145.0,5,Entire home/apt,3.0,3.0,1.0,undefined,2,False,4.94,True,6.0,7,41.959027,-87.712965,Chicago
23593143,158.0,4,Entire home/apt,1.0,2.0,1.0,undefined,2,False,4.95,True,1.0,166,41.89629,-87.67131,Chicago
23628273,85.0,2,Entire home/apt,1.0,2.0,1.0,undefined,2,False,4.87,True,1.0,240,41.97049,-87.69239,Chicago
23629667,114.0,4,Entire home/apt,1.0,2.0,1.0,undefined,3,False,4.82,True,13.0,108,41.90838,-87.68801,Chicago
23658333,124.0,5,Entire home/apt,1.0,2.0,1.0,undefined,32,False,4.65,True,61.0,213,41.88627,-87.63384,Chicago
23669582,293.0,5,Entire home/apt,2.0,2.0,2.0,undefined,5,False,4.92,False,7.0,316,41.90962,-87.67477,Chicago
23683187,65.0,1,Entire home/apt,1.0,2.0,1.0,undefined,32,False,4.64,False,235.0,365,41.97732,-87.76459,Chicago
23684890,91.0,4,Entire home/apt,2.0,2.0,1.0,undefined,1,False,4.48,True,3.0,237,41.95565,-87.77319,Chicago
23687181,166.0,5,Entire home/apt,2.0,2.0,1.0,undefined,32,False,4.76,False,3.0,364,41.81183,-87.61685,Chicago
23758477,58.0,1,Private room,1.0,1.0,1.0,undefined,1,True,5.0,False,1.0,352,41.9128934,-87.6680702,Chicago
23768638,97.0,4,Entire home/apt,2.0,2.0,1.0,undefined,3,False,4.8,,10.0,333,41.91503143310547,-87.68840026855469,Chicago
23799502,297.0,9,Entire home/apt,4.0,5.0,2.0,undefined,2,True,4.83,True,7.0,341,41.96143,-87.66714,Chicago
23844764,160.0,6,Entire home/apt,2.0,4.0,1.0,undefined,2,False,4.85,True,31.0,335,41.85313,-87.63256,Chicago
23850772,225.0,4,Entire home/apt,2.0,2.0,2.0,undefined,30,False,5.0,True,1.0,280,41.94232,-87.6699,Chicago
24010772,237.0,7,Entire home/apt,3.0,3.0,2.0,undefined,1,True,4.85,True,7.0,340,41.96122,-87.66743,Chicago
24011334,656.0,15,Entire home/apt,5.0,8.0,3.5,undefined,2,True,4.98,True,7.0,302,41.90839,-87.66906,Chicago
24061425,445.0,14,Entire home/apt,6.0,8.0,3.0,undefined,3,False,4.95,True,2.0,60,41.953838072012,-87.72548552327213,Chicago
24066022,104.0,4,Entire home/apt,0.0,1.0,1.0,undefined,32,False,4.96,False,1.0,337,41.92657,-87.68916,Chicago
24085799,66.0,2,Private room,1.0,1.0,2.0,undefined,32,False,4.43,False,8.0,262,41.84976,-87.63126,Chicago
24179656,99.0,4,Entire home/apt,2.0,2.0,1.0,undefined,32,False,4.84,False,3.0,265,41.9365,-87.71977,Chicago
24209632,145.0,4,Entire home/apt,2.0,3.0,1.0,undefined,32,False,4.89,False,2.0,265,41.91244,-87.67855,Chicago
24242931,288.0,5,Entire home/apt,3.0,3.0,2.0,undefined,2,False,4.9,True,3.0,98,42.01813,-87.67454,Chicago
24288027,153.0,4,Entire home/apt,2.0,2.0,1.0,undefined,2,False,4.97,True,2.0,188,41.97132,-87.69051,Chicago
24326633,249.0,9,Entire home/apt,3.0,4.0,2.0,undefined,5,True,4.76,True,53.0,139,41.897493295127255,-87.63495329257776,Chicago
24332190,170.0,7,Entire home/apt,2.0,5.0,1.5,undefined,2,False,4.91,True,1.0,24,41.910176307090815,-87.71506147256005,Chicago
24447062,116.0,4,Entire home/apt,1.0,2.0,1.0,undefined,1,False,4.96,True,1.0,186,41.94264,-87.67616,Chicago
24486718,240.0,5,Entire home/apt,3.0,4.0,2.0,undefined,32,False,4.93,False,6.0,319,41.92526,-87.7153,Chicago
24499092,204.0,8,Entire home/apt,3.0,4.0,2.0,undefined,32,False,4.86,True,2.0,341,41.84348,-87.64545,Chicago
24541340,87.0,2,Private room,1.0,1.0,3.0,undefined,1,False,4.95,True,4.0,331,41.85202,-87.63834,Chicago
24563245,109.0,4,Entire home/apt,1.0,2.0,1.0,undefined,2,True,4.9,True,3.0,339,41.81453,-87.61156,Chicago
24598724,158.0,3,Entire home/apt,2.0,2.0,1.0,undefined,2,False,4.97,True,2.0,68,41.89861,-87.66268,Chicago
24620399,67.0,3,Private room,1.0,4.0,1.0,undefined,2,False,4.53,False,8.0,231,41.82008,-87.62301,Chicago
24621194,286.0,6,Entire home/apt,2.0,3.0,1.5,undefined,32,False,4.58,False,2.0,364,41.73448,-87.58775,Chicago
24625012,53.0,3,Private room,1.0,4.0,1.0,undefined,2,False,4.48,False,8.0,250,41.82209,-87.62111,Chicago
24625296,63.0,4,Private room,1.0,5.0,1.0,undefined,2,False,4.46,False,8.0,252,41.81983,-87.60301,Chicago
24626961,732.0,8,Entire home/apt,4.0,6.0,3.5,undefined,1,False,4.96,True,6.0,330,41.89397,-87.65329,Chicago
24631726,80.0,2,Private room,1.0,1.0,3.0,undefined,1,False,4.73,True,4.0,341,41.85098,-87.63868,Chicago
24631833,286.0,5,Entire home/apt,3.0,3.0,2.0,undefined,2,False,4.94,True,3.0,103,42.01684,-87.67415,Chicago
24672882,114.0,4,Entire home/apt,1.0,3.0,1.0,undefined,3,False,4.71,True,6.0,349,41.95899,-87.6574,Chicago
24689136,39.0,4,Private room,1.0,1.0,2.0,undefined,2,False,4.69,,82.0,141,41.87612,-87.67926,Chicago
24694181,99.0,3,Entire home/apt,1.0,4.0,1.0,undefined,6,False,4.95,True,1.0,178,41.96785,-87.69573,Chicago
24747364,28.0,1,Private room,1.0,1.0,1.5,undefined,14,True,4.77,True,4.0,83,41.88941,-87.77036,Chicago
24751573,152.0,4,Entire home/apt,1.0,1.0,1.0,undefined,3,False,5.0,True,4.0,166,41.91273,-87.64739,Chicago
24754767,126.0,5,Entire home/apt,2.0,2.0,1.0,undefined,4,False,4.98,True,1.0,92,41.94407,-87.76,Chicago
24783093,39.0,1,Private room,1.0,1.0,1.5,undefined,28,True,4.91,True,4.0,260,41.88809,-87.77038,Chicago
24798790,199.0,4,Entire home/apt,2.0,2.0,1.0,undefined,32,False,4.71,True,6.0,148,41.9345,-87.72006,Chicago
24801073,109.0,4,Entire home/apt,2.0,2.0,1.0,undefined,32,False,4.73,True,6.0,280,41.9345,-87.72006,Chicago
24842628,750.0,10,Entire home/apt,4.0,7.0,3.5,undefined,2,False,5.0,False,1.0,306,41.9244,-87.65234,Chicago
24865372,145.0,4,Entire home/apt,2.0,2.0,2.0,undefined,3,False,4.96,True,1.0,230,41.92987,-87.7022,Chicago
24884473,97.0,6,Entire home/apt,3.0,3.0,1.0,undefined,2,False,4.81,False,6.0,150,41.98015,-87.76916,Chicago
24885019,96.0,6,Entire home/apt,3.0,3.0,1.0,undefined,2,False,4.77,False,6.0,150,41.9795,-87.76978,Chicago
24894665,613.0,6,Entire home/apt,3.0,4.0,1.0,undefined,2,False,4.93,False,1.0,73,41.94959,-87.66193,Chicago
24908843,58.0,2,Private room,1.0,1.0,1.0,undefined,2,False,4.99,True,2.0,299,41.92295,-87.69962,Chicago
24916539,185.0,4,Entire home/apt,2.0,2.0,1.0,undefined,1,True,4.77,False,3.0,337,41.94306,-87.68128,Chicago
24916674,118.0,3,Entire home/apt,2.0,2.0,1.0,undefined,2,False,4.95,True,2.0,91,41.90762,-87.66768,Chicago
24921452,102.0,2,Private room,1.0,1.0,1.5,undefined,2,False,4.94,True,4.0,175,41.92489,-87.7255,Chicago
24922509,198.0,6,Entire home/apt,2.0,2.0,1.5,undefined,1,True,4.71,False,73.0,314,41.88153,-87.65736,Chicago
24931653,175.0,8,Entire home/apt,4.0,7.0,1.5,undefined,32,False,4.98,True,13.0,326,41.962902,-87.735336,Chicago
24944885,71.0,3,Entire home/apt,1.0,1.0,1.0,undefined,2,True,4.7,True,3.0,307,41.97059,-87.75333,Chicago
24965357,186.0,5,Entire home/apt,2.0,3.0,1.0,undefined,2,False,4.67,False,7.0,359,41.91108,-87.66765,Chicago
25006252,451.0,11,Entire home/apt,3.0,5.0,2.5,undefined,2,False,4.96,True,1.0,337,41.86876,-87.65965,Chicago
25011303,188.0,6,Entire home/apt,2.0,2.0,2.0,undefined,4,True,4.95,True,2.0,240,41.9159,-87.68878,Chicago
25015036,86.0,2,Entire home/apt,1.0,1.0,1.0,undefined,32,False,5.0,True,2.0,295,41.9356,-87.78526,Chicago
25015520,165.0,3,Entire home/apt,1.0,2.0,1.0,undefined,1,True,4.99,True,1.0,1,41.93684,-87.64743,Chicago
25055595,73.0,2,Entire home/apt,0.0,1.0,1.0,undefined,32,False,4.88,False,32.0,124,41.93312,-87.71976,Chicago
25055793,114.0,4,Entire home/apt,2.0,3.0,1.0,undefined,32,False,5.0,True,2.0,181,41.87725020000001,-87.6923243,Chicago
25069194,58.0,3,Entire home/apt,1.0,2.0,1.0,undefined,32,False,4.66,True,1.0,174,41.94308,-87.72137,Chicago
25079342,161.0,4,Entire home/apt,2.0,2.0,1.0,undefined,2,False,4.86,True,3.0,1,41.94154,-87.73602,Chicago
25108100,119.0,4,Entire home/apt,1.0,2.0,1.0,undefined,3,False,4.92,True,1.0,67,41.90117948878439,-87.68826780715807,Chicago
25167438,145.0,5,Entire home/apt,3.0,3.0,1.0,undefined,2,False,4.94,True,6.0,11,41.959209,-87.712916,Chicago
25179364,453.0,12,Entire home/apt,4.0,5.0,2.0,undefined,2,False,4.57,False,32.0,261,41.95097,-87.67327,Chicago
25179867,196.0,7,Entire home/apt,2.0,4.0,2.0,undefined,32,False,4.87,False,32.0,353,41.94586,-87.65865,Chicago
25185122,155.0,4,Entire home/apt,4.0,3.0,1.0,undefined,32,False,5.0,True,19.0,364,41.65634,-87.5375,Chicago
25185506,53.0,4,Private room,1.0,1.0,2.0,undefined,2,True,4.62,,82.0,149,41.87633,-87.67921,Chicago
25186495,65.0,4,Private room,1.0,2.0,2.0,undefined,2,False,4.72,,82.0,139,41.87772,-87.67912,Chicago
25191782,126.0,4,Entire home/apt,1.0,2.0,1.0,undefined,2,False,4.89,True,1.0,323,41.83678,-87.61675,Chicago
25226706,129.0,4,Entire home/apt,2.0,2.0,1.0,undefined,32,False,4.81,True,6.0,136,41.9345,-87.72006,Chicago
25232674,553.0,16,Entire home/apt,13.0,14.0,4.0,undefined,2,False,4.67,True,1.0,339,41.93926,-87.72058,Chicago
25233798,40.0,4,Private room,1.0,1.0,2.0,undefined,2,True,4.5,,82.0,148,41.87632,-87.68113,Chicago
25238570,525.0,16,Entire home/apt,4.0,8.0,4.0,undefined,2,True,4.86,,12.0,299,41.9064,-87.63715,Chicago
25256823,216.0,6,Entire home/apt,2.0,3.0,1.0,undefined,3,True,4.99,True,1.0,191,41.98773,-87.67004,Chicago
25292554,126.0,4,Entire home/apt,2.0,2.0,1.0,undefined,1,False,4.86,True,5.0,56,41.93413,-87.70511,Chicago
25293703,319.0,8,Entire home/apt,5.0,6.0,1.0,undefined,2,False,4.63,False,3.0,342,41.94472,-87.65031,Chicago
25315844,239.0,8,Entire home/apt,2.0,7.0,2.0,undefined,2,False,4.88,False,7.0,355,41.89283,-87.6742,Chicago
25318166,131.0,3,Entire home/apt,2.0,2.0,1.0,undefined,3,False,4.88,True,1.0,58,41.9371,-87.66278,Chicago
25364755,84.0,2,Entire home/apt,1.0,1.0,1.0,undefined,1,False,4.83,False,17.0,352,41.96549,-87.6592,Chicago
25364757,84.0,2,Entire home/apt,0.0,1.0,1.0,undefined,1,False,4.81,False,17.0,344,41.96549,-87.6592,Chicago
25374641,36.0,4,Private room,1.0,2.0,2.0,undefined,2,False,4.63,,82.0,151,41.87573,-87.68082,Chicago
25376091,120.0,4,Entire home/apt,2.0,3.0,1.0,undefined,2,False,4.67,False,3.0,167,41.85414,-87.67204,Chicago
25424970,149.0,6,Entire home/apt,3.0,4.0,1.0,undefined,2,True,4.93,True,1.0,308,41.97115,-87.68683,Chicago
25452222,322.0,6,Entire home/apt,3.0,4.0,2.0,undefined,2,False,4.62,False,2.0,265,41.77774,-87.59255,Chicago
25500677,461.0,6,Entire home/apt,3.0,3.0,2.5,undefined,3,False,5.0,False,1.0,86,41.91896,-87.69002,Chicago
25512227,105.0,5,Entire home/apt,2.0,2.0,1.0,undefined,32,False,4.7,False,1.0,246,41.92098,-87.68216,Chicago
25555626,130.0,6,Entire home/apt,3.0,3.0,2.0,undefined,32,False,4.8,,8.0,301,41.95701,-87.6982,Chicago
25674914,116.0,4,Entire home/apt,2.0,2.0,1.0,undefined,3,False,4.78,False,1.0,346,41.86014,-87.65944,Chicago
25682427,863.0,16,Entire home/apt,5.0,7.0,2.5,undefined,2,False,4.95,True,1.0,348,41.89565,-87.65181,Chicago
25714121,32.0,2,Private room,1.0,1.0,2.0,undefined,2,False,4.36,,82.0,155,41.87572,-87.67888,Chicago
25738384,183.0,5,Entire home/apt,3.0,2.0,1.0,undefined,2,True,4.94,False,1.0,10,41.93212948498622,-87.70867864297269,Chicago
25770575,161.0,6,Entire home/apt,3.0,3.0,3.0,undefined,2,False,4.78,False,3.0,258,41.77962,-87.60265,Chicago
25802231,89.0,6,Entire home/apt,3.0,3.0,2.0,undefined,32,True,4.93,True,3.0,345,41.96232,-87.665762,Chicago
25808833,194.0,6,Entire home/apt,2.0,2.0,1.0,undefined,2,False,4.7,False,3.0,319,41.94472,-87.65031,Chicago
25861262,71.0,6,Entire home/apt,2.0,4.0,1.0,undefined,1,False,4.92,True,5.0,156,41.934468,-87.718435,Chicago
25894475,155.0,6,Entire home/apt,2.0,3.0,1.0,undefined,2,False,4.81,True,3.0,5,41.87776184082031,-87.6847915649414,Chicago
25895701,344.0,4,Entire home/apt,2.0,2.0,2.0,undefined,32,False,4.99,True,4.0,355,41.94739,-87.65251,Chicago
25920781,179.0,7,Entire home/apt,3.0,3.0,1.0,undefined,2,True,4.99,True,4.0,63,41.91392,-87.72579,Chicago
25940510,265.0,4,Entire home/apt,2.0,2.0,1.0,undefined,2,True,4.98,True,3.0,13,41.8909797668457,-87.64466857910156,Chicago
25944899,272.0,6,Entire home/apt,3.0,3.0,1.5,undefined,2,False,4.98,True,2.0,62,41.93712,-87.67301,Chicago
25969163,88.0,4,Entire home/apt,2.0,2.0,2.0,undefined,2,True,4.56,True,5.0,284,41.94653,-87.81917,Chicago
25969271,86.0,2,Entire home/apt,1.0,1.0,1.0,undefined,2,True,5.0,True,5.0,307,41.94616,-87.82059,Chicago
25984142,900.0,6,Entire home/apt,2.0,3.0,1.0,undefined,3,True,4.73,,7.0,360,41.89355,-87.6621,Chicago
26029969,450.0,6,Entire home/apt,3.0,3.0,2.5,undefined,5,False,4.99,True,1.0,346,41.93731,-87.65372,Chicago
26034464,171.0,5,Entire home/apt,2.0,2.0,1.0,undefined,2,False,4.92,,6.0,32,41.93291,-87.69085,Chicago
26039928,148.0,4,Entire home/apt,1.0,1.0,1.0,undefined,1,False,4.94,True,2.0,230,41.91803,-87.68115,Chicago
26111681,198.0,7,Entire home/apt,2.0,3.0,1.0,undefined,2,True,4.85,True,31.0,73,41.85331,-87.63321,Chicago
26133988,145.0,2,Private room,1.0,1.0,1.0,undefined,1,False,4.91,True,4.0,363,41.91939163208008,-87.77946472167969,Chicago
26138093,642.0,12,Entire home/apt,3.0,3.0,2.5,undefined,3,False,4.98,False,1.0,13,41.90989,-87.6898,Chicago
26199959,71.0,2,Private room,1.0,0.0,1.0,undefined,32,True,4.68,False,7.0,217,41.8942,-87.66349,Chicago
26234572,160.0,2,Entire home/apt,1.0,1.0,1.0,undefined,2,False,4.98,True,3.0,359,41.91341,-87.79084,Chicago
26253486,103.0,2,Private room,1.0,1.0,1.0,undefined,2,False,4.98,True,1.0,38,41.86875,-87.6611,Chicago
26296254,218.0,3,Entire home/apt,2.0,2.0,1.0,undefined,32,False,4.5,False,4.0,269,41.92131,-87.68675,Chicago
26337715,87.0,6,Entire home/apt,2.0,2.0,1.0,undefined,32,True,4.44,False,12.0,181,41.9026,-87.70854,Chicago
26402837,47.0,1,Private room,1.0,1.0,1.0,undefined,32,False,4.89,False,3.0,364,41.95774,-87.72984,Chicago
26428768,88.0,2,Entire home/apt,1.0,0.0,1.0,undefined,1,False,4.55,False,5.0,254,41.97272,-87.77216,Chicago
26476402,145.0,6,Entire home/apt,2.0,3.0,1.0,undefined,3,True,4.87,False,1.0,344,41.78477,-87.60005,Chicago
26500795,108.0,4,Entire home/apt,2.0,3.0,1.0,undefined,2,False,4.87,True,28.0,354,41.89833,-87.6934,Chicago
26579870,205.0,8,Entire home/apt,2.0,5.0,1.0,undefined,2,False,4.63,False,3.0,345,41.94472,-87.65031,Chicago
26638174,92.0,2,Private room,1.0,1.0,1.0,undefined,2,False,4.95,True,1.0,339,41.94856,-87.70343,Chicago
26638729,151.0,8,Entire home/apt,3.0,4.0,1.5,undefined,3,False,4.72,False,2.0,336,41.93925476074219,-87.68231964111328,Chicago
26700761,242.0,5,Entire home/apt,3.0,3.0,1.0,undefined,3,False,4.95,True,2.0,247,41.900150299072266,-87.68174743652344,Chicago
26713916,442.0,14,Entire home/apt,4.0,5.0,2.5,undefined,2,True,4.75,,12.0,317,41.9106,-87.63893,Chicago
26776933,144.0,2,Private room,2.0,1.0,1.0,undefined,1,False,4.95,True,4.0,363,41.91939163208008,-87.77946472167969,Chicago
26783351,375.0,10,Entire home/apt,4.0,4.0,2.5,undefined,3,False,4.89,False,1.0,358,41.95855,-87.73138,Chicago
26785909,113.0,8,Entire home/apt,3.0,3.0,1.0,undefined,2,True,4.76,False,1.0,294,41.91013,-87.66673,Chicago
26860512,2499.0,12,Entire home/apt,7.0,6.0,2.0,undefined,32,False,5.0,True,10.0,269,41.90879,-87.67317,Chicago
26877934,50.0,2,Private room,1.0,2.0,1.0,undefined,1,True,4.43,False,14.0,175,41.98631,-87.67258,Chicago
26940306,167.0,2,Entire home/apt,1.0,1.0,1.0,undefined,2,False,4.99,True,1.0,105,41.85709,-87.6568,Chicago
26959321,382.0,8,Entire home/apt,3.0,4.0,2.5,undefined,24,False,5.0,False,2.0,178,41.92944,-87.6406,Chicago
26961273,76.0,4,Entire home/apt,2.0,3.0,2.0,undefined,30,True,4.79,False,4.0,90,41.76768,-87.5705,Chicago
26991799,126.0,4,Entire home/apt,1.0,2.0,1.0,undefined,1,False,4.74,False,5.0,118,41.97239,-87.77103,Chicago
27100328,102.0,4,Entire home/apt,0.0,1.0,1.0,undefined,2,False,4.75,True,4.0,256,41.83358,-87.61904,Chicago
27101218,110.0,4,Entire home/apt,2.0,2.0,1.0,undefined,32,False,4.93,True,5.0,218,41.89637,-87.62944,Chicago
27106400,102.0,2,Entire home/apt,1.0,1.0,1.0,undefined,1,False,4.97,True,2.0,35,41.90222,-87.6655,Chicago
27168613,28.0,4,Entire home/apt,2.0,2.0,1.0,undefined,32,False,4.43,False,1.0,297,41.81503,-87.63397,Chicago
27169700,178.0,6,Entire home/apt,3.0,3.0,1.0,undefined,2,False,4.83,True,1.0,80,41.92208,-87.71617,Chicago
27226695,1236.0,16,Entire home/apt,5.0,9.0,4.5,undefined,2,True,4.82,False,12.0,358,41.95656,-87.68974,Chicago
27230321,437.0,14,Entire home/apt,4.0,19.0,2.0,undefined,2,False,4.71,False,32.0,338,41.92949,-87.65845,Chicago
27247279,110.0,2,Entire home/apt,1.0,1.0,1.0,undefined,1,False,4.68,False,5.0,359,41.97229,-87.77097,Chicago
27260309,449.0,6,Entire home/apt,3.0,3.0,2.5,undefined,2,False,4.98,True,3.0,239,42.0104,-87.67074,Chicago
27279571,116.0,4,Entire home/apt,2.0,2.0,1.0,undefined,2,False,4.66,True,1.0,95,41.83837,-87.71035,Chicago
27280746,155.0,6,Entire home/apt,1.0,3.0,1.0,undefined,2,True,4.83,True,1.0,334,41.907849,-87.672184,Chicago
27282179,250.0,4,Entire home/apt,2.0,2.0,1.0,undefined,3,False,4.98,True,1.0,20,41.93569,-87.65633,Chicago
27308270,184.0,4,Entire home/apt,2.0,2.0,1.0,undefined,14,True,4.84,True,47.0,48,41.91457,-87.64186,Chicago
27333611,179.0,6,Entire home/apt,2.0,3.0,2.0,undefined,2,True,4.67,True,4.0,335,41.87003,-87.68831,Chicago
27339033,234.0,2,Entire home/apt,1.0,1.0,1.0,undefined,2,False,4.97,True,1.0,26,41.950172424316406,-87.66014862060547,Chicago
27408745,159.0,5,Entire home/apt,2.0,2.0,1.0,undefined,1,False,5.0,True,1.0,109,41.97374573275965,-87.69215141476263,Chicago
27420170,232.0,10,Entire home/apt,4.0,5.0,2.0,undefined,32,True,4.78,False,1.0,259,41.954819,-87.705929,Chicago
27439525,151.0,4,Entire home/apt,2.0,2.0,1.0,undefined,1,False,4.89,True,1.0,320,41.93753,-87.67338,Chicago
27466584,73.0,2,Private room,1.0,1.0,1.5,undefined,2,False,4.84,False,2.0,243,41.98634,-87.77826,Chicago
27490933,218.0,13,Entire home/apt,6.0,7.0,2.0,undefined,3,False,4.76,False,19.0,38,41.7606086730957,-87.55973052978516,Chicago
27553317,191.0,4,Entire home/apt,2.0,2.0,1.0,undefined,2,False,4.79,True,1.0,33,41.88221,-87.67922,Chicago
27553507,146.0,4,Entire home/apt,2.0,2.0,1.0,undefined,1,False,4.78,False,1.0,265,41.91878,-87.75921,Chicago
27553988,140.0,4,Entire home/apt,2.0,3.0,2.5,undefined,4,False,4.86,True,1.0,164,41.67049,-87.65929,Chicago
27584436,123.0,4,Entire home/apt,2.0,2.0,1.0,undefined,4,False,4.74,False,17.0,72,41.85281,-87.69676,Chicago
27584585,244.0,10,Entire home/apt,3.0,4.0,1.0,undefined,2,False,4.63,False,4.0,54,41.94259,-87.6487,Chicago
27638781,209.0,6,Entire home/apt,3.0,3.0,1.0,undefined,1,True,4.85,False,2.0,358,41.80451,-87.60854,Chicago
27639463,170.0,4,Entire home/apt,2.0,2.0,1.0,undefined,2,True,4.98,True,2.0,162,41.95211,-87.6559,Chicago
27732324,90.0,6,Entire home/apt,3.0,3.0,2.0,undefined,32,False,4.95,False,1.0,56,41.94374,-87.65449,Chicago
27732402,130.0,3,Entire home/apt,1.0,1.0,1.0,undefined,32,False,5.0,True,42.0,114,41.8777,-87.68215,Chicago
27766304,88.0,2,Private room,0.0,1.0,1.0,undefined,32,False,,False,1.0,365,41.68042,-87.53799,Chicago
27783440,708.0,8,Entire home/apt,3.0,5.0,3.5,undefined,2,False,4.88,True,4.0,264,41.94667,-87.64369,Chicago
27785167,151.0,2,Entire home/apt,0.0,2.0,1.0,undefined,2,True,4.92,True,3.0,339,41.89806,-87.65788,Chicago
27804909,294.0,8,Entire home/apt,3.0,3.0,1.0,undefined,32,False,5.0,False,4.0,263,41.75234,-87.65656,Chicago
27814729,45.0,2,Private room,1.0,1.0,1.0,undefined,32,False,5.0,False,3.0,144,41.85403,-87.7236,Chicago
27830773,37.0,2,Private room,1.0,1.0,1.5,undefined,32,False,4.5,True,3.0,276,41.79964,-87.59896,Chicago
27872315,103.0,4,Entire home/apt,1.0,2.0,1.0,undefined,2,False,4.93,True,1.0,22,41.96248,-87.66653,Chicago
27890313,54.0,2,Private room,1.0,1.0,1.0,undefined,32,False,5.0,False,4.0,269,41.75241,-87.65611,Chicago
27907713,55.0,1,Private room,1.0,1.0,1.0,undefined,32,False,,False,1.0,267,41.91394,-87.72486,Chicago
28052689,79.0,2,Entire home/apt,1.0,2.0,1.0,undefined,32,False,4.9,True,4.0,361,41.93927,-87.71772,Chicago
28132761,89.0,6,Entire home/apt,3.0,3.0,2.0,undefined,2,True,4.89,True,3.0,328,41.96231842041016,-87.66576385498047,Chicago
28133387,269.0,12,Entire home/apt,6.0,6.0,4.0,undefined,32,True,4.96,True,3.0,327,41.96231842041016,-87.66576385498047,Chicago
28152683,119.0,4,Entire home/apt,2.0,2.0,1.0,undefined,2,False,4.82,False,1.0,4,41.95757,-87.72495,Chicago
28281379,42.0,2,Private room,2.0,2.0,1.0,undefined,3,False,4.7,True,2.0,51,41.9057,-87.68909,Chicago
28283064,142.0,6,Entire home/apt,2.0,3.0,1.0,undefined,2,False,4.88,True,2.0,297,41.94035,-87.66589,Chicago
28287649,315.0,6,Entire home/apt,3.0,3.0,2.0,undefined,32,False,4.84,False,1.0,320,41.91568,-87.6395,Chicago
28300542,110.0,4,Entire home/apt,2.0,3.0,1.0,undefined,32,False,4.99,False,1.0,146,41.95676,-87.6783,Chicago
28303715,982.0,16,Entire home/apt,6.0,14.0,6.5,undefined,2,True,4.94,,12.0,292,41.90822,-87.63859,Chicago
28359732,127.0,6,Entire home/apt,2.0,2.0,1.0,undefined,2,False,4.94,True,11.0,261,41.93585,-87.70986,Chicago
28361473,501.0,4,Entire home/apt,3.0,3.0,2.0,undefined,2,False,4.98,True,6.0,319,41.91295,-87.63452,Chicago
28402457,58.0,1,Private room,1.0,2.0,1.0,undefined,32,False,4.7,False,3.0,268,42.0206,-87.66525,Chicago
28405971,100.0,6,Entire home/apt,2.0,2.0,1.0,undefined,2,False,4.63,False,3.0,43,41.89692,-87.67126,Chicago
28444302,143.0,5,Entire home/apt,3.0,3.0,1.0,undefined,2,False,4.89,True,6.0,139,41.94069,-87.67892,Chicago
28459886,649.0,16,Entire home/apt,4.0,8.0,4.5,undefined,2,False,4.88,True,1.0,25,41.91864,-87.68169,Chicago
28510810,240.0,2,Hotel room,1.0,1.0,2.0,undefined,32,True,5.0,True,10.0,134,41.90543,-87.67264,Chicago
28510957,213.0,2,Hotel room,1.0,1.0,2.0,undefined,1,True,4.91,True,10.0,160,41.90702,-87.67183,Chicago
28511244,249.0,2,Hotel room,1.0,1.0,2.0,undefined,32,True,5.0,True,10.0,182,41.90768,-87.67212,Chicago
28511296,272.0,2,Hotel room,1.0,1.0,2.0,undefined,32,True,4.75,True,10.0,179,41.90758,-87.67315,Chicago
28511402,238.0,2,Hotel room,1.0,1.0,2.0,undefined,32,True,4.96,True,10.0,179,41.90569,-87.67339,Chicago
28511708,214.0,3,Hotel room,1.0,1.0,2.0,undefined,32,True,4.87,True,10.0,175,41.90569,-87.6719,Chicago
28511827,218.0,2,Hotel room,1.0,1.0,2.0,undefined,32,True,5.0,True,10.0,178,41.90562,-87.67317,Chicago
28511937,255.0,2,Hotel room,1.0,1.0,2.0,undefined,32,True,4.82,True,10.0,171,41.90713,-87.67388,Chicago
28522014,135.0,7,Entire home/apt,3.0,4.0,1.5,undefined,1,False,4.89,True,5.0,356,41.85347,-87.68362,Chicago
28558169,90.0,4,Entire home/apt,2.0,2.0,1.0,undefined,32,False,4.98,True,15.0,230,41.83999,-87.6488,Chicago
28615266,177.0,3,Entire home/apt,1.0,1.0,1.0,undefined,32,True,4.71,True,12.0,188,41.88529,-87.62971,Chicago
28615463,131.0,5,Entire home/apt,3.0,3.0,1.0,undefined,32,False,4.83,True,3.0,364,41.83887,-87.63924,Chicago
28714602,32.0,3,Entire home/apt,1.0,1.0,1.0,undefined,32,False,5.0,True,42.0,364,41.87775,-87.68219,Chicago
28777485,97.0,6,Entire home/apt,3.0,3.0,1.0,undefined,2,False,4.74,True,1.0,242,41.90509,-87.7128,Chicago
28803574,110.0,5,Entire home/apt,2.0,2.0,1.0,undefined,1,True,4.95,True,1.0,200,41.97328,-87.69466,Chicago
28811137,104.0,4,Entire home/apt,1.0,2.0,1.0,undefined,2,False,4.97,True,3.0,211,41.96871,-87.6574,Chicago
28842296,282.0,8,Entire home/apt,3.0,4.0,2.0,undefined,3,False,4.9,True,3.0,344,41.93448,-87.65906,Chicago
28864302,170.0,5,Entire home/apt,2.0,2.0,1.0,undefined,32,False,4.95,True,42.0,33,41.85103,-87.68133,Chicago
28909247,129.0,2,Private room,1.0,1.0,1.0,undefined,32,True,4.22,False,3.0,268,41.91504,-87.7179,Chicago
28913455,113.0,2,Entire home/apt,0.0,1.0,1.0,undefined,2,False,4.87,True,5.0,217,41.90736,-87.68954,Chicago
28927616,109.0,2,Entire home/apt,1.0,1.0,1.0,undefined,32,False,4.97,True,1.0,334,41.98298,-87.77786,Chicago
28948015,72.0,2,Private room,1.0,1.0,1.0,undefined,32,False,4.79,False,15.0,324,41.88048,-87.68637,Chicago
28948832,50.0,2,Private room,1.0,1.0,1.0,undefined,32,False,4.83,False,15.0,301,41.8801,-87.6869,Chicago
28982045,284.0,4,Entire home/apt,2.0,2.0,1.0,undefined,2,False,4.98,True,2.0,221,41.91789,-87.64532,Chicago
28991510,90.0,2,Entire home/apt,1.0,1.0,1.0,undefined,32,False,4.85,True,47.0,268,41.98968,-87.66152,Chicago
29050721,85.0,2,Private room,1.0,1.0,1.0,undefined,2,False,4.89,True,26.0,263,41.9394,-87.75621,Chicago
29053143,133.0,4,Entire home/apt,2.0,2.0,1.0,undefined,2,True,4.96,True,3.0,204,41.97397,-87.67147,Chicago
29103060,140.0,6,Entire home/apt,3.0,3.0,2.0,undefined,3,False,4.97,True,1.0,329,41.97052,-87.75786,Chicago
29120761,116.0,6,Entire home/apt,2.0,3.0,1.0,undefined,2,False,4.85,True,1.0,265,41.93812,-87.67068,Chicago
29129510,53.0,2,Private room,1.0,2.0,1.0,undefined,2,False,4.9,True,2.0,46,41.95646286010742,-87.72673797607422,Chicago
29157741,87.0,3,Entire home/apt,2.0,2.0,1.0,undefined,32,True,4.85,False,7.0,237,41.89711,-87.69129,Chicago
29191606,205.0,8,Entire home/apt,3.0,5.0,2.0,undefined,2,False,4.8,False,8.0,355,41.84547,-87.64532,Chicago
29209840,189.0,4,Private room,2.0,2.0,2.0,undefined,3,False,5.0,True,3.0,215,41.98847,-87.67075,Chicago
29216241,121.0,4,Entire home/apt,2.0,3.0,1.0,undefined,32,False,,False,4.0,365,41.87475,-87.72419,Chicago
29283596,123.0,4,Entire home/apt,2.0,2.0,1.0,undefined,3,False,4.88,False,1.0,37,41.90125,-87.69439,Chicago
29308967,123.0,2,Entire home/apt,1.0,1.0,1.0,undefined,32,False,4.5,False,6.0,89,41.86569,-87.69819,Chicago
29371285,37.0,5,Private room,1.0,1.0,2.0,undefined,2,False,4.21,False,11.0,241,41.87341,-87.69506,Chicago
29391145,133.0,4,Entire home/apt,2.0,2.0,1.0,undefined,2,False,4.87,True,5.0,240,41.92932,-87.70915,Chicago
29392758,98.0,2,Entire home/apt,0.0,1.0,1.0,undefined,1,True,4.92,True,5.0,342,41.94176,-87.72921,Chicago
29413045,121.0,2,Private room,1.0,1.0,1.0,undefined,3,False,4.97,True,1.0,251,41.80816,-87.59339,Chicago
29417300,495.0,8,Entire home/apt,3.0,5.0,3.0,undefined,2,False,5.0,True,5.0,215,41.91056,-87.67874,Chicago
29481624,118.0,3,Entire home/apt,2.0,2.0,1.0,undefined,2,False,4.9,True,4.0,227,41.8592643737793,-87.65789794921875,Chicago
29509800,191.0,4,Entire home/apt,2.0,2.0,1.0,undefined,2,True,4.78,True,4.0,335,41.925489,-87.711754,Chicago
29545196,104.0,4,Entire home/apt,2.0,2.0,1.0,undefined,1,False,4.77,True,6.0,351,41.91749,-87.70931,Chicago
29606788,88.0,2,Private room,1.0,1.0,3.0,undefined,1,False,4.92,True,4.0,347,41.8512,-87.6376,Chicago
29630511,93.0,4,Entire home/apt,1.0,2.0,1.0,undefined,2,False,4.91,True,1.0,313,41.81107,-87.61249,Chicago
29658545,85.0,2,Entire home/apt,1.0,2.0,1.0,undefined,32,True,4.84,True,7.0,353,41.91013,-87.67252,Chicago
29662041,117.0,6,Entire home/apt,2.0,6.0,1.0,undefined,3,False,4.95,True,1.0,224,41.9279,-87.70037,Chicago
29662221,50.0,2,Private room,1.0,1.0,1.0,undefined,32,False,5.0,False,15.0,324,41.88016,-87.68636,Chicago
29702099,82.0,2,Private room,1.0,1.0,1.0,undefined,1,False,4.97,True,2.0,355,41.99418,-87.69507,Chicago
29704782,131.0,4,Entire home/apt,2.0,2.0,1.0,undefined,2,False,4.85,True,6.0,19,41.959247,-87.712985,Chicago
29704960,222.0,16,Entire home/apt,5.0,7.0,1.5,undefined,2,False,4.79,True,2.0,365,41.80917,-87.71045,Chicago
29739220,135.0,8,Entire home/apt,2.0,2.0,2.0,undefined,1,True,,False,2.0,188,41.89407,-87.67524,Chicago
29775439,260.0,4,Entire home/apt,2.0,2.0,2.0,undefined,6,False,4.97,True,2.0,279,41.94916,-87.66881,Chicago
29784793,67.0,2,Entire home/apt,1.0,1.0,1.0,undefined,32,False,4.9,True,2.0,295,41.93603,-87.78646,Chicago
29800563,146.0,2,Entire home/apt,1.0,1.0,1.0,undefined,2,False,4.98,True,2.0,44,41.89925,-87.68333,Chicago
29818213,158.0,4,Entire home/apt,1.0,1.0,1.0,undefined,32,False,5.0,True,105.0,364,41.89598,-87.632,Chicago
29877084,460.0,4,Entire home/apt,2.0,3.0,2.0,undefined,2,False,4.9,True,1.0,249,41.909633,-87.634233,Chicago
29880162,164.0,6,Entire home/apt,1.0,3.0,1.0,undefined,2,False,4.59,False,5.0,171,41.92757,-87.66244,Chicago
29880855,192.0,6,Entire home/apt,1.0,1.0,1.0,undefined,2,False,4.62,False,5.0,174,41.92832565307617,-87.66361236572266,Chicago
29885798,167.0,6,Entire home/apt,3.0,3.0,1.0,undefined,2,False,4.73,False,1.0,334,41.95073,-87.6594,Chicago
29898010,1331.0,12,Entire home/apt,5.0,7.0,4.5,undefined,4,False,5.0,False,2.0,27,41.9038,-87.67553,Chicago
29927726,94.0,4,Entire home/apt,2.0,2.0,1.0,undefined,32,False,4.93,True,3.0,363,41.94233,-87.73457,Chicago
29941738,286.0,9,Entire home/apt,1.0,4.0,1.5,undefined,2,False,4.69,False,5.0,178,41.92815,-87.66478,Chicago
29942397,286.0,9,Entire home/apt,1.0,5.0,1.5,undefined,2,False,4.71,False,5.0,173,41.92838287353516,-87.66361236572266,Chicago
29950782,187.0,7,Entire home/apt,2.0,4.0,1.0,undefined,2,False,4.82,False,8.0,359,41.85589,-87.63324,Chicago
29964527,141.0,6,Entire home/apt,3.0,4.0,1.0,undefined,3,False,4.93,True,1.0,209,41.78091,-87.61007,Chicago
29985017,155.0,2,Entire home/apt,1.0,1.0,1.0,undefined,32,False,,False,1.0,364,41.86647,-87.62037,Chicago
30023762,90.0,6,Entire home/apt,1.0,2.0,1.0,undefined,2,False,4.79,True,2.0,352,41.80848,-87.71082,Chicago
30067181,83.0,3,Entire home/apt,1.0,1.0,1.0,undefined,32,True,5.0,False,4.0,89,41.895111083984375,-87.62720489501953,Chicago
30089490,76.0,2,Entire home/apt,0.0,2.0,1.0,undefined,1,False,4.91,True,1.0,216,41.97932,-87.77409,Chicago
30175919,130.0,3,Entire home/apt,2.0,3.0,1.0,undefined,3,False,4.89,True,2.0,135,41.9591,-87.6759,Chicago
30204360,107.0,5,Entire home/apt,2.0,2.0,1.0,undefined,1,False,4.94,True,2.0,320,41.95619,-87.77117,Chicago
30268784,149.0,4,Entire home/apt,1.0,2.0,1.0,undefined,2,False,4.94,True,1.0,215,41.91218,-87.68174,Chicago
30316138,143.0,5,Entire home/apt,2.0,2.0,1.0,undefined,3,False,4.84,True,6.0,257,41.81781,-87.61329,Chicago
30323315,125.0,2,Entire home/apt,1.0,1.0,1.0,undefined,32,False,,False,8.0,137,41.95164,-87.64658,Chicago
30345320,127.0,4,Entire home/apt,2.0,2.0,2.0,undefined,1,False,4.75,False,1.0,142,41.76957,-87.56598,Chicago
30350238,182.0,4,Entire home/apt,2.0,3.0,1.0,undefined,2,False,4.94,True,1.0,93,41.92409,-87.68815,Chicago
30365762,252.0,6,Entire home/apt,3.0,3.0,2.0,undefined,3,False,4.91,True,2.0,128,41.96746,-87.68515,Chicago
30492373,361.0,6,Entire home/apt,3.0,4.0,1.0,undefined,7,True,4.78,True,10.0,133,41.94903564453125,-87.65520477294922,Chicago
30536360,65.0,6,Entire home/apt,2.0,2.0,1.0,undefined,32,False,4.81,,10.0,325,41.915523529052734,-87.68910217285156,Chicago
30539151,88.0,3,Entire home/apt,1.0,1.0,1.0,undefined,3,False,4.88,True,1.0,185,41.877445,-87.665092,Chicago
30553860,292.0,8,Entire home/apt,4.0,6.0,2.0,undefined,32,False,5.0,True,7.0,332,41.95042,-87.65981,Chicago
30584824,100.0,4,Entire home/apt,0.0,1.0,1.0,undefined,2,False,4.75,True,31.0,141,41.8378,-87.65684,Chicago
30687839,172.0,4,Entire home/apt,2.0,2.0,1.0,undefined,2,False,4.95,True,3.0,290,41.85492,-87.65208,Chicago
30719085,236.0,6,Private room,2.0,4.0,2.0,undefined,2,True,4.85,True,5.0,335,41.90104,-87.6336,Chicago
30735784,124.0,3,Entire home/apt,1.0,1.0,1.0,undefined,3,False,4.81,True,3.0,330,41.98628,-87.65477,Chicago
30771810,135.0,4,Entire home/apt,3.0,3.0,1.0,undefined,32,False,4.88,True,6.0,288,41.9425,-87.67816,Chicago
30774781,405.0,2,Entire home/apt,1.0,1.0,1.0,undefined,5,False,5.0,False,2.0,226,41.943,-87.67774,Chicago
30791532,437.0,2,Entire home/apt,1.0,1.0,1.0,undefined,60,False,,False,4.0,365,42.0122,-87.66552,Chicago
30815437,217.0,2,Entire home/apt,0.0,1.0,1.0,undefined,1,False,4.63,True,11.0,342,41.90300750732422,-87.67169952392578,Chicago
30817507,217.0,2,Hotel room,0.0,1.0,1.0,undefined,1,False,4.42,True,11.0,335,41.90300750732422,-87.67169952392578,Chicago
30817817,222.0,2,Hotel room,0.0,1.0,1.0,undefined,1,False,4.79,True,11.0,338,41.90300750732422,-87.67169952392578,Chicago
30817981,227.0,2,Entire home/apt,0.0,1.0,1.0,undefined,1,False,4.75,True,11.0,340,41.90300750732422,-87.67169952392578,Chicago
30818719,217.0,2,Hotel room,0.0,1.0,1.0,undefined,1,False,4.83,True,11.0,206,41.90300750732422,-87.67169952392578,Chicago
30818831,217.0,2,Hotel room,0.0,1.0,1.0,undefined,1,False,4.79,True,11.0,339,41.90300750732422,-87.67169952392578,Chicago
30820481,1190.0,16,Entire home/apt,10.0,16.0,5.0,undefined,2,True,4.84,True,7.0,332,41.94994,-87.66023,Chicago
30894435,38.0,2,Private room,1.0,3.0,1.0,undefined,32,False,4.48,False,35.0,270,41.78977,-87.63453,Chicago
30909493,300.0,5,Entire home/apt,2.0,3.0,1.0,undefined,32,True,4.74,True,12.0,200,41.88652,-87.63142,Chicago
30976034,120.0,2,Entire home/apt,0.0,1.0,1.0,undefined,1,False,4.66,False,3.0,128,41.8824,-87.68145,Chicago
30984315,65.0,1,Private room,1.0,2.0,1.0,undefined,2,False,5.0,False,1.0,6,41.91687,-87.68314,Chicago
30998638,367.0,6,Entire home/apt,3.0,3.0,2.0,undefined,3,False,5.0,False,1.0,319,41.90866,-87.679,Chicago
31001222,79.0,6,Entire home/apt,3.0,4.0,2.0,undefined,2,True,4.71,False,1.0,329,41.897764,-87.655612,Chicago
31055263,450.0,8,Entire home/apt,3.0,4.0,2.5,undefined,2,False,4.87,False,1.0,346,41.91364,-87.70786,Chicago
31088966,89.0,8,Entire home/apt,3.0,3.0,1.0,undefined,2,True,4.69,False,2.0,340,41.99867,-87.6964,Chicago
31153452,361.0,8,Entire home/apt,3.0,3.0,2.0,undefined,2,False,4.42,False,2.0,180,41.86629,-87.7168,Chicago
31195036,47.0,2,Private room,1.0,1.0,3.0,undefined,5,True,4.87,True,14.0,332,41.88356,-87.76541,Chicago
31195091,436.0,3,Entire home/apt,2.0,2.0,1.0,undefined,32,False,,True,6.0,327,41.91294,-87.63611,Chicago
31290746,98.0,1,Private room,1.0,1.0,1.0,undefined,10,False,4.82,True,11.0,51,41.94385,-87.6497,Chicago
31329286,49.0,2,Private room,1.0,1.0,3.0,undefined,5,True,4.89,True,14.0,341,41.88274,-87.76554,Chicago
31356183,102.0,2,Private room,1.0,1.0,1.0,undefined,3,False,4.98,True,2.0,246,42.01288,-87.67219,Chicago
31358755,45.0,2,Private room,1.0,1.0,3.0,undefined,5,True,4.78,True,14.0,355,41.88246,-87.76522,Chicago
31358903,339.0,7,Entire home/apt,4.0,5.0,2.0,undefined,2,False,4.81,False,10.0,203,41.84987,-87.63486,Chicago
31416436,114.0,5,Entire home/apt,2.0,3.0,1.0,undefined,1,False,4.93,True,1.0,128,41.8405,-87.64995,Chicago
31490616,132.0,6,Entire home/apt,3.0,4.0,1.0,undefined,1,False,4.82,False,1.0,135,41.78379,-87.59842,Chicago
31509848,163.0,5,Entire home/apt,2.0,3.0,1.0,undefined,2,False,5.0,True,2.0,48,41.9332,-87.70901,Chicago
31515060,42.0,1,Private room,1.0,1.0,3.0,undefined,5,True,4.69,True,14.0,341,41.88424,-87.76742,Chicago
31617545,117.0,4,Entire home/apt,2.0,2.0,1.0,undefined,13,False,5.0,True,4.0,134,41.90817,-87.69164,Chicago
31630602,57.0,2,Private room,1.0,1.0,1.0,undefined,3,True,4.82,True,6.0,348,41.86573,-87.65609,Chicago
31640920,85.0,4,Entire home/apt,2.0,2.0,1.0,undefined,32,False,4.64,True,4.0,234,41.81979,-87.70315,Chicago
31653910,117.0,5,Entire home/apt,1.0,2.0,1.0,undefined,2,True,4.84,True,5.0,211,41.97226,-87.66441,Chicago
31696612,287.0,6,Entire home/apt,2.0,3.0,1.0,undefined,32,False,4.88,False,7.0,364,42.01181,-87.68867,Chicago
31718914,177.0,3,Entire home/apt,2.0,2.0,1.0,undefined,3,False,4.96,True,1.0,275,41.89769,-87.66868,Chicago
31741615,45.0,2,Private room,1.0,1.0,1.0,undefined,1,False,4.89,True,3.0,82,41.95771,-87.71634,Chicago
31777552,50.0,2,Private room,1.0,1.0,1.0,undefined,1,False,4.68,False,2.0,336,41.76103,-87.5889,Chicago
31836712,72.0,6,Entire home/apt,3.0,4.0,2.0,undefined,2,True,4.77,False,4.0,315,41.877858,-87.679355,Chicago
31852150,174.0,5,Entire home/apt,3.0,3.0,2.0,undefined,2,False,4.98,True,19.0,175,41.98517,-87.66792,Chicago
31860794,130.0,5,Entire home/apt,3.0,3.0,1.0,undefined,1,False,4.97,True,2.0,208,41.95708,-87.67162,Chicago
31909493,151.0,9,Entire home/apt,4.0,4.0,1.0,undefined,2,False,4.94,True,1.0,156,41.86979,-87.72272,Chicago
31924931,126.0,2,Entire home/apt,1.0,1.0,1.0,undefined,1,False,4.89,True,1.0,199,41.94769,-87.6862,Chicago
31985965,51.0,3,Private room,2.0,3.0,1.5,undefined,32,True,4.95,True,4.0,1,41.88787,-87.76898,Chicago
32040658,138.0,2,Private room,1.0,2.0,1.0,undefined,32,True,4.89,True,10.0,269,41.88936,-87.63025,Chicago
32046743,149.0,5,Entire home/apt,2.0,3.0,1.0,undefined,2,True,4.9,True,2.0,320,41.960881,-87.677896,Chicago
32048272,98.0,5,Entire home/apt,2.0,2.0,1.0,undefined,2,False,4.84,True,2.0,226,41.89018,-87.70888,Chicago
32082371,297.0,8,Entire home/apt,3.0,5.0,2.5,undefined,2,True,4.86,False,2.0,360,41.77634259365946,-87.62942178688476,Chicago
32132618,485.0,6,Entire home/apt,2.0,3.0,2.0,undefined,2,True,4.99,True,6.0,303,41.94725580010055,-87.66038720178622,Chicago
32139905,111.0,4,Entire home/apt,1.0,2.0,1.0,undefined,2,False,4.83,True,1.0,68,41.94124398150169,-87.71544332615052,Chicago
32171132,83.0,6,Entire home/apt,2.0,2.0,1.0,undefined,32,True,4.54,False,7.0,247,41.89761,-87.69099,Chicago
32177642,36.0,1,Private room,5.0,5.0,3.0,undefined,5,True,4.8,True,14.0,360,41.88397,-87.76567,Chicago
32245343,106.0,4,Entire home/apt,2.0,2.0,1.0,undefined,2,False,4.91,True,5.0,169,41.96303,-87.70722,Chicago
32288005,115.0,4,Entire home/apt,2.0,2.0,1.0,undefined,32,False,5.0,True,5.0,299,41.93387,-87.7191,Chicago
32310664,532.0,6,Entire home/apt,4.0,4.0,2.5,undefined,3,False,4.71,False,2.0,83,41.87979,-87.68372,Chicago
32383305,90.0,4,Entire home/apt,1.0,1.0,1.0,undefined,180,False,,False,2.0,365,41.86011,-87.66088,Chicago
32406694,120.0,2,Entire home/apt,1.0,1.0,1.0,undefined,1,False,4.89,True,8.0,304,41.90199,-87.63148,Chicago
32428501,169.0,8,Entire home/apt,3.0,4.0,1.0,undefined,2,False,4.9,True,8.0,55,41.92067,-87.71228,Chicago
32574547,176.0,4,Entire home/apt,1.0,2.0,1.0,undefined,32,True,4.76,False,3.0,237,41.85596,-87.70748,Chicago
32587185,178.0,5,Entire home/apt,2.0,2.0,1.0,undefined,2,False,4.94,True,2.0,159,41.85694,-87.67701,Chicago
32639509,229.0,5,Entire home/apt,2.0,3.0,2.0,undefined,2,False,4.96,True,4.0,84,41.87798,-87.65929,Chicago
32661089,350.0,2,Entire home/apt,0.0,1.0,1.0,undefined,32,False,4.82,,19.0,176,41.88531,-87.62526,Chicago
32668765,136.0,6,Entire home/apt,3.0,3.0,1.0,undefined,2,False,4.58,False,4.0,337,41.91786,-87.69892,Chicago
32669282,103.0,3,Entire home/apt,1.0,2.0,1.0,undefined,4,False,4.91,True,2.0,252,42.01294,-87.6721,Chicago
32697199,285.0,4,Entire home/apt,2.0,2.0,2.0,undefined,2,False,4.8,True,3.0,102,42.0179,-87.67443,Chicago
32735595,175.0,2,Private room,1.0,1.0,1.5,undefined,2,False,4.78,True,13.0,89,41.96291,-87.735344,Chicago
32741575,125.0,4,Entire home/apt,1.0,2.0,1.0,undefined,2,True,4.73,False,28.0,262,41.97366387151171,-87.66517944693676,Chicago
32757953,155.0,4,Entire home/apt,1.0,2.0,1.0,undefined,2,False,4.98,True,1.0,82,41.9795,-87.66898,Chicago
32821107,88.0,2,Entire home/apt,1.0,1.0,1.0,undefined,32,True,4.93,True,2.0,215,41.96326,-87.66497,Chicago
32841476,520.0,12,Entire home/apt,3.0,7.0,2.0,undefined,2,False,4.81,True,29.0,254,41.88655853271485,-87.6519546508789,Chicago
32871572,668.0,16,Entire home/apt,3.0,4.0,3.0,undefined,2,True,4.94,,3.0,326,41.93253,-87.65573,Chicago
32873536,130.0,4,Entire home/apt,1.0,2.0,1.0,undefined,32,False,,False,2.0,270,41.77831,-87.60051,Chicago
32877806,80.0,5,Entire home/apt,2.0,2.0,1.0,undefined,2,False,4.9,True,1.0,221,41.65462,-87.54937,Chicago
32934782,318.0,6,Entire home/apt,2.0,2.0,2.0,undefined,2,False,4.89,True,18.0,122,41.90018236505366,-87.62184934685263,Chicago
33017791,99.0,2,Entire home/apt,1.0,1.0,2.0,undefined,29,False,4.92,False,1.0,139,41.97614,-87.84523,Chicago
33036426,302.0,8,Entire home/apt,4.0,4.0,1.0,undefined,2,True,4.84,True,7.0,329,41.95385,-87.66694,Chicago
33036432,429.0,11,Entire home/apt,5.0,6.0,3.0,undefined,1,True,4.85,True,7.0,335,41.95361,-87.66546,Chicago
33051447,557.0,7,Entire home/apt,3.0,4.0,2.5,undefined,2,True,4.84,True,136.0,324,41.8887227,-87.6466284,Chicago
33073493,90.0,2,Private room,1.0,1.0,3.0,undefined,1,False,4.88,True,4.0,347,41.85295,-87.63725,Chicago
33163191,85.0,2,Entire home/apt,0.0,1.0,1.0,undefined,32,True,4.8,True,7.0,172,41.95409,-87.66835,Chicago
33185116,566.0,12,Entire home/apt,3.0,7.0,2.0,undefined,2,False,4.87,True,29.0,239,41.88655853271485,-87.6519546508789,Chicago
33186836,1025.0,16,Entire home/apt,6.0,14.0,4.0,undefined,2,False,4.85,True,29.0,222,41.88655853271485,-87.6519546508789,Chicago
33249303,142.0,10,Entire home/apt,3.0,6.0,2.0,undefined,2,False,4.83,True,10.0,224,41.85548,-87.67985,Chicago
33363106,384.0,16,Entire home/apt,4.0,9.0,2.0,undefined,2,False,4.92,True,5.0,300,41.93924,-87.64225,Chicago
33364230,180.0,3,Entire home/apt,1.0,1.0,1.0,undefined,2,True,4.9,True,1.0,318,41.9221,-87.686065,Chicago
33376719,1431.0,16,Entire home/apt,8.0,12.0,5.5,undefined,3,False,5.0,,5.0,248,41.91771,-87.71367,Chicago
33409131,70.0,4,Private room,2.0,2.0,2.0,undefined,32,False,5.0,False,143.0,0,41.87717,-87.70436,Chicago
33438071,73.0,4,Entire home/apt,1.0,4.0,1.0,undefined,32,True,4.48,False,6.0,343,41.85309,-87.69624,Chicago
33471059,175.0,4,Entire home/apt,1.0,1.0,1.0,undefined,32,False,5.0,True,105.0,89,41.88771,-87.61852,Chicago
33491833,131.0,6,Entire home/apt,3.0,3.0,1.0,undefined,32,False,4.58,False,1.0,106,41.924163,-87.704342,Chicago
33501623,114.0,7,Entire home/apt,3.0,3.0,1.0,undefined,32,True,4.47,False,7.0,359,41.84352,-87.63915,Chicago
33520562,187.0,5,Entire home/apt,2.0,2.0,2.0,undefined,32,False,4.92,True,6.0,333,42.01957,-87.66426,Chicago
33556246,242.0,5,Entire home/apt,3.0,3.0,1.0,undefined,3,False,4.94,True,3.0,73,41.9084,-87.68364,Chicago
33578584,144.0,4,Entire home/apt,3.0,2.0,1.0,undefined,7,False,4.86,False,2.0,28,41.7942,-87.79218,Chicago
33593941,229.0,9,Entire home/apt,3.0,4.0,2.0,undefined,2,True,4.93,True,31.0,51,41.85669,-87.63226,Chicago
33594118,229.0,9,Entire home/apt,3.0,4.0,2.0,undefined,2,True,4.86,True,31.0,53,41.85797,-87.63388,Chicago
33615334,122.0,5,Entire home/apt,3.0,3.0,1.0,undefined,2,True,4.69,False,11.0,11,41.85754,-87.66587,Chicago
33636138,143.0,4,Entire home/apt,2.0,2.0,1.0,undefined,2,False,4.91,True,2.0,151,41.85694,-87.67701,Chicago
33645248,45.0,5,Private room,1.0,5.0,1.0,undefined,1,False,4.42,False,9.0,361,41.76447,-87.57348,Chicago
33667922,305.0,14,Entire home/apt,4.0,9.0,2.0,undefined,2,True,4.82,True,31.0,72,41.85347767654599,-87.63321333299847,Chicago
33724609,359.0,11,Entire home/apt,4.0,6.0,1.5,undefined,2,True,4.88,True,31.0,91,41.84599,-87.63497,Chicago
33749042,226.0,8,Entire home/apt,3.0,3.0,2.0,undefined,1,False,4.84,True,4.0,360,41.72055,-87.59305,Chicago
33749416,139.0,2,Private room,1.0,1.0,1.0,undefined,3,False,4.97,True,6.0,242,41.9318,-87.79291,Chicago
33753806,73.0,4,Private room,1.0,4.0,1.0,undefined,3,False,4.79,True,6.0,341,41.86644,-87.65344,Chicago
33755589,320.0,10,Entire home/apt,3.0,7.0,2.0,undefined,2,False,4.81,True,6.0,330,41.86683,-87.65402,Chicago
33810223,475.0,2,Private room,1.0,1.0,1.5,undefined,1,False,4.91,True,2.0,81,41.93726,-87.67514,Chicago
33855764,198.0,7,Entire home/apt,3.0,5.0,1.0,undefined,2,False,4.84,True,7.0,361,41.92712,-87.66859,Chicago
33940403,2319.0,12,Entire home/apt,6.0,7.0,3.5,undefined,4,False,5.0,True,4.0,321,41.9144,-87.6463,Chicago
33948525,309.0,14,Entire home/apt,5.0,8.0,2.0,undefined,2,True,4.86,True,31.0,92,41.84572,-87.63329,Chicago
33948713,309.0,13,Entire home/apt,4.0,9.0,4.0,undefined,2,True,4.78,True,31.0,72,41.84564,-87.63477,Chicago
33948840,309.0,12,Entire home/apt,4.0,7.0,4.0,undefined,2,True,4.76,True,31.0,76,41.84589,-87.63485,Chicago
33998121,277.0,4,Private room,2.0,3.0,1.0,undefined,32,False,4.76,False,2.0,365,41.94115,-87.65076,Chicago
34041797,30.0,4,Private room,1.0,1.0,2.0,undefined,2,False,,,82.0,150,41.87761,-87.68052,Chicago
34043080,104.0,6,Entire home/apt,4.0,4.0,2.0,undefined,2,True,4.92,True,1.0,318,41.97675323486328,-87.66390991210938,Chicago
34044886,130.0,6,Entire home/apt,3.0,3.0,2.0,undefined,32,False,4.77,,8.0,327,41.95481,-87.69889,Chicago
34081264,64.0,3,Entire home/apt,1.0,3.0,1.0,undefined,2,False,4.8,False,15.0,197,41.76087,-87.58783,Chicago
34110110,290.0,8,Entire home/apt,3.0,4.0,2.0,undefined,2,False,4.86,True,38.0,357,41.94422,-87.68165,Chicago
34115512,57.0,4,Entire home/apt,2.0,2.0,1.0,undefined,32,False,4.45,False,5.0,179,41.90762,-87.71031,Chicago
34122651,76.0,6,Entire home/apt,3.0,3.0,2.0,undefined,2,True,4.77,False,4.0,321,41.87786,-87.67936,Chicago
34147220,304.0,15,Entire home/apt,4.0,9.0,2.0,undefined,32,False,4.35,False,32.0,0,41.95516,-87.6688,Chicago
34147466,84.0,4,Entire home/apt,2.0,2.0,1.0,undefined,5,False,4.91,True,1.0,55,41.74915,-87.61742,Chicago
34201647,180.0,6,Entire home/apt,3.0,3.0,2.0,undefined,32,False,4.75,True,1.0,258,41.81685,-87.61667,Chicago
34203707,120.0,2,Entire home/apt,1.0,1.0,1.0,undefined,360,True,,False,74.0,365,41.89158,-87.61517,Chicago
34211831,395.0,2,Entire home/apt,0.0,2.0,1.0,undefined,32,False,4.73,,19.0,175,41.88265,-87.64358,Chicago
34216617,121.0,4,Entire home/apt,2.0,2.0,1.0,undefined,3,False,4.81,True,6.0,352,41.94085,-87.71697,Chicago
34224437,180.0,5,Entire home/apt,2.0,3.0,1.0,undefined,3,False,4.99,True,1.0,6,41.94005,-87.64644,Chicago
34234154,58.0,3,Private room,1.0,2.0,2.0,undefined,1,True,4.56,False,4.0,325,41.88864,-87.72008,Chicago
34282874,328.0,7,Entire home/apt,4.0,4.0,1.5,undefined,2,False,5.0,True,1.0,82,41.952763,-87.686211,Chicago
34303597,126.0,4,Entire home/apt,1.0,2.0,1.0,undefined,33,True,4.78,True,47.0,92,41.91331,-87.63998,Chicago
34316136,80.0,1,Private room,1.0,1.0,1.0,undefined,32,False,,False,2.0,365,41.88202,-87.6835,Chicago
34317819,75.0,2,Entire home/apt,1.0,1.0,1.0,undefined,1,False,4.51,False,2.0,79,41.93272,-87.72247,Chicago
34318581,43.0,2,Private room,1.0,2.0,2.5,undefined,32,False,4.93,True,7.0,343,41.7649,-87.56884,Chicago
34322512,44.0,1,Private room,1.0,1.0,1.0,undefined,32,False,4.61,False,13.0,180,41.79576,-87.66162,Chicago
34327660,272.0,8,Entire home/apt,4.0,4.0,1.0,undefined,2,True,4.96,True,3.0,244,41.92147,-87.65427,Chicago
34337538,110.0,2,Entire home/apt,1.0,1.0,1.0,undefined,32,True,4.63,True,87.0,339,41.91376,-87.63784,Chicago
34340162,240.0,8,Entire home/apt,3.0,4.0,2.0,undefined,3,False,4.92,True,6.0,343,41.9099,-87.66682,Chicago
34348324,250.0,5,Entire home/apt,2.0,3.0,1.5,undefined,32,True,4.37,False,2.0,365,41.97309,-87.84193,Chicago
34383700,27.0,1,Private room,1.0,1.0,1.0,undefined,32,False,4.95,False,13.0,110,41.79442,-87.66167,Chicago
34441059,33.0,1,Private room,1.0,1.0,1.0,undefined,32,False,5.0,False,2.0,156,41.69191,-87.6815,Chicago
34441147,40.0,4,Private room,1.0,3.0,1.0,undefined,3,False,4.73,True,8.0,124,41.98295,-87.8196,Chicago
34517680,272.0,6,Entire home/apt,2.0,4.0,2.0,undefined,2,False,4.92,True,14.0,352,41.905739,-87.674858,Chicago
34528084,247.0,4,Entire home/apt,2.0,2.0,2.0,undefined,3,True,5.0,False,3.0,246,41.87149,-87.65933,Chicago
34565182,350.0,2,Entire home/apt,1.0,1.0,1.5,undefined,2,False,4.98,True,5.0,255,41.90074,-87.62465,Chicago
34574634,106.0,6,Entire home/apt,3.0,3.0,1.0,undefined,2,False,4.97,True,3.0,207,41.95457,-87.72258,Chicago
34590811,149.0,2,Entire home/apt,0.0,1.0,1.0,undefined,3,False,4.95,True,2.0,159,41.90171432354342,-87.67141979187727,Chicago
34624805,188.0,2,Private room,1.0,1.0,0.0,undefined,32,True,4.41,False,51.0,32,41.8923,-87.627335,Chicago
34719701,45.0,2,Entire home/apt,1.0,1.0,1.0,undefined,2,True,4.86,True,1.0,344,41.962604,-87.77551,Chicago
34774170,119.0,10,Entire home/apt,5.0,5.0,3.5,undefined,32,True,4.78,True,3.0,359,41.878445,-87.680006,Chicago
34782516,180.0,4,Entire home/apt,2.0,2.0,2.0,undefined,2,False,4.96,True,4.0,320,41.98319625854492,-87.71691131591797,Chicago
34788331,169.0,7,Entire home/apt,2.0,4.0,1.0,undefined,32,False,4.93,False,2.0,257,41.9921,-87.66001,Chicago
34789562,120.0,4,Entire home/apt,2.0,3.0,1.0,undefined,14,False,4.2,False,3.0,167,41.85601,-87.67138,Chicago
34809632,50.0,1,Private room,1.0,1.0,1.0,undefined,2,False,4.94,True,6.0,293,41.783544,-87.613592,Chicago
34818035,84.0,6,Entire home/apt,3.0,3.0,3.0,undefined,2,True,4.79,True,4.0,329,41.87003,-87.68831,Chicago
34819360,96.0,4,Entire home/apt,2.0,2.0,1.0,undefined,2,False,4.84,True,3.0,348,41.6882,-87.60491,Chicago
34819528,135.0,4,Entire home/apt,1.0,2.0,1.0,undefined,1,False,4.95,True,1.0,223,41.8258,-87.61993,Chicago
34866762,102.0,4,Entire home/apt,2.0,2.0,1.0,undefined,2,False,4.99,True,6.0,324,41.78406,-87.61273,Chicago
34866772,71.0,1,Private room,1.0,1.0,1.0,undefined,2,False,5.0,True,6.0,134,41.78417,-87.61256,Chicago
34890754,2249.0,14,Entire home/apt,4.0,7.0,3.5,undefined,32,False,5.0,False,5.0,364,41.89564,-87.65398,Chicago
34902785,209.0,3,Entire home/apt,1.0,1.0,1.0,undefined,2,False,4.9,True,1.0,237,41.91101,-87.67559,Chicago
34913110,305.0,12,Entire home/apt,4.0,8.0,2.0,undefined,2,True,4.76,True,31.0,86,41.85349,-87.63398,Chicago
34913380,305.0,16,Entire home/apt,4.0,11.0,2.0,undefined,2,True,4.91,True,31.0,331,41.85311,-87.63203,Chicago
34930062,345.0,10,Entire home/apt,4.0,5.0,3.0,undefined,2,True,4.83,True,9.0,168,41.90136,-87.62574,Chicago
34932141,215.0,6,Entire home/apt,3.0,5.0,1.0,undefined,2,False,4.96,True,2.0,43,41.95344,-87.67022,Chicago
34974374,730.0,16,Entire home/apt,5.0,7.0,5.0,undefined,1,False,4.91,False,9.0,354,41.89612,-87.66223,Chicago
35009714,137.0,5,Entire home/apt,2.0,2.0,2.0,undefined,1,True,5.0,True,1.0,240,41.83469,-87.64208,Chicago
35034266,96.0,3,Entire home/apt,1.0,1.0,1.0,undefined,2,False,4.89,False,5.0,308,41.98612,-87.66991,Chicago
35039966,181.0,8,Entire home/apt,3.0,4.0,2.0,undefined,2,False,4.82,True,6.0,142,42.01375,-87.68298,Chicago
35049742,121.0,4,Entire home/apt,2.0,3.0,1.0,undefined,3,False,4.97,True,1.0,306,41.92299,-87.70296,Chicago
35060034,4500.0,16,Entire home/apt,9.0,13.0,6.0,undefined,32,False,,True,28.0,307,41.89499,-87.65478,Chicago
35129146,178.0,4,Entire home/apt,2.0,2.0,1.0,undefined,1,False,2.0,False,2.0,364,41.88428,-87.75062,Chicago
35149761,95.0,6,Entire home/apt,2.0,2.0,1.0,undefined,2,False,4.88,True,1.0,233,41.88563,-87.70512,Chicago
35158630,249.0,4,Entire home/apt,2.0,2.0,1.0,undefined,2,False,4.97,True,3.0,18,41.891021728515625,-87.64463806152344,Chicago
35183040,380.0,16,Entire home/apt,8.0,13.0,4.0,undefined,2,True,4.81,False,9.0,243,41.909609,-87.638202,Chicago
35195852,183.0,4,Entire home/apt,2.0,3.0,1.0,undefined,32,True,4.39,False,1.0,365,41.91068,-87.71291,Chicago
35212437,702.0,16,Entire home/apt,5.0,10.0,2.0,undefined,2,True,4.99,,29.0,240,41.90977725947438,-87.67539414447259,Chicago
35229142,46.0,1,Private room,1.0,1.0,3.0,undefined,32,False,4.72,True,14.0,353,41.88399,-87.76509,Chicago
35230615,233.0,2,Entire home/apt,1.0,2.0,1.0,undefined,32,False,4.82,False,12.0,364,41.92803,-87.69757,Chicago
35256357,473.0,4,Entire home/apt,2.0,2.0,2.5,undefined,2,False,4.95,True,5.0,281,41.9012,-87.62585,Chicago
35262326,171.0,4,Entire home/apt,2.0,2.0,1.0,undefined,2,False,4.98,True,1.0,199,41.8695,-87.6611,Chicago
35265884,141.0,4,Entire home/apt,2.0,2.0,1.0,undefined,2,False,4.95,True,1.0,261,41.6997,-87.6691,Chicago
35267831,264.0,8,Entire home/apt,4.0,5.0,1.0,undefined,2,True,4.9,True,5.0,248,41.753124,-87.550407,Chicago
35284235,205.0,4,Entire home/apt,2.0,2.0,1.0,undefined,3,False,5.0,True,2.0,140,41.94529,-87.66094,Chicago
35346506,130.0,2,Entire home/apt,2.0,2.0,1.0,undefined,32,False,4.92,False,1.0,99,41.95207,-87.68423,Chicago
35351226,2171.0,16,Entire home/apt,8.0,12.0,7.0,undefined,1,False,4.91,True,6.0,0,41.895,-87.65361,Chicago
35351970,340.0,7,Entire home/apt,3.0,4.0,1.5,undefined,30,False,4.9,True,4.0,203,41.94455,-87.67143,Chicago
35403153,89.0,5,Entire home/apt,2.0,3.0,1.0,undefined,1,False,4.87,True,4.0,235,41.82332,-87.67019,Chicago
35428201,89.0,6,Entire home/apt,1.0,2.0,1.0,undefined,32,False,4.89,True,2.0,355,41.93558,-87.69736,Chicago
35495687,176.0,2,Entire home/apt,1.0,1.0,1.0,undefined,2,False,4.78,False,1.0,360,41.81175,-87.61143,Chicago
35496535,114.0,2,Entire home/apt,0.0,0.0,1.5,undefined,2,False,4.94,True,1.0,67,41.97219,-87.69762,Chicago
35511310,29.0,1,Private room,1.0,1.0,1.0,undefined,32,False,4.74,False,13.0,295,41.79424,-87.66138,Chicago
35517765,65.0,2,Entire home/apt,1.0,1.0,1.0,undefined,1,False,4.77,True,1.0,236,41.99036,-87.78878,Chicago
35518584,160.0,4,Entire home/apt,1.0,2.0,1.0,undefined,2,False,4.86,True,9.0,332,41.97562,-87.66286,Chicago
35566367,186.0,4,Entire home/apt,1.0,2.0,1.0,undefined,32,True,4.8,True,7.0,23,41.93735,-87.65652,Chicago
35573202,96.0,4,Entire home/apt,1.0,2.0,1.0,undefined,2,False,4.93,True,1.0,285,42.00533,-87.66291,Chicago
35604624,344.0,5,Entire home/apt,2.0,2.0,2.0,undefined,3,False,4.57,False,1.0,176,41.92108,-87.67352,Chicago
35611753,141.0,5,Entire home/apt,2.0,2.0,1.0,undefined,2,False,4.93,True,2.0,54,41.82025,-87.61218,Chicago
35635161,216.0,2,Entire home/apt,1.0,1.0,1.0,undefined,32,True,,False,,180,41.898904,-87.62797,Chicago
35635202,216.0,2,Entire home/apt,1.0,1.0,1.0,undefined,32,True,,False,,333,41.898904,-87.62797,Chicago
35648866,302.0,5,Entire home/apt,2.0,2.0,2.0,undefined,2,False,4.86,False,1.0,318,41.9049,-87.6798,Chicago
35681792,120.0,3,Private room,1.0,2.0,1.0,undefined,32,True,4.83,True,10.0,326,41.89025,-87.63013,Chicago
35731377,461.0,16,Entire home/apt,6.0,10.0,4.0,undefined,3,False,4.82,False,19.0,32,41.87855529785156,-87.69541931152344,Chicago
35743481,191.0,8,Entire home/apt,4.0,5.0,2.0,undefined,3,False,4.85,True,4.0,235,41.92354,-87.70219,Chicago
35765755,180.0,4,Entire home/apt,2.0,2.0,1.0,undefined,32,True,4.74,True,47.0,245,41.91496,-87.64144,Chicago
35767803,333.0,2,Entire home/apt,0.0,1.0,1.0,undefined,32,False,4.89,,19.0,175,41.88556,-87.6257,Chicago
35769538,288.0,6,Entire home/apt,2.0,3.0,1.5,undefined,32,False,4.5,False,2.0,364,41.73513,-87.58599,Chicago
35803293,130.0,2,Private room,1.0,1.0,1.5,undefined,1,False,4.86,False,2.0,248,41.90796,-87.67447,Chicago
35804189,141.0,7,Entire home/apt,3.0,4.0,1.0,undefined,2,False,4.96,True,1.0,306,41.92319,-87.72209,Chicago
35875563,91.0,4,Entire home/apt,2.0,3.0,1.0,undefined,2,False,5.0,False,2.0,282,41.81749,-87.6854,Chicago
35880364,86.0,2,Entire home/apt,1.0,1.0,1.0,undefined,3,False,4.46,False,6.0,362,41.73411,-87.58402,Chicago
35926772,183.0,2,Entire home/apt,1.0,1.0,1.0,undefined,32,True,4.5,False,,334,41.896218,-87.625711,Chicago
35927069,259.0,2,Entire home/apt,1.0,1.0,1.0,undefined,32,True,5.0,False,,202,41.896218,-87.625711,Chicago
35931987,244.0,2,Entire home/apt,1.0,1.0,1.0,undefined,32,True,5.0,False,,325,41.896218,-87.625711,Chicago
35945631,168.0,4,Entire home/apt,2.0,2.0,1.0,undefined,1,False,4.54,False,1.0,352,41.97469,-87.66589,Chicago
35950191,120.0,2,Entire home/apt,1.0,1.0,1.0,undefined,2,False,4.73,True,18.0,332,41.97287,-87.6871,Chicago
35995054,39.0,1,Private room,1.0,1.0,1.0,undefined,2,False,4.73,False,15.0,21,41.76122,-87.58806,Chicago
36032618,321.0,8,Entire home/apt,2.0,4.0,1.5,undefined,2,False,4.73,False,1.0,147,41.8847,-87.65234,Chicago
36037370,155.0,3,Entire home/apt,1.0,1.0,1.0,undefined,32,False,4.93,True,2.0,354,41.88269,-87.69194,Chicago
36042124,336.0,4,Entire home/apt,2.0,2.0,2.5,undefined,2,False,4.95,False,2.0,22,41.95285,-87.7115,Chicago
36067428,395.0,14,Entire home/apt,4.0,4.0,3.5,undefined,2,False,4.47,False,1.0,355,41.84228,-87.66214,Chicago
36141541,77.0,2,Entire home/apt,0.0,1.0,1.0,undefined,32,False,4.7,,19.0,175,41.89533,-87.63092,Chicago
36143654,102.0,2,Private room,1.0,2.0,1.0,undefined,2,False,4.65,False,2.0,80,41.9185386973911,-87.6537119701277,Chicago
36179661,362.0,10,Entire home/apt,3.0,4.0,2.0,undefined,2,False,4.63,False,1.0,361,41.80968,-87.75037,Chicago
36184740,95.0,4,Entire home/apt,2.0,2.0,1.5,undefined,32,True,4.61,False,7.0,255,41.84169,-87.6396,Chicago
36199994,999.0,12,Entire home/apt,4.0,8.0,2.5,undefined,32,False,5.0,,5.0,249,41.9153,-87.71436,Chicago
36200479,1272.0,16,Entire home/apt,4.0,6.0,3.0,undefined,3,False,5.0,,5.0,248,41.91463,-87.71389,Chicago
36222341,175.0,1,Entire home/apt,1.0,1.0,1.0,undefined,132,False,,False,2.0,364,41.8923,-87.61882,Chicago
36230130,88.0,2,Private room,1.0,2.0,1.0,undefined,7,False,4.95,True,51.0,330,41.80255,-87.60184,Chicago
36230632,160.0,4,Entire home/apt,2.0,2.0,1.0,undefined,32,False,5.0,True,42.0,114,41.84185,-87.63837,Chicago
36270543,133.0,4,Entire home/apt,2.0,2.0,1.0,undefined,2,True,4.76,False,28.0,246,41.96626,-87.68652,Chicago
36321241,69.0,2,Private room,1.0,1.0,1.0,undefined,2,False,4.79,True,16.0,235,41.83172,-87.61975,Chicago
36537053,616.0,14,Entire home/apt,6.0,10.0,4.0,undefined,3,False,4.97,,12.0,347,41.94583,-87.75115,Chicago
36565054,98.0,3,Entire home/apt,2.0,2.0,1.0,undefined,2,False,4.88,True,1.0,134,41.85577,-87.65829,Chicago
36603379,238.0,2,Private room,1.0,1.0,1.0,undefined,1,True,4.44,False,9.0,352,41.86938,-87.6233,Chicago
36603454,238.0,3,Private room,1.0,2.0,1.0,undefined,1,True,4.44,False,9.0,353,41.87066,-87.62457,Chicago
36631415,210.0,5,Entire home/apt,3.0,3.0,1.0,undefined,3,False,4.94,True,7.0,331,41.93682,-87.72368,Chicago
36631488,68.0,4,Entire home/apt,2.0,2.0,2.0,undefined,32,False,5.0,True,51.0,288,41.78388,-87.60625,Chicago
36638326,49.0,1,Private room,1.0,1.0,1.0,undefined,32,False,5.0,True,51.0,326,41.78366,-87.60589,Chicago
36638765,111.0,3,Entire home/apt,0.0,1.0,1.0,undefined,3,False,4.74,True,3.0,323,41.93654,-87.72386,Chicago
36669561,162.0,6,Entire home/apt,3.0,4.0,1.0,undefined,2,True,4.96,True,1.0,342,41.96586,-87.66584,Chicago
36711170,485.0,10,Entire home/apt,2.0,6.0,2.0,undefined,3,False,4.9,True,1.0,160,41.88306,-87.62577,Chicago
36727196,73.0,6,Entire home/apt,2.0,3.0,1.0,undefined,32,False,4.81,True,1.0,277,41.78146,-87.6052,Chicago
36729228,54.0,2,Private room,1.0,1.0,1.5,undefined,2,False,4.92,False,3.0,134,41.98725,-87.66176,Chicago
36804964,327.0,6,Entire home/apt,3.0,4.0,1.0,undefined,5,False,5.0,False,1.0,199,41.99562,-87.66833,Chicago
36808735,112.0,7,Entire home/apt,2.0,2.0,1.0,undefined,2,False,4.88,True,1.0,343,41.84721,-87.69704,Chicago
36828964,94.0,4,Entire home/apt,1.0,0.0,1.0,undefined,32,False,4.89,,12.0,180,41.82826,-87.61815,Chicago
36832082,360.0,6,Entire home/apt,2.0,3.0,2.0,undefined,1,False,4.99,True,8.0,144,41.92276,-87.63928,Chicago
36832360,252.0,2,Entire home/apt,1.0,1.0,1.0,undefined,32,True,,False,,238,41.86492479999999,-87.6246539,Chicago
36835843,42.0,1,Private room,1.0,1.0,1.0,undefined,32,False,4.81,True,51.0,337,41.78406,-87.60749,Chicago
36870884,364.0,12,Entire home/apt,2.0,7.0,2.0,undefined,2,False,4.84,True,29.0,252,41.88655853271485,-87.6519546508789,Chicago
36871691,483.0,12,Entire home/apt,3.0,7.0,2.0,undefined,2,False,4.74,True,29.0,254,41.88649368286133,-87.65186309814453,Chicago
36912569,59.0,1,Private room,1.0,1.0,1.0,undefined,2,True,4.93,True,6.0,319,41.89816,-87.69413,Chicago
36912962,1024.0,16,Entire home/apt,5.0,14.0,4.0,undefined,2,False,4.86,True,29.0,225,41.88655853271485,-87.6519546508789,Chicago
37053533,156.0,6,Entire home/apt,3.0,6.0,1.5,undefined,2,False,4.86,True,2.0,51,41.69589,-87.66555,Chicago
37091430,123.0,4,Entire home/apt,2.0,4.0,2.0,undefined,1,False,4.88,True,15.0,289,41.85675,-87.68591,Chicago
37182856,189.0,6,Entire home/apt,1.0,3.0,1.0,undefined,2,True,4.98,True,2.0,338,41.9266,-87.69645,Chicago
37248792,176.0,4,Entire home/apt,1.0,2.0,1.0,undefined,32,False,5.0,True,105.0,363,41.88561,-87.61848,Chicago
37273935,100.0,2,Entire home/apt,1.0,1.0,1.0,undefined,2,False,4.88,False,5.0,334,41.92363,-87.69585,Chicago
37281104,100.0,4,Entire home/apt,2.0,2.0,1.0,undefined,32,False,4.93,False,1.0,179,41.98961,-87.69798,Chicago
37283545,194.0,6,Entire home/apt,2.0,2.0,2.0,undefined,32,False,4.94,True,42.0,145,41.84289,-87.6387,Chicago
37300218,98.0,2,Private room,1.0,1.0,1.0,undefined,32,True,4.8,True,10.0,275,41.89072,-87.63032,Chicago
37325675,230.0,5,Entire home/apt,2.0,3.0,2.0,undefined,2,False,4.93,True,4.0,69,41.87784,-87.65924,Chicago
37326412,239.0,4,Entire home/apt,2.0,3.0,2.0,undefined,2,False,4.96,True,4.0,57,41.87798,-87.65929,Chicago
37371164,69.0,7,Entire home/apt,3.0,4.0,2.0,undefined,3,True,4.58,False,9.0,255,41.8187,-87.61627,Chicago
37371794,95.0,2,Entire home/apt,1.0,2.0,1.0,undefined,2,False,4.58,False,6.0,159,41.97949,-87.76879,Chicago
37397842,81.0,2,Entire home/apt,1.0,1.0,1.0,undefined,2,True,4.69,False,28.0,355,41.96509,-87.68735,Chicago
37417133,89.0,2,Entire home/apt,1.0,1.0,1.0,undefined,28,True,4.52,False,1.0,148,42.01741,-87.66416,Chicago
37454958,140.0,4,Entire home/apt,1.0,1.0,1.0,undefined,32,False,4.79,True,42.0,114,41.84427,-87.64087,Chicago
37458664,372.0,16,Entire home/apt,5.0,13.0,3.5,undefined,1,False,4.76,False,1.0,254,41.98828,-87.71659,Chicago
37521255,228.0,6,Entire home/apt,2.0,2.0,2.0,undefined,32,True,4.94,True,6.0,262,42.00914,-87.6635,Chicago
37551145,150.0,6,Entire home/apt,2.0,2.0,2.0,undefined,32,False,4.69,True,42.0,145,41.84185,-87.64,Chicago
37570453,37.0,2,Private room,1.0,2.0,2.5,undefined,32,False,4.94,True,7.0,330,41.7602,-87.56338,Chicago
37571365,36.0,2,Private room,1.0,2.0,2.5,undefined,32,False,4.73,True,7.0,364,41.76491,-87.56725,Chicago
37571608,40.0,2,Private room,1.0,2.0,2.5,undefined,32,False,5.0,True,7.0,304,41.76072,-87.56468,Chicago
37682233,140.0,3,Entire home/apt,1.0,1.0,1.0,undefined,32,False,5.0,True,42.0,114,41.84397,-87.63847,Chicago
37711825,131.0,6,Entire home/apt,2.0,2.0,2.0,undefined,3,True,4.88,True,2.0,211,41.93435,-87.70474,Chicago
37714454,45.0,2,Private room,1.0,1.0,1.5,undefined,60,False,4.95,True,10.0,195,42.01084,-87.66389,Chicago
37721986,450.0,13,Entire home/apt,4.0,5.0,2.0,undefined,2,False,4.93,True,8.0,19,41.89424,-87.66206,Chicago
37752023,175.0,6,Entire home/apt,2.0,4.0,1.0,undefined,5,False,5.0,True,1.0,94,41.95533,-87.71745,Chicago
37784682,68.0,2,Private room,1.0,1.0,1.0,undefined,2,False,4.9,True,4.0,93,41.96969,-87.69784,Chicago
37833328,165.0,4,Entire home/apt,1.0,1.0,1.0,undefined,32,False,5.0,True,149.0,89,41.88741,-87.62012,Chicago
37853442,398.0,14,Entire home/apt,5.0,5.0,3.0,undefined,2,False,4.92,True,6.0,345,41.99131,-87.67816,Chicago
37866160,24.0,1,Private room,1.0,1.0,3.0,undefined,5,False,4.2,False,13.0,64,41.88224792480469,-87.72218322753906,Chicago
37913525,179.0,4,Entire home/apt,2.0,2.0,1.0,undefined,2,False,4.92,True,1.0,155,41.98462844779126,-87.66748381549985,Chicago
37942661,80.0,8,Entire home/apt,3.0,5.0,1.0,undefined,2,True,4.91,True,2.0,326,41.960880279541016,-87.67789459228516,Chicago
37967120,313.0,5,Entire home/apt,2.0,3.0,1.0,undefined,3,False,4.99,True,1.0,196,41.93875,-87.65186,Chicago
38021812,64.0,3,Entire home/apt,2.0,2.0,1.0,undefined,32,False,4.57,True,5.0,149,41.76598,-87.59276,Chicago
38023244,194.0,9,Entire home/apt,3.0,4.0,2.0,undefined,2,True,4.61,False,2.0,54,41.88281,-87.66747,Chicago
38044470,196.0,3,Entire home/apt,2.0,3.0,1.0,undefined,32,False,4.94,False,1.0,248,41.93003,-87.70178,Chicago
38066904,86.0,4,Entire home/apt,1.0,3.0,1.0,undefined,32,True,4.53,False,6.0,359,41.85371,-87.69829,Chicago
38099565,114.0,4,Entire home/apt,2.0,2.0,1.0,undefined,1,False,4.78,False,20.0,312,41.93056,-87.63848,Chicago
38130834,140.0,1,Private room,1.0,1.0,1.0,undefined,32,True,,False,4.0,365,41.78856,-87.62096,Chicago
38133731,37.0,1,Private room,1.0,1.0,1.0,undefined,32,False,5.0,True,51.0,84,41.78465,-87.6075,Chicago
38157331,140.0,4,Entire home/apt,2.0,2.0,1.0,undefined,32,False,4.87,True,42.0,145,41.8433,-87.64005,Chicago
38157364,415.0,16,Entire home/apt,7.0,8.0,3.0,undefined,2,False,4.78,,9.0,156,41.91196,-87.70504,Chicago
38158030,141.0,4,Entire home/apt,1.0,2.0,1.0,undefined,2,False,4.78,True,3.0,335,41.96358,-87.73874,Chicago
38161704,77.0,2,Entire home/apt,0.0,1.0,1.0,undefined,2,True,4.85,True,1.0,241,41.93608,-87.70865,Chicago
38189582,65.0,2,Entire home/apt,1.0,1.0,1.0,undefined,32,False,5.0,False,1.0,172,41.85667,-87.67797,Chicago
38207510,107.0,4,Entire home/apt,2.0,4.0,1.0,undefined,3,False,4.94,False,4.0,77,41.987076,-87.717232,Chicago
38315882,130.0,2,Entire home/apt,1.0,1.0,1.0,undefined,2,True,4.97,True,1.0,74,41.901687,-87.673367,Chicago
38346660,216.0,2,Entire home/apt,1.0,1.0,1.0,undefined,32,True,,False,,256,41.8950138,-87.62791490000001,Chicago
38346865,223.0,2,Entire home/apt,1.0,1.0,1.0,undefined,32,True,,False,,321,41.8950138,-87.62791490000001,Chicago
38347037,337.0,2,Entire home/apt,1.0,1.0,1.0,undefined,32,True,,False,,362,41.8950138,-87.62791490000001,Chicago
38352612,415.0,6,Entire home/apt,2.0,3.0,2.0,undefined,1,False,4.82,False,1.0,84,41.83946,-87.63154,Chicago
38377878,158.0,6,Entire home/apt,2.0,3.0,2.0,undefined,2,False,4.74,True,29.0,222,41.88558197021485,-87.62570190429688,Chicago
38405999,158.0,6,Entire home/apt,2.0,3.0,2.0,undefined,2,False,4.77,True,29.0,292,41.88558197021485,-87.62570190429688,Chicago
38426699,42.0,2,Private room,1.0,1.0,1.0,undefined,50,False,4.83,True,10.0,296,42.02052,-87.66495,Chicago
38453885,792.0,16,Entire home/apt,9.0,10.0,4.0,undefined,1,True,4.85,True,7.0,322,41.95405,-87.66715,Chicago
38485286,226.0,2,Entire home/apt,1.0,1.0,1.0,undefined,32,False,5.0,,46.0,359,41.92301,-87.69688,Chicago
38521406,319.0,12,Entire home/apt,4.0,6.0,4.0,undefined,2,False,4.62,True,29.0,260,41.88558197021485,-87.62570190429688,Chicago
38540686,474.0,10,Entire home/apt,5.0,6.0,4.0,undefined,4,False,4.99,True,87.0,274,41.91208,-87.63838,Chicago
38542047,133.0,6,Entire home/apt,1.0,4.0,1.0,undefined,2,True,4.74,False,4.0,33,41.91571,-87.68598,Chicago
38556018,149.0,2,Entire home/apt,1.0,1.0,1.0,undefined,32,False,4.94,False,5.0,267,41.95555,-87.72288,Chicago
38556679,271.0,6,Entire home/apt,3.0,3.0,2.0,undefined,3,True,4.63,False,1.0,365,41.74806,-87.60685,Chicago
38582176,180.0,8,Entire home/apt,2.0,3.0,2.0,undefined,32,False,5.0,False,4.0,266,41.9105,-87.67543,Chicago
38604801,177.0,6,Entire home/apt,4.0,4.0,2.0,undefined,3,False,4.99,True,10.0,187,41.86906,-87.66305,Chicago
38675378,280.0,8,Entire home/apt,3.0,3.0,1.0,undefined,2,True,4.67,False,2.0,179,41.76085,-87.59671,Chicago
38675544,96.0,2,Entire home/apt,1.0,1.0,1.0,undefined,3,False,4.76,True,2.0,245,41.96438,-87.68678,Chicago
38702660,104.0,4,Entire home/apt,2.0,2.0,2.0,undefined,1,False,4.87,False,2.0,310,41.94744110107422,-87.77185821533203,Chicago
38706692,105.0,4,Entire home/apt,2.0,2.0,1.0,undefined,2,False,4.92,,13.0,325,41.82561,-87.62496,Chicago
38733447,63.0,1,Private room,1.0,3.0,1.0,undefined,1,False,4.76,False,4.0,258,41.89599,-87.62945,Chicago
38750112,228.0,7,Entire home/apt,1.0,4.0,1.5,undefined,5,False,4.7,True,53.0,71,41.87186,-87.62883,Chicago
38754120,102.0,2,Entire home/apt,2.0,2.0,1.5,undefined,3,False,4.87,True,1.0,255,41.84049,-87.65979,Chicago
38777674,145.0,4,Entire home/apt,1.0,2.0,1.0,undefined,32,False,,True,149.0,363,41.89723,-87.63163,Chicago
38784689,110.0,4,Entire home/apt,1.0,1.0,1.0,undefined,32,False,4.82,True,9.0,33,41.81513,-87.61607,Chicago
38784903,100.0,3,Entire home/apt,1.0,2.0,1.0,undefined,32,True,4.68,True,9.0,35,41.81704,-87.61669,Chicago
38800924,178.0,4,Entire home/apt,2.0,2.0,1.0,undefined,2,False,4.93,True,7.0,70,41.90372,-87.71102,Chicago
38826350,78.0,6,Entire home/apt,2.0,0.0,2.0,undefined,40,False,4.9,True,2.0,115,41.87346,-87.68867,Chicago
38832706,234.0,2,Entire home/apt,1.0,1.0,1.0,undefined,32,True,,False,,267,41.8950138,-87.62791490000001,Chicago
38842498,870.0,14,Entire home/apt,4.0,10.0,3.0,undefined,3,True,4.96,True,4.0,271,41.922248,-87.71158,Chicago
38896659,272.0,4,Entire home/apt,2.0,2.0,2.0,undefined,32,True,5.0,False,,325,41.896218,-87.625711,Chicago
38905823,216.0,7,Entire home/apt,1.0,4.0,1.5,undefined,5,False,4.78,True,53.0,70,41.87167,-87.62953,Chicago
38909140,221.0,8,Entire home/apt,2.0,5.0,1.5,undefined,4,False,4.65,True,53.0,69,41.87388,-87.62795,Chicago
38912057,58.0,2,Private room,1.0,1.0,2.0,undefined,1,False,4.49,False,4.0,233,41.89005,-87.72021,Chicago
38924654,192.0,7,Entire home/apt,1.0,4.0,1.5,undefined,5,False,4.74,True,53.0,59,41.87224,-87.62937,Chicago
38950182,196.0,5,Entire home/apt,3.0,3.0,1.0,undefined,7,True,4.74,False,3.0,90,41.85027,-87.71666,Chicago
39028448,532.0,8,Entire home/apt,3.0,3.0,2.5,undefined,2,True,4.96,True,1.0,313,41.886539,-87.648234,Chicago
39048786,159.0,3,Entire home/apt,1.0,1.0,2.0,undefined,2,False,4.97,True,1.0,303,42.00639,-87.67462,Chicago
39051070,47.0,4,Private room,1.0,2.0,2.5,undefined,1,False,4.83,True,10.0,279,41.88212,-87.71021,Chicago
39059092,120.0,2,Entire home/apt,2.0,2.0,2.0,undefined,120,True,5.0,False,1.0,146,41.89388,-87.64138,Chicago
39088461,193.0,4,Entire home/apt,2.0,2.0,1.0,undefined,2,False,4.96,True,1.0,153,41.93297,-87.70742,Chicago
39103509,171.0,8,Entire home/apt,3.0,3.0,1.0,undefined,32,False,4.78,False,1.0,179,41.92393,-87.69399,Chicago
39105279,147.0,2,Entire home/apt,1.0,1.0,1.0,undefined,6,False,5.0,True,3.0,326,41.96083,-87.69168,Chicago
39127447,99.0,1,Entire home/apt,1.0,1.0,1.0,undefined,32,False,4.71,False,235.0,365,41.93957,-87.66544,Chicago
39127790,114.0,2,Entire home/apt,1.0,1.0,1.0,undefined,32,False,5.0,False,235.0,0,41.94025,-87.66647,Chicago
39154634,55.0,2,Private room,1.0,1.0,1.0,undefined,10,True,4.89,False,22.0,317,41.78277,-87.60637,Chicago
39158405,145.0,6,Entire home/apt,2.0,3.0,1.0,undefined,30,True,4.42,False,12.0,162,41.93636,-87.66167,Chicago
39203774,124.0,9,Entire home/apt,3.0,5.0,1.5,undefined,5,False,4.75,False,4.0,358,41.82736,-87.62182,Chicago
39222987,400.0,4,Entire home/apt,0.0,2.0,1.0,undefined,32,False,,False,1.0,90,41.8845,-87.62459,Chicago
39230529,86.0,2,Entire home/apt,1.0,1.0,1.0,undefined,3,False,4.68,False,6.0,352,41.73293,-87.58403,Chicago
39231215,203.0,6,Entire home/apt,2.0,4.0,1.0,undefined,5,False,4.72,True,53.0,66,41.87185,-87.62767,Chicago
39250842,255.0,2,Private room,1.0,1.0,1.0,undefined,1,True,4.29,False,5.0,365,41.92868,-87.74204,Chicago
39277763,40.0,1,Private room,1.0,1.0,1.0,undefined,2,False,5.0,True,1.0,63,41.71781250933154,-87.57345562244684,Chicago
39319667,61.0,2,Private room,2.0,1.0,1.0,undefined,1,True,4.68,False,35.0,86,41.79441,-87.62671,Chicago
39328389,134.0,3,Entire home/apt,1.0,1.0,1.0,undefined,2,False,4.93,True,1.0,236,41.99451,-87.80647,Chicago
39339292,249.0,9,Entire home/apt,3.0,5.0,1.0,undefined,5,False,4.6,True,53.0,70,41.87178,-87.62824,Chicago
39440808,84.0,2,Entire home/apt,1.0,1.0,1.0,undefined,2,False,4.85,True,6.0,103,41.94211,-87.67769,Chicago
39467986,70.0,2,Private room,1.0,1.0,1.0,undefined,2,False,4.83,False,5.0,332,41.89864,-87.75591,Chicago
39481496,1118.0,10,Entire home/apt,4.0,4.0,4.5,undefined,3,False,5.0,True,2.0,252,41.94745,-87.66019,Chicago
39509741,162.0,6,Entire home/apt,3.0,3.0,1.5,undefined,32,False,4.94,True,1.0,149,41.68945,-87.60797,Chicago
39530582,220.0,6,Entire home/apt,3.0,3.0,1.0,undefined,3,False,4.97,True,4.0,324,41.95134,-87.65423,Chicago
39557322,103.0,3,Entire home/apt,1.0,1.0,1.0,undefined,32,False,4.6,False,22.0,95,41.89432,-87.62637,Chicago
39579890,141.0,3,Entire home/apt,2.0,2.0,1.0,undefined,32,False,5.0,False,22.0,115,41.89447,-87.62779,Chicago
39604043,294.0,4,Entire home/apt,2.0,2.0,2.0,undefined,28,False,5.0,True,2.0,134,41.8947,-87.6277,Chicago
39605111,184.0,4,Entire home/apt,2.0,2.0,1.0,undefined,2,False,4.97,True,1.0,123,41.93071,-87.70025,Chicago
39605954,78.0,2,Entire home/apt,0.0,1.0,1.0,undefined,3,False,4.84,False,1.0,188,41.848331,-87.679176,Chicago
39607063,134.0,6,Entire home/apt,2.0,3.0,1.0,undefined,2,False,4.92,True,1.0,219,41.95672,-87.68108,Chicago
39608107,45.0,1,Private room,1.0,2.0,2.0,undefined,32,False,4.88,False,35.0,270,41.79512,-87.62592,Chicago
39611612,35.0,1,Private room,1.0,1.0,1.0,undefined,60,True,,False,5.0,364,41.74562,-87.56875,Chicago
39634399,193.0,5,Entire home/apt,2.0,4.0,2.0,undefined,3,False,4.95,False,2.0,260,41.90716,-87.66682,Chicago
39692037,77.0,4,Entire home/apt,1.0,2.0,1.0,undefined,1,False,4.82,True,4.0,313,41.82328,-87.67026,Chicago
39768925,269.0,4,Entire home/apt,2.0,2.0,2.0,undefined,32,True,5.0,False,,327,41.896218,-87.625711,Chicago
39768982,180.0,2,Entire home/apt,1.0,1.0,1.0,undefined,32,True,2.0,False,,214,41.896218,-87.625711,Chicago
39769039,244.0,2,Entire home/apt,1.0,1.0,1.0,undefined,32,True,4.67,False,,326,41.896218,-87.625711,Chicago
39769071,281.0,4,Entire home/apt,2.0,2.0,2.0,undefined,32,True,5.0,False,,327,41.896218,-87.625711,Chicago
39769104,245.0,2,Entire home/apt,1.0,1.0,1.0,undefined,32,True,5.0,False,,176,41.896218,-87.625711,Chicago
39770934,149.0,4,Entire home/apt,1.0,2.0,1.0,undefined,32,False,,False,1.0,89,41.96614,-87.66991,Chicago
39773921,130.0,3,Entire home/apt,2.0,2.0,1.0,undefined,32,False,5.0,False,74.0,365,41.93916,-87.66643,Chicago
39774697,129.0,2,Entire home/apt,1.0,1.0,1.0,undefined,360,False,4.6,False,74.0,365,41.94062,-87.66475,Chicago
39777001,75.0,4,Entire home/apt,2.0,2.0,1.0,undefined,2,False,4.69,False,5.0,214,41.97432,-87.77843,Chicago
39791476,80.0,1,Entire home/apt,1.0,1.0,1.0,undefined,5,False,4.5,False,74.0,363,41.97791,-87.76671,Chicago
39805358,167.0,6,Entire home/apt,3.0,4.0,1.0,undefined,1,False,4.83,True,6.0,353,41.90716,-87.67468,Chicago
39809637,220.0,4,Entire home/apt,1.0,2.0,1.0,undefined,2,False,4.96,False,2.0,289,41.92037,-87.65383,Chicago
39821609,153.0,6,Entire home/apt,3.0,3.0,1.0,undefined,2,False,5.0,True,3.0,319,41.95397,-87.66863,Chicago
39842636,311.0,12,Entire home/apt,6.0,6.0,3.5,undefined,3,False,4.84,True,1.0,124,41.96258,-87.72272,Chicago
39847417,175.0,4,Entire home/apt,1.0,2.0,1.0,undefined,32,False,5.0,True,149.0,174,41.89775,-87.63357,Chicago
39859340,129.0,5,Entire home/apt,2.0,3.0,1.0,undefined,1,False,4.75,False,1.0,232,41.90161,-87.68555,Chicago
39870356,185.0,2,Entire home/apt,2.0,2.0,1.0,undefined,32,False,4.57,False,235.0,365,41.93982,-87.66644,Chicago
39872019,117.0,3,Entire home/apt,1.0,1.0,1.0,undefined,3,True,4.86,,3.0,353,41.98766,-87.65471,Chicago
39886746,196.0,4,Entire home/apt,2.0,2.0,1.0,undefined,3,False,4.71,False,1.0,304,41.71295662981566,-87.56535248055376,Chicago
39903183,152.0,6,Entire home/apt,3.0,4.0,1.0,undefined,2,False,4.99,True,3.0,319,41.95563,-87.67005,Chicago
39903847,118.0,4,Entire home/apt,2.0,3.0,1.0,undefined,2,False,4.99,True,3.0,319,41.95338,-87.67012,Chicago
39922270,129.0,3,Entire home/apt,2.0,2.0,1.0,undefined,3,False,4.96,,2.0,189,41.93226,-87.72457,Chicago
39943223,91.0,2,Entire home/apt,2.0,2.0,1.0,undefined,2,False,4.76,True,2.0,157,41.6955,-87.66935,Chicago
39943878,120.0,2,Entire home/apt,0.0,1.0,1.0,undefined,360,False,4.67,False,74.0,365,41.89979,-87.62177,Chicago
39947523,113.0,4,Entire home/apt,2.0,2.0,1.0,undefined,32,False,5.0,False,4.0,88,41.92789,-87.71689,Chicago
39971342,240.0,12,Entire home/apt,6.0,7.0,4.0,undefined,2,True,4.94,False,4.0,303,41.87786,-87.67936,Chicago
39978182,241.0,10,Entire home/apt,3.0,5.0,2.5,undefined,2,True,4.82,True,2.0,256,41.9971,-87.67535,Chicago
39987474,99.0,2,Shared room,1.0,1.0,1.0,undefined,32,False,4.96,False,2.0,46,41.93144,-87.68336,Chicago
39991723,170.0,6,Entire home/apt,3.0,3.0,1.0,undefined,2,False,4.99,True,1.0,224,41.98568,-87.69067,Chicago
40029774,216.0,3,Shared room,1.0,2.0,1.0,undefined,32,False,5.0,False,10.0,365,41.76646,-87.63252,Chicago
40059597,99.0,3,Entire home/apt,1.0,1.0,1.0,undefined,32,False,4.75,False,22.0,48,41.89429,-87.62743,Chicago
40060795,99.0,3,Entire home/apt,1.0,1.0,1.0,undefined,32,False,4.09,False,22.0,71,41.89607,-87.62709,Chicago
40116014,270.0,8,Entire home/apt,4.0,5.0,1.0,undefined,2,True,4.96,True,5.0,252,41.753242,-87.550568,Chicago
40176049,377.0,14,Entire home/apt,5.0,6.0,3.5,undefined,3,False,4.75,True,2.0,335,41.83373,-87.65033,Chicago
40177336,132.0,4,Entire home/apt,2.0,2.0,1.0,undefined,1,False,4.98,True,1.0,61,41.97699,-87.6705,Chicago
40201619,61.0,4,Entire home/apt,2.0,4.0,1.0,undefined,2,False,4.62,False,15.0,92,41.76268,-87.58794,Chicago
40212609,56.0,1,Private room,1.0,1.0,1.0,undefined,1,True,4.74,False,4.0,200,41.89771,-87.62929,Chicago
40225885,89.0,8,Entire home/apt,3.0,4.0,1.0,undefined,32,False,4.69,False,3.0,262,41.91973,-87.71484,Chicago
40290585,202.0,3,Entire home/apt,1.0,1.0,1.0,undefined,1,False,4.86,True,7.0,270,41.87392,-87.68872,Chicago
40313771,140.0,1,Entire home/apt,1.0,1.0,1.0,undefined,32,False,5.0,False,74.0,364,41.94072,-87.66481,Chicago
40324748,81.0,3,Entire home/apt,1.0,2.0,1.0,undefined,32,False,4.72,False,3.0,55,41.9193,-87.68779,Chicago
40346851,305.0,8,Entire home/apt,3.0,4.0,1.0,undefined,2,True,4.95,True,7.0,128,41.93936,-87.65347,Chicago
40350268,58.0,2,Private room,1.0,1.0,1.0,undefined,1,False,4.81,True,10.0,0,41.999274478399066,-87.67225021389717,Chicago
40350602,347.0,6,Entire home/apt,3.0,3.0,2.0,undefined,3,False,4.95,True,1.0,161,41.94592,-87.6616,Chicago
40408111,66.0,2,Private room,1.0,1.0,1.5,undefined,2,True,4.77,True,16.0,353,41.83355,-87.61868,Chicago
40419469,178.0,3,Entire home/apt,1.0,2.0,1.0,undefined,2,True,4.84,True,1.0,337,41.917782,-87.637546,Chicago
40447771,146.0,3,Entire home/apt,2.0,2.0,1.0,undefined,32,False,4.67,False,74.0,358,41.939571,-87.665443,Chicago
40452007,98.0,4,Entire home/apt,1.0,2.0,1.0,undefined,4,True,4.81,False,3.0,56,41.98563,-87.6673,Chicago
40471451,53.0,1,Private room,1.0,1.0,1.0,undefined,32,False,4.88,False,4.0,263,41.88957,-87.71704,Chicago
40479341,36.0,2,Private room,1.0,1.0,1.0,undefined,1,False,4.19,False,9.0,356,41.76299,-87.57211,Chicago
40491141,148.0,5,Entire home/apt,2.0,2.0,1.0,undefined,30,False,4.63,False,3.0,223,41.77914,-87.61086,Chicago
40503637,95.0,2,Entire home/apt,1.0,1.0,1.0,undefined,2,False,4.64,False,5.0,260,41.77274,-87.57262,Chicago
40530056,218.0,5,Entire home/apt,2.0,3.0,2.0,undefined,2,True,4.8,True,1.0,323,41.926957,-87.644396,Chicago
40532205,109.0,5,Entire home/apt,2.0,2.0,1.0,undefined,2,False,4.68,False,1.0,300,41.92846,-87.7014,Chicago
40534671,125.0,1,Private room,1.0,1.0,1.0,undefined,7,False,4.83,True,11.0,256,41.9447,-87.65089,Chicago
40619449,77.0,3,Entire home/apt,1.0,1.0,1.0,undefined,1,False,4.76,True,4.0,342,41.9195,-87.73807,Chicago
40631718,133.0,4,Entire home/apt,1.0,2.0,1.0,undefined,2,False,4.96,True,1.0,221,41.93757,-87.66279,Chicago
40661064,51.0,1,Private room,1.0,1.0,1.0,undefined,32,False,4.71,False,4.0,187,41.88962,-87.71571,Chicago
40674594,77.0,6,Entire home/apt,3.0,3.0,1.0,undefined,32,False,4.96,True,1.0,258,41.95704,-87.70932,Chicago
40680627,160.0,4,Entire home/apt,1.0,2.0,1.0,undefined,32,False,5.0,True,149.0,180,41.88581,-87.62111,Chicago
40684076,34.0,1,Private room,0.0,1.0,0.0,undefined,2,False,4.68,True,3.0,42,41.76997,-87.617233,Chicago
40777669,167.0,6,Entire home/apt,2.0,2.0,2.0,undefined,32,False,4.67,False,13.0,365,41.80646,-87.62402,Chicago
40778302,129.0,1,Entire home/apt,1.0,1.0,1.0,undefined,360,False,,False,74.0,365,41.93855,-87.66589,Chicago
40780053,890.0,16,Entire home/apt,5.0,15.0,4.0,undefined,3,True,4.96,True,4.0,271,41.922248,-87.71158,Chicago
40882597,325.0,6,Entire home/apt,4.0,3.0,2.5,undefined,3,False,4.75,True,1.0,334,41.95297,-87.65525,Chicago
40964912,243.0,2,Entire home/apt,1.0,1.0,1.0,undefined,32,True,3.5,False,,172,41.87710939999999,-87.6338518,Chicago
40979994,187.0,5,Entire home/apt,2.0,2.0,2.0,undefined,2,False,4.89,True,6.0,345,42.02032,-87.66537,Chicago
40992817,52.0,1,Private room,1.0,2.0,2.0,undefined,32,False,4.89,False,35.0,270,41.79469,-87.62628,Chicago
41026277,285.0,5,Entire home/apt,3.0,4.0,2.0,undefined,3,False,4.92,True,5.0,354,41.85599,-87.66086,Chicago
41042258,186.0,2,Entire home/apt,1.0,1.0,1.0,undefined,32,True,5.0,False,,349,41.87710939999999,-87.6338518,Chicago
41046519,73.0,2,Private room,1.0,1.0,1.0,undefined,2,False,4.86,True,1.0,231,41.83272,-87.64653,Chicago
41062867,235.0,8,Entire home/apt,1.0,3.0,1.0,undefined,1,False,4.76,False,7.0,154,41.92568,-87.66958,Chicago
41081332,117.0,4,Entire home/apt,2.0,2.0,1.0,undefined,2,False,4.93,True,2.0,160,41.96027,-87.75404,Chicago
41136340,104.0,2,Private room,1.0,1.0,1.0,undefined,2,False,4.94,True,1.0,344,42.00907,-87.6611,Chicago
41152596,842.0,14,Entire home/apt,4.0,12.0,3.0,undefined,3,True,4.93,True,7.0,326,41.90767,-87.64816,Chicago
41160612,285.0,6,Entire home/apt,3.0,4.0,2.0,undefined,2,False,4.95,True,4.0,157,41.80244,-87.60991,Chicago
41166856,202.0,2,Entire home/apt,1.0,1.0,1.0,undefined,32,True,5.0,False,,175,41.87710939999999,-87.6338518,Chicago
41182730,210.0,4,Entire home/apt,2.0,2.0,1.0,undefined,32,False,5.0,False,3.0,205,41.93306,-87.72453,Chicago
41197100,252.0,8,Entire home/apt,3.0,3.0,1.0,undefined,2,False,4.92,True,1.0,349,41.92912,-87.70712,Chicago
41239565,95.0,6,Entire home/apt,3.0,3.0,1.0,undefined,32,False,4.54,False,2.0,272,41.83121,-87.68663,Chicago
41241746,147.0,6,Entire home/apt,2.0,4.0,1.0,undefined,3,True,4.84,True,4.0,117,41.97105,-87.76482,Chicago
41254620,845.0,6,Entire home/apt,2.0,3.0,2.0,undefined,32,False,4.75,False,13.0,365,41.80874,-87.62386,Chicago
41299453,141.0,7,Entire home/apt,3.0,3.0,1.0,undefined,32,False,4.57,False,1.0,245,41.85021,-87.70713,Chicago
41335763,380.0,6,Entire home/apt,2.0,4.0,2.0,undefined,1,False,5.0,True,2.0,350,41.88918,-87.66155,Chicago
41391541,186.0,2,Entire home/apt,1.0,1.0,1.0,undefined,32,True,,False,,282,41.87710939999999,-87.6338518,Chicago
41391571,186.0,2,Entire home/apt,1.0,1.0,1.0,undefined,32,True,,False,,56,41.87710939999999,-87.6338518,Chicago
41391608,199.0,2,Entire home/apt,0.0,1.0,1.0,undefined,32,True,5.0,False,,170,41.9404106,-87.64149839999999,Chicago
41391736,253.0,2,Entire home/apt,1.0,1.0,1.0,undefined,32,True,,False,,23,41.9404106,-87.64149839999999,Chicago
41391805,265.0,2,Entire home/apt,0.0,1.0,1.0,undefined,32,True,3.5,False,,359,41.883056,-87.65131389999999,Chicago
41391849,202.0,2,Entire home/apt,1.0,1.0,1.0,undefined,32,True,1.0,False,,180,41.87710939999999,-87.6338518,Chicago
41391974,310.0,4,Entire home/apt,2.0,2.0,2.0,undefined,32,True,,False,,287,41.883056,-87.65131389999999,Chicago
41395585,266.0,2,Entire home/apt,1.0,1.0,1.0,undefined,4,False,5.0,True,5.0,214,41.90917,-87.67948,Chicago
41432840,123.0,2,Private room,1.0,1.0,1.0,undefined,2,False,5.0,True,2.0,17,41.98942184448242,-87.66175079345703,Chicago
41437341,435.0,4,Private room,2.0,2.0,1.0,undefined,2,False,5.0,True,2.0,12,41.99007,-87.66266,Chicago
41455518,114.0,2,Entire home/apt,1.0,1.0,1.0,undefined,2,False,4.94,True,2.0,66,41.93267,-87.70905,Chicago
41478668,120.0,1,Private room,1.0,1.0,1.0,undefined,7,False,4.84,True,11.0,203,41.94433,-87.64869,Chicago
41480171,52.0,4,Entire home/apt,1.0,2.0,1.0,undefined,2,True,4.78,True,1.0,316,41.92091,-87.65926,Chicago
41528983,25.0,1,Private room,1.0,1.0,1.0,undefined,32,False,4.75,False,25.0,62,41.7434,-87.5443,Chicago
41535491,444.0,8,Entire home/apt,3.0,4.0,2.0,undefined,2,False,4.9,True,9.0,318,41.89516,-87.63452,Chicago
41552402,234.0,2,Entire home/apt,1.0,1.0,1.0,undefined,32,True,5.0,False,,298,41.898904,-87.62797,Chicago
41552547,229.0,2,Entire home/apt,1.0,1.0,1.0,undefined,32,True,,False,,298,41.886064,-87.624718,Chicago
41552601,229.0,2,Entire home/apt,1.0,1.0,1.0,undefined,32,True,5.0,False,,283,41.886064,-87.624718,Chicago
41552642,375.0,4,Entire home/apt,2.0,2.0,2.0,undefined,32,True,,False,,324,41.898904,-87.62797,Chicago
41618563,378.0,6,Entire home/apt,2.0,3.0,2.0,undefined,4,True,4.99,True,3.0,318,41.88481,-87.65094,Chicago
41620912,23.0,1,Private room,1.0,2.0,1.0,undefined,32,False,4.08,False,25.0,48,41.74482,-87.54579,Chicago
41669193,55.0,2,Private room,1.0,1.0,2.0,undefined,10,True,4.41,False,22.0,346,41.78253,-87.6067,Chicago
41693169,109.0,4,Entire home/apt,2.0,2.0,1.0,undefined,10,True,4.57,False,22.0,323,41.78242,-87.60773,Chicago
41708809,211.0,2,Entire home/apt,1.0,1.0,1.0,undefined,32,True,5.0,False,,285,41.8860812,-87.63422229999998,Chicago
41719893,54.0,2,Private room,1.0,1.0,1.0,undefined,10,True,4.4,False,22.0,354,41.78439,-87.60788,Chicago
41737297,186.0,2,Entire home/apt,1.0,1.0,1.0,undefined,32,True,5.0,False,,255,41.87710939999999,-87.6338518,Chicago
41746689,103.0,3,Entire home/apt,1.0,1.0,1.0,undefined,32,False,3.0,False,22.0,109,41.89622,-87.62562,Chicago
41756368,208.0,2,Entire home/apt,1.0,1.0,1.0,undefined,32,True,,False,,207,41.8860812,-87.63422229999998,Chicago
41756386,214.0,2,Entire home/apt,1.0,1.0,1.0,undefined,32,True,5.0,False,,82,41.886064,-87.624718,Chicago
41784722,214.0,10,Entire home/apt,4.0,6.0,2.0,undefined,3,False,4.98,True,1.0,324,41.80568,-87.62329,Chicago
41792005,65.0,3,Entire home/apt,0.0,2.0,1.0,undefined,2,False,4.8,False,15.0,278,41.76262,-87.58601,Chicago
41812235,86.0,4,Entire home/apt,2.0,2.0,1.0,undefined,30,False,4.79,True,1.0,266,41.81654,-87.61508,Chicago
41821322,850.0,6,Entire home/apt,3.0,4.0,2.0,undefined,2,False,,False,24.0,365,41.90323,-87.63487,Chicago
41838755,333.0,2,Entire home/apt,0.0,1.0,1.0,undefined,32,True,5.0,,19.0,175,41.89018,-87.64951,Chicago
41843189,61.0,2,Private room,1.0,1.0,2.0,undefined,10,True,4.66,False,22.0,290,41.78301,-87.60844,Chicago
41867473,337.0,4,Entire home/apt,2.0,2.0,2.0,undefined,32,True,,False,,362,41.9027964,-87.6297209,Chicago
41880370,129.0,3,Entire home/apt,0.0,1.0,1.0,undefined,32,False,4.93,True,42.0,342,41.83471,-87.65306,Chicago
41884430,32.0,2,Entire home/apt,0.0,1.0,1.0,undefined,32,False,5.0,True,42.0,364,41.83448,-87.65168,Chicago
41886216,51.0,2,Private room,1.0,1.0,2.0,undefined,10,True,4.86,False,22.0,262,41.78283,-87.60831,Chicago
41902490,160.0,4,Entire home/apt,2.0,2.0,1.0,undefined,32,False,5.0,True,42.0,144,41.83384,-87.65234,Chicago
41902798,119.0,4,Entire home/apt,2.0,2.0,1.0,undefined,55,False,5.0,True,42.0,264,41.83574,-87.65218,Chicago
41910266,178.0,2,Entire home/apt,0.0,1.0,1.0,undefined,32,True,5.0,False,,109,41.8860812,-87.63422229999998,Chicago
41910293,214.0,2,Entire home/apt,1.0,1.0,1.0,undefined,32,True,5.0,False,,336,41.8860812,-87.63422229999998,Chicago
41910320,232.0,2,Entire home/apt,1.0,1.0,1.0,undefined,32,True,,False,,192,41.8860812,-87.63422229999998,Chicago
41910355,211.0,2,Entire home/apt,0.0,1.0,1.0,undefined,32,True,5.0,False,,146,41.883056,-87.65131389999999,Chicago
41910425,185.0,2,Entire home/apt,0.0,1.0,1.0,undefined,32,True,5.0,False,,315,41.886064,-87.624718,Chicago
41910929,40.0,2,Private room,1.0,1.0,2.0,undefined,10,True,3.77,False,22.0,336,41.78356,-87.60857,Chicago
41911629,25.0,1,Private room,1.0,1.0,1.0,undefined,32,False,4.82,False,25.0,181,41.74477,-87.54483,Chicago
41911779,25.0,1,Private room,1.0,1.0,1.0,undefined,15,False,4.76,False,25.0,95,41.74284,-87.54465,Chicago
41947305,291.0,2,Entire home/apt,1.0,1.0,1.0,undefined,32,True,3.0,False,,358,41.8860812,-87.63422229999998,Chicago
41968147,214.0,2,Entire home/apt,1.0,1.0,1.0,undefined,32,True,5.0,False,,268,41.886064,-87.624718,Chicago
41976810,216.0,2,Entire home/apt,1.0,1.0,1.0,undefined,32,True,4.5,False,,196,41.8860812,-87.63422229999998,Chicago
41997586,67.0,2,Entire home/apt,1.0,1.0,1.0,undefined,10,False,4.86,True,1.0,58,41.95579,-87.70797,Chicago
42015030,258.0,4,Entire home/apt,2.0,2.0,2.0,undefined,32,False,4.5,False,4.0,179,41.86701,-87.63036,Chicago
42027507,135.0,6,Entire home/apt,2.0,4.0,1.0,undefined,3,True,4.69,False,2.0,356,41.91615,-87.73508,Chicago
42035607,285.0,4,Entire home/apt,2.0,2.0,2.0,undefined,32,True,,False,,334,41.8860812,-87.63422229999998,Chicago
42035664,188.0,2,Entire home/apt,0.0,1.0,1.0,undefined,32,True,4.5,False,,244,41.8860812,-87.63422229999998,Chicago
42035694,208.0,2,Entire home/apt,1.0,1.0,1.0,undefined,32,True,,False,,275,41.8860812,-87.63422229999998,Chicago
42044330,83.0,2,Entire home/apt,1.0,1.0,1.0,undefined,32,True,4.87,False,5.0,90,41.95421,-87.67046,Chicago
42076047,102.0,2,Entire home/apt,0.0,1.0,1.0,undefined,5,False,4.81,True,2.0,15,41.80142,-87.60331,Chicago
42090152,282.0,12,Entire home/apt,5.0,5.0,3.5,undefined,3,False,4.48,False,1.0,93,41.91236,-87.69358,Chicago
42097144,77.0,3,Entire home/apt,1.0,2.0,1.0,undefined,2,False,4.82,False,1.0,251,41.80407,-87.61642,Chicago
42113240,155.0,4,Entire home/apt,1.0,1.0,1.0,undefined,32,False,4.88,True,149.0,128,41.886,-87.6202,Chicago
42115574,202.0,2,Entire home/apt,1.0,1.0,1.0,undefined,32,True,,False,,39,41.8860812,-87.63422229999998,Chicago
42142600,158.0,4,Entire home/apt,2.0,3.0,1.0,undefined,2,False,4.97,True,3.0,29,41.93712,-87.70032,Chicago
42153615,100.0,4,Entire home/apt,1.0,2.0,1.0,undefined,3,False,4.88,True,13.0,66,41.87671,-87.68135,Chicago
42156774,99.0,6,Entire home/apt,2.0,3.0,1.0,undefined,32,True,4.88,True,1.0,313,41.927926,-87.701775,Chicago
42195424,190.0,2,Entire home/apt,0.0,1.0,1.0,undefined,32,True,4.67,False,,285,41.886064,-87.624718,Chicago
42197468,94.0,5,Entire home/apt,2.0,2.0,1.0,undefined,2,False,4.85,True,1.0,252,41.8111,-87.61451,Chicago
42276669,112.0,5,Entire home/apt,2.0,2.0,2.0,undefined,2,False,4.88,True,28.0,329,41.92304,-87.69592,Chicago
42281026,150.0,6,Entire home/apt,1.0,1.0,1.5,undefined,60,False,4.64,False,3.0,281,41.88339,-87.67777,Chicago
42309994,333.0,8,Entire home/apt,3.0,4.0,2.0,undefined,2,True,4.87,True,7.0,356,41.81852,-87.61839,Chicago
42335906,141.0,5,Entire home/apt,2.0,2.0,2.0,undefined,32,False,4.95,True,6.0,305,42.01873,-87.66381,Chicago
42348297,110.0,4,Entire home/apt,0.0,1.0,1.0,undefined,32,False,4.86,True,42.0,353,41.83385,-87.65168,Chicago
42351786,130.0,4,Entire home/apt,2.0,2.0,1.0,undefined,32,False,4.8,True,42.0,361,41.83347,-87.65382,Chicago
42366362,25.0,1,Private room,1.0,1.0,1.0,undefined,32,False,4.94,False,25.0,89,41.74471,-87.54625,Chicago
42395555,229.0,2,Entire home/apt,1.0,1.0,1.0,undefined,32,True,5.0,False,,332,41.886064,-87.624718,Chicago
42395595,224.0,2,Entire home/apt,1.0,1.0,1.0,undefined,32,True,,False,,9,41.886064,-87.624718,Chicago
42401598,197.0,2,Entire home/apt,1.0,1.0,1.0,undefined,32,True,5.0,False,,214,41.8860812,-87.63422229999998,Chicago
42401687,208.0,2,Entire home/apt,0.0,1.0,1.0,undefined,32,True,4.33,False,,124,41.883056,-87.65131389999999,Chicago
42414675,182.0,6,Entire home/apt,3.0,5.0,1.0,undefined,1,False,4.86,True,6.0,358,41.907,-87.67636,Chicago
42427579,250.0,2,Entire home/apt,1.0,1.0,1.0,undefined,32,True,,False,,231,41.8860812,-87.63422229999998,Chicago
42427889,170.0,2,Entire home/apt,0.0,1.0,1.0,undefined,32,True,3.0,False,,117,41.8860812,-87.63422229999998,Chicago
42427971,222.0,2,Entire home/apt,1.0,1.0,1.0,undefined,32,True,,False,,207,41.8860812,-87.63422229999998,Chicago
42428071,228.0,2,Entire home/apt,1.0,1.0,1.0,undefined,32,True,5.0,False,,283,41.896218,-87.625711,Chicago
42471401,25.0,1,Private room,1.0,1.0,1.0,undefined,32,False,4.9,False,25.0,80,41.74449,-87.54586,Chicago
42509731,159.0,4,Entire home/apt,3.0,3.0,1.0,undefined,2,False,5.0,True,3.0,258,41.94585,-87.68493,Chicago
42514649,204.0,4,Entire home/apt,1.0,3.0,1.0,undefined,3,True,4.8,True,49.0,342,41.92909,-87.64297,Chicago
42573566,502.0,16,Entire home/apt,8.0,9.0,2.0,undefined,2,False,4.91,True,5.0,248,41.753242,-87.550568,Chicago
42588723,451.0,10,Entire home/apt,4.0,4.0,2.5,undefined,2,False,4.99,True,2.0,289,41.98699,-87.65551,Chicago
42598993,173.0,9,Entire home/apt,3.0,4.0,2.0,undefined,2,False,4.8,True,31.0,86,41.89591,-87.66415,Chicago
42638201,117.0,4,Entire home/apt,1.0,1.0,1.0,undefined,32,False,4.65,False,1.0,268,41.81139,-87.60358,Chicago
42688942,233.0,2,Entire home/apt,0.0,1.0,1.0,undefined,32,True,5.0,False,,342,41.883056,-87.65131389999999,Chicago
42689499,250.0,2,Entire home/apt,1.0,1.0,1.0,undefined,32,True,5.0,False,,243,41.896218,-87.625711,Chicago
42704241,99.0,3,Entire home/apt,1.0,2.0,1.0,undefined,3,False,4.93,True,1.0,168,41.73905563354492,-87.64429473876953,Chicago
42737135,58.0,1,Entire home/apt,1.0,1.0,1.0,undefined,2,False,4.84,True,13.0,159,41.85765,-87.65015,Chicago
42757816,244.0,2,Entire home/apt,1.0,1.0,1.0,undefined,32,True,,False,,340,41.883056,-87.65131389999999,Chicago
42757854,183.0,2,Entire home/apt,1.0,1.0,1.0,undefined,32,True,5.0,False,,356,41.883056,-87.65131389999999,Chicago
42757880,214.0,2,Entire home/apt,1.0,1.0,1.0,undefined,32,True,4.0,False,,81,41.8860812,-87.63422229999998,Chicago
42757930,215.0,2,Entire home/apt,1.0,1.0,1.0,undefined,32,True,,False,,277,41.883056,-87.65131389999999,Chicago
42757978,171.0,2,Entire home/apt,0.0,1.0,1.0,undefined,32,True,1.5,False,,214,41.8860812,-87.63422229999998,Chicago
42758322,183.0,2,Entire home/apt,1.0,1.0,1.0,undefined,32,True,,False,,279,41.883056,-87.65131389999999,Chicago
42795682,69.0,6,Entire home/apt,2.0,2.0,1.0,undefined,3,False,4.79,False,2.0,248,41.96301,-87.72087,Chicago
42812355,217.0,2,Entire home/apt,1.0,1.0,1.0,undefined,32,True,1.0,False,,338,41.8860812,-87.63422229999998,Chicago
42892605,139.0,2,Entire home/apt,1.0,2.0,1.0,undefined,5,True,4.67,False,3.0,345,41.90142,-87.70906,Chicago
42899150,284.0,2,Entire home/apt,1.0,1.0,1.0,undefined,32,True,4.75,False,,353,41.883056,-87.65131389999999,Chicago
42920816,207.0,2,Entire home/apt,1.0,1.0,1.0,undefined,32,True,5.0,False,,350,41.883056,-87.65131389999999,Chicago
42929197,142.0,5,Entire home/apt,2.0,2.0,1.0,undefined,3,True,4.81,True,2.0,235,41.90894,-87.70856,Chicago
42933476,25.0,1,Private room,1.0,1.0,1.0,undefined,1,False,4.92,False,15.0,335,41.76234,-87.58841,Chicago
42936720,288.0,4,Entire home/apt,2.0,2.0,2.0,undefined,32,True,5.0,False,,334,41.8860812,-87.63422229999998,Chicago
42936764,221.0,2,Entire home/apt,1.0,1.0,1.0,undefined,32,True,3.75,False,,280,41.8860812,-87.63422229999998,Chicago
42936787,193.0,2,Entire home/apt,1.0,1.0,1.0,undefined,32,True,,False,,27,41.883056,-87.65131389999999,Chicago
42936800,222.0,2,Entire home/apt,1.0,1.0,1.0,undefined,32,True,5.0,False,,252,41.883056,-87.65131389999999,Chicago
42936818,178.0,2,Entire home/apt,1.0,1.0,1.0,undefined,32,True,,False,,86,41.90511,-87.62786,Chicago
42936898,205.0,2,Entire home/apt,1.0,1.0,1.0,undefined,32,True,,False,,280,41.886064,-87.624718,Chicago
42936919,200.0,2,Entire home/apt,1.0,1.0,1.0,undefined,32,True,,False,,146,41.8860812,-87.63422229999998,Chicago
42949553,185.0,4,Entire home/apt,3.0,3.0,1.0,undefined,1,False,4.92,True,11.0,155,41.92085,-87.71561,Chicago
42951264,215.0,2,Entire home/apt,1.0,1.0,1.0,undefined,32,True,,False,,149,41.883056,-87.65131389999999,Chicago
42951790,160.0,4,Entire home/apt,2.0,2.0,1.0,undefined,2,False,4.93,True,11.0,163,41.92055,-87.71707,Chicago
42952113,137.0,4,Entire home/apt,2.0,2.0,1.0,undefined,1,False,4.94,True,11.0,142,41.92202,-87.71527,Chicago
42952568,160.0,5,Entire home/apt,2.0,2.0,1.0,undefined,1,False,4.9,True,11.0,156,41.92215,-87.71537,Chicago
42953341,125.0,2,Entire home/apt,1.0,1.0,1.0,undefined,1,False,4.88,True,11.0,162,41.92244,-87.71542,Chicago
42953577,110.0,2,Entire home/apt,1.0,1.0,1.0,undefined,2,False,4.89,True,11.0,163,41.92223,-87.71727,Chicago
42962445,250.0,4,Entire home/apt,2.0,2.0,2.0,undefined,1,False,4.95,True,11.0,156,41.97065,-87.6564,Chicago
42962600,250.0,4,Entire home/apt,3.0,3.0,2.0,undefined,1,False,4.96,True,11.0,153,41.96996,-87.65693,Chicago
42970425,293.0,6,Entire home/apt,2.0,3.0,1.5,undefined,2,True,5.0,True,8.0,80,41.9216832518206,-87.63984328447776,Chicago
42971032,354.0,6,Entire home/apt,2.0,4.0,2.0,undefined,1,False,4.99,True,8.0,155,41.92389,-87.63905,Chicago
43030415,213.0,2,Entire home/apt,1.0,1.0,1.0,undefined,32,True,,False,,235,41.883056,-87.65131389999999,Chicago
43030460,237.0,2,Entire home/apt,1.0,1.0,1.0,undefined,32,True,5.0,False,,198,41.883056,-87.65131389999999,Chicago
43054295,54.0,4,Entire home/apt,1.0,2.0,1.0,undefined,32,False,4.0,False,2.0,325,41.77869,-87.60692,Chicago
43094362,57.0,2,Private room,1.0,2.0,1.0,undefined,32,False,5.0,True,51.0,325,41.78308868408203,-87.60704040527344,Chicago
43098894,40.0,2,Private room,1.0,1.0,2.0,undefined,32,False,4.27,False,143.0,325,41.87675,-87.70267,Chicago
43113021,55.0,2,Private room,1.0,1.0,2.0,undefined,32,False,4.4,False,143.0,0,41.87726,-87.70231,Chicago
43118752,50.0,2,Private room,1.0,1.0,2.0,undefined,32,False,4.63,False,143.0,0,41.87685,-87.70363,Chicago
43118876,60.0,2,Private room,1.0,1.0,2.0,undefined,32,False,4.12,False,143.0,0,41.87816,-87.70433,Chicago
43125458,235.0,2,Entire home/apt,1.0,1.0,1.0,undefined,32,False,4.5,True,6.0,265,41.91291988333352,-87.64283434483511,Chicago
43129585,223.0,2,Entire home/apt,1.0,1.0,1.0,undefined,32,True,5.0,False,,222,41.883056,-87.65131389999999,Chicago
43141028,185.0,2,Entire home/apt,1.0,2.0,1.0,undefined,2,False,4.62,True,4.0,168,41.80413,-87.60882,Chicago
43164062,283.0,11,Entire home/apt,5.0,5.0,1.5,undefined,2,True,4.9,True,7.0,158,41.85573959350586,-87.71604919433594,Chicago
43196556,114.0,4,Entire home/apt,2.0,2.0,1.0,undefined,2,False,4.76,True,6.0,139,41.9397,-87.67744,Chicago
43292649,155.0,4,Entire home/apt,1.0,2.0,1.0,undefined,32,False,4.96,True,4.0,197,41.9171286,-87.6737011,Chicago
43336944,38.0,2,Private room,1.0,1.0,1.0,undefined,32,True,4.73,True,12.0,270,41.87709,-87.72554,Chicago
43346710,192.0,5,Entire home/apt,2.0,2.0,2.0,undefined,2,True,4.83,True,8.0,275,41.91864,-87.63731,Chicago
43358309,378.0,6,Entire home/apt,2.0,2.0,2.0,undefined,2,False,4.87,True,18.0,124,41.89927283288212,-87.61973278880845,Chicago
43380673,47.0,2,Private room,1.0,1.0,1.0,undefined,32,True,4.81,True,12.0,265,41.876,-87.71451,Chicago
43412748,102.0,4,Entire home/apt,1.0,2.0,1.0,undefined,3,False,4.85,True,4.0,0,41.9193,-87.71671,Chicago
43415181,45.0,1,Private room,1.0,1.0,1.0,undefined,2,False,4.91,True,36.0,27,41.99649,-87.79205,Chicago
43422337,235.0,6,Entire home/apt,2.0,3.0,2.0,undefined,3,True,4.89,True,49.0,298,41.93093,-87.64461,Chicago
43431634,206.0,7,Entire home/apt,3.0,4.0,3.0,undefined,2,False,4.91,True,2.0,305,41.94368,-87.67506,Chicago
43442679,90.0,4,Entire home/apt,1.0,2.0,1.0,undefined,3,True,4.83,,10.0,97,41.88442057999424,-87.69210524765779,Chicago
43486597,319.0,6,Entire home/apt,3.0,4.0,2.0,undefined,3,False,4.8,False,2.0,182,41.9165153503418,-87.67300415039062,Chicago
43489645,141.0,5,Entire home/apt,2.0,2.0,1.0,undefined,2,False,4.75,True,2.0,218,41.92835,-87.64625,Chicago
43498654,178.0,2,Entire home/apt,1.0,1.0,1.0,undefined,1,True,4.87,True,49.0,312,41.9294,-87.64475,Chicago
43514955,244.0,6,Entire home/apt,2.0,3.0,2.0,undefined,10,True,4.84,True,49.0,325,41.92895,-87.64289,Chicago
43518441,38.0,1,Private room,1.0,1.0,1.0,undefined,2,False,4.94,True,36.0,345,41.99806,-87.79169,Chicago
43532857,157.0,2,Private room,1.0,1.0,1.0,undefined,1,True,4.85,,17.0,45,41.94507,-87.64893,Chicago
43555956,208.0,6,Entire home/apt,3.0,3.0,1.0,undefined,3,True,4.99,True,6.0,163,41.9239287199727,-87.7082371711943,Chicago
43576117,72.0,2,Entire home/apt,0.0,1.0,1.0,undefined,2,False,4.98,True,1.0,197,41.94514465332031,-87.82776641845703,Chicago
43594534,100.0,4,Entire home/apt,2.0,2.0,1.0,undefined,32,False,5.0,True,15.0,231,41.84001079999999,-87.6487989,Chicago
43600854,216.0,2,Entire home/apt,1.0,1.0,2.0,undefined,2,True,4.88,True,49.0,337,41.9288,-87.64301,Chicago
43638644,72.0,2,Entire home/apt,0.0,1.0,1.0,undefined,2,False,4.7,True,28.0,260,41.91304,-87.68755,Chicago
43653015,42.0,2,Private room,1.0,1.0,1.0,undefined,32,False,4.79,True,12.0,241,41.87582,-87.71303,Chicago
43662803,269.0,8,Entire home/apt,4.0,4.0,3.5,undefined,2,True,4.76,True,4.0,325,41.8704,-87.68346,Chicago
43689052,62.0,2,Private room,1.0,1.0,1.0,undefined,1,False,4.86,True,6.0,351,41.80672,-87.6063,Chicago
43691686,42.0,2,Private room,1.0,1.0,1.0,undefined,32,False,4.79,True,12.0,269,41.87693,-87.71383,Chicago
43701611,63.0,2,Private room,1.0,1.0,1.0,undefined,1,False,4.88,True,6.0,319,41.80668,-87.60627,Chicago
43702402,42.0,1,Private room,1.0,1.0,1.0,undefined,1,True,4.75,True,6.0,345,41.8071,-87.6045,Chicago
43767503,38.0,2,Private room,1.0,1.0,2.0,undefined,1,False,4.53,False,7.0,341,41.94856,-87.71284,Chicago
43777047,118.0,3,Entire home/apt,1.0,1.0,1.0,undefined,32,False,5.0,True,7.0,355,41.9043,-87.63298,Chicago
43789677,130.0,4,Entire home/apt,2.0,2.0,1.0,undefined,2,False,4.91,True,13.0,67,41.94226,-87.67827,Chicago
43806243,70.0,4,Entire home/apt,1.0,1.0,1.0,undefined,32,False,4.67,False,4.0,88,41.76766,-87.6224,Chicago
43818411,94.0,2,Entire home/apt,1.0,1.0,1.0,undefined,2,False,4.92,True,1.0,253,41.85805,-87.64188,Chicago
43835556,118.0,2,Entire home/apt,1.0,1.0,1.0,undefined,2,False,4.96,True,1.0,158,41.89359,-87.6896,Chicago
43870930,104.0,5,Entire home/apt,2.0,2.0,1.0,undefined,32,False,4.45,False,2.0,328,41.96907,-87.683,Chicago
43876715,414.0,6,Entire home/apt,2.0,3.0,1.0,undefined,1,True,5.0,True,6.0,251,41.9462,-87.65029,Chicago
43877038,123.0,4,Entire home/apt,1.0,2.0,1.0,undefined,1,True,4.83,True,6.0,285,41.9449,-87.65048,Chicago
43898901,60.0,3,Entire home/apt,2.0,2.0,1.0,undefined,1,False,4.55,False,2.0,265,41.92417,-87.77304,Chicago
43899284,199.0,4,Entire home/apt,1.0,2.0,1.0,undefined,1,True,4.87,True,49.0,311,41.929969787597656,-87.64385986328125,Chicago
43986433,444.0,15,Entire home/apt,6.0,6.0,2.5,undefined,32,False,4.94,True,6.0,342,41.98773,-87.70924,Chicago
44045740,256.0,6,Entire home/apt,2.0,6.0,2.0,undefined,3,True,4.84,True,49.0,332,41.92909,-87.64285,Chicago
44058297,81.0,2,Entire home/apt,1.0,1.0,1.0,undefined,3,False,4.6,False,6.0,353,41.73147,-87.58412,Chicago
44063437,201.0,6,Entire home/apt,2.0,2.0,1.0,undefined,32,False,5.0,False,3.0,152,41.94469,-87.68003,Chicago
44066069,80.0,2,Private room,1.0,1.0,2.0,undefined,32,False,4.63,False,143.0,325,41.87908,-87.70242,Chicago
44085884,113.0,2,Entire home/apt,1.0,1.0,1.0,undefined,32,False,4.95,True,2.0,138,41.89615,-87.62562,Chicago
44124151,149.0,8,Entire home/apt,3.0,3.0,1.0,undefined,2,False,4.69,False,2.0,257,41.93993,-87.70002,Chicago
44135080,390.0,10,Entire home/apt,4.0,7.0,2.0,undefined,2,False,4.8,,4.0,322,41.97039,-87.68545,Chicago
44163692,144.0,2,Private room,1.0,1.0,1.0,undefined,1,False,5.0,True,4.0,362,41.919392,-87.779465,Chicago
44167294,145.0,4,Entire home/apt,2.0,3.0,1.0,undefined,32,False,5.0,True,7.0,311,41.90273,-87.63328,Chicago
44189377,454.0,6,Entire home/apt,3.0,3.0,3.5,undefined,7,True,5.0,False,2.0,70,41.94938,-87.68561,Chicago
44203673,36.0,1,Private room,1.0,1.0,1.0,undefined,1,False,4.41,False,9.0,348,41.76336,-87.5739,Chicago
44206651,279.0,4,Entire home/apt,2.0,2.0,2.0,undefined,2,False,4.91,False,2.0,341,41.94977,-87.6856,Chicago
44213093,184.0,2,Entire home/apt,1.0,1.0,1.0,undefined,2,True,4.92,True,49.0,322,41.92912,-87.64455,Chicago
44213095,247.0,4,Entire home/apt,1.0,2.0,1.0,undefined,3,True,4.89,True,49.0,312,41.92919,-87.64435,Chicago
44213097,250.0,2,Entire home/apt,1.0,1.0,1.0,undefined,3,True,4.91,True,49.0,321,41.93081,-87.64292,Chicago
44213162,253.0,6,Entire home/apt,2.0,3.0,2.0,undefined,3,True,4.85,True,49.0,316,41.92901,-87.64412,Chicago
44234449,217.0,6,Entire home/apt,2.0,3.0,2.0,undefined,5,False,4.8,True,53.0,146,41.86788,-87.62523,Chicago
44234840,322.0,6,Entire home/apt,2.0,3.0,2.0,undefined,5,False,4.81,,13.0,146,41.86647,-87.62561,Chicago
44252444,564.0,16,Entire home/apt,5.0,8.0,3.5,undefined,2,True,4.87,True,2.0,303,41.90884,-87.6378,Chicago
44259231,32.0,2,Private room,1.0,1.0,1.0,undefined,1,False,4.33,False,9.0,319,41.76436,-87.57167,Chicago
44259635,1022.0,6,Entire home/apt,3.0,2.0,3.0,undefined,32,False,5.0,False,1.0,171,41.91007,-87.67199,Chicago
44322872,127.0,4,Entire home/apt,2.0,2.0,1.0,undefined,3,False,4.94,True,2.0,56,41.95073,-87.71465,Chicago
44402955,84.0,3,Entire home/apt,1.0,1.0,1.0,undefined,2,False,4.64,True,28.0,300,41.91596,-87.70656,Chicago
44433063,322.0,5,Entire home/apt,2.0,2.0,2.0,undefined,4,True,4.98,True,2.0,239,41.93041611,-87.64987946,Chicago
44446862,79.0,4,Entire home/apt,2.0,2.0,1.0,undefined,1,False,4.78,True,3.0,148,41.95612,-87.71152,Chicago
44451347,276.0,10,Entire home/apt,4.0,5.0,3.0,undefined,2,False,4.87,True,1.0,328,41.85039,-87.64038,Chicago
44472684,170.0,2,Entire home/apt,0.0,1.0,1.0,undefined,32,True,3.0,False,,234,41.8772287,-87.6290111,Chicago
44472765,174.0,2,Entire home/apt,1.0,1.0,1.0,undefined,32,True,4.33,False,,55,41.8772287,-87.6290111,Chicago
44472783,173.0,2,Entire home/apt,1.0,1.0,1.0,undefined,32,True,3.0,False,,86,41.8772287,-87.6290111,Chicago
44472881,148.0,2,Entire home/apt,0.0,1.0,1.0,undefined,32,True,3.0,False,,342,41.9089458,-87.6504842,Chicago
44472905,167.0,2,Entire home/apt,0.0,1.0,1.0,undefined,32,True,,False,,197,41.9089458,-87.6504842,Chicago
44490049,59.0,2,Entire home/apt,0.0,1.0,1.0,undefined,2,True,4.87,True,2.0,320,41.85605,-87.65083,Chicago
44535810,102.0,3,Entire home/apt,1.0,2.0,1.0,undefined,2,False,4.97,True,1.0,198,41.93292,-87.7084,Chicago
44557909,260.0,10,Entire home/apt,3.0,5.0,1.0,undefined,2,False,4.77,True,9.0,150,41.9485709947022,-87.65822365480322,Chicago
44566657,155.0,2,Entire home/apt,0.0,1.0,1.0,undefined,32,True,5.0,False,,293,41.9089458,-87.6504842,Chicago
44697481,235.0,4,Entire home/apt,2.0,2.0,2.0,undefined,32,True,4.0,False,,25,41.8772287,-87.6290111,Chicago
44839791,40.0,2,Private room,1.0,1.0,1.0,undefined,32,False,5.0,False,3.0,144,41.8527,-87.72157,Chicago
44952202,65.0,2,Private room,1.0,1.0,1.0,undefined,3,False,4.9,True,4.0,316,41.92588,-87.79597,Chicago
45000378,40.0,1,Private room,2.0,1.0,1.5,undefined,32,True,5.0,False,1.0,269,41.75552,-87.56829,Chicago
45009173,96.0,2,Entire home/apt,1.0,1.0,1.0,undefined,2,False,4.99,True,1.0,121,41.90788,-87.71418,Chicago
45099241,170.0,5,Entire home/apt,3.0,3.0,1.0,undefined,2,False,4.94,True,6.0,6,41.915187,-87.711738,Chicago
45102210,1000.0,10,Entire home/apt,4.0,4.0,3.0,undefined,32,True,3.67,False,12.0,365,41.92796,-87.69772,Chicago
45153834,119.0,7,Entire home/apt,3.0,2.0,2.0,undefined,32,False,5.0,False,1.0,153,41.89919,-87.66267,Chicago
45177129,876.0,10,Entire home/apt,5.0,9.0,3.0,undefined,32,True,4.58,False,12.0,364,41.9549,-87.70571,Chicago
45214721,151.0,4,Entire home/apt,2.0,4.0,1.0,undefined,2,True,4.84,True,1.0,83,41.8363454417236,-87.64640765458576,Chicago
45241534,158.0,6,Entire home/apt,3.0,4.0,1.0,undefined,1,False,4.97,True,4.0,55,41.9129,-87.72474,Chicago
45259783,38.0,2,Private room,1.0,1.0,2.0,undefined,1,False,4.52,False,7.0,338,41.94734,-87.71133,Chicago
45267441,50.0,1,Private room,1.0,1.0,1.5,undefined,32,False,4.75,False,3.0,178,41.84819,-87.6769,Chicago
45267938,39.0,1,Private room,1.0,1.0,1.5,undefined,32,False,4.83,False,3.0,268,41.85021,-87.67831,Chicago
45301793,82.0,2,Private room,1.0,1.0,1.0,undefined,2,False,5.0,True,6.0,258,41.93849,-87.78799,Chicago
45304453,78.0,2,Private room,1.0,1.0,1.0,undefined,2,False,4.94,True,6.0,85,41.94014,-87.78861,Chicago
45304613,83.0,2,Private room,1.0,1.0,1.0,undefined,2,False,4.92,True,6.0,85,41.94034,-87.78655,Chicago
45328855,86.0,2,Entire home/apt,1.0,2.0,1.0,undefined,2,False,4.81,True,1.0,230,41.93825,-87.68796,Chicago
45329300,367.0,10,Entire home/apt,5.0,5.0,4.0,undefined,3,False,4.81,True,1.0,88,41.93589,-87.69746,Chicago
45334247,96.0,4,Entire home/apt,2.0,2.0,2.0,undefined,14,True,4.78,True,1.0,317,41.8778,-87.66729,Chicago
45337459,203.0,6,Entire home/apt,3.0,3.0,2.0,undefined,3,False,4.92,True,9.0,327,41.81999588012695,-87.6131591796875,Chicago
45362058,447.0,12,Entire home/apt,4.0,6.0,2.5,undefined,2,False,4.81,True,2.0,355,41.76429,-87.62049,Chicago
45368483,38.0,1,Private room,1.0,1.0,1.5,undefined,2,False,4.89,True,36.0,351,41.99264,-87.71464,Chicago
45370544,304.0,6,Entire home/apt,3.0,4.0,1.0,undefined,3,False,4.99,True,2.0,242,41.89506,-87.67748,Chicago
45423930,47.0,1,Private room,1.0,1.0,1.5,undefined,2,False,4.82,True,36.0,354,41.99236,-87.71524,Chicago
45453685,143.0,2,Entire home/apt,1.0,1.0,1.0,undefined,3,False,4.95,True,3.0,241,41.85551,-87.66418,Chicago
45463808,193.0,2,Entire home/apt,1.0,1.0,1.0,undefined,32,True,,False,,185,41.8945286,-87.63340520000003,Chicago
45465696,139.0,2,Private room,1.0,1.0,1.0,undefined,1,True,4.75,,17.0,39,41.945072174072266,-87.64892578125,Chicago
45487005,13.0,1,Entire home/apt,0.0,1.0,0.5,undefined,180,False,,False,1.0,207,41.92071,-87.69966,Chicago
45493080,106.0,8,Entire home/apt,3.0,4.0,1.0,undefined,1,False,4.69,False,1.0,261,41.90355,-87.73382,Chicago
45494623,169.0,4,Entire home/apt,1.0,1.0,1.0,undefined,1,False,4.94,True,3.0,185,41.91618,-87.636078,Chicago
45495441,80.0,1,Entire home/apt,1.0,1.0,1.0,undefined,32,False,4.5,False,74.0,297,41.93845,-87.66574,Chicago
45504982,124.0,6,Entire home/apt,2.0,3.0,1.0,undefined,2,False,4.43,False,1.0,22,41.91702,-87.71756,Chicago
45512087,132.0,2,Private room,1.0,1.0,0.0,undefined,1,True,4.77,,17.0,48,41.945072174072266,-87.64892578125,Chicago
45515581,106.0,2,Entire home/apt,1.0,2.0,1.0,undefined,3,False,4.89,True,2.0,139,41.83037,-87.61904,Chicago
45546582,146.0,4,Entire home/apt,2.0,2.0,1.0,undefined,2,False,4.95,True,1.0,156,41.89726,-87.67734,Chicago
45564076,784.0,8,Entire home/apt,4.0,5.0,3.0,undefined,3,True,4.85,False,2.0,343,42.00736,-87.66126,Chicago
45565102,69.0,1,Private room,1.0,2.0,2.0,undefined,1,False,4.8,True,9.0,330,42.0157,-87.66464,Chicago
45565646,25.0,1,Private room,1.0,1.0,1.0,undefined,1,False,4.87,False,15.0,335,41.76259,-87.5875,Chicago
45609760,275.0,6,Entire home/apt,3.0,4.0,2.0,undefined,2,False,4.9,True,1.0,145,41.97093,-87.76929,Chicago
45638499,750.0,4,Entire home/apt,2.0,2.0,1.0,undefined,2,False,5.0,True,3.0,83,41.97898,-87.67335,Chicago
45649212,126.0,2,Private room,1.0,1.0,0.0,undefined,1,True,4.83,,17.0,33,41.945072174072266,-87.64892578125,Chicago
45686609,71.0,2,Entire home/apt,1.0,1.0,1.0,undefined,32,False,4.95,True,1.0,228,41.93658,-87.71897,Chicago
45704710,112.0,3,Entire home/apt,2.0,2.0,1.0,undefined,32,False,,False,1.0,363,41.86842,-87.68696,Chicago
45712121,110.0,4,Private room,1.0,2.0,1.0,undefined,2,False,4.88,True,1.0,281,41.93454,-87.64303,Chicago
45768095,72.0,2,Private room,3.0,3.0,1.0,undefined,32,True,4.81,False,56.0,310,41.87252,-87.65206,Chicago
45774105,50.0,2,Private room,1.0,1.0,2.5,undefined,3,False,4.85,True,4.0,306,41.98448,-87.81186,Chicago
45784632,113.0,4,Entire home/apt,0.0,2.0,1.0,undefined,2,False,4.95,True,2.0,277,41.91184,-87.67439,Chicago
45786059,155.0,7,Entire home/apt,3.0,4.0,1.0,undefined,3,False,4.64,False,56.0,166,41.87274,-87.65136,Chicago
45788381,129.0,6,Entire home/apt,3.0,3.0,1.0,undefined,2,False,4.84,True,1.0,255,41.77413,-87.61329,Chicago
45792345,428.0,6,Entire home/apt,3.0,3.0,2.5,undefined,32,True,,False,,180,41.8945286,-87.63340520000003,Chicago
45792346,424.0,6,Entire home/apt,3.0,3.0,2.5,undefined,32,True,,False,,290,41.8945286,-87.63340520000003,Chicago
45798133,169.0,4,Entire home/apt,2.0,2.0,1.0,undefined,2,False,4.98,True,2.0,15,41.91943,-87.68898,Chicago
45798672,37.0,1,Private room,1.0,1.0,1.5,undefined,2,False,4.86,True,36.0,358,41.99261,-87.71617,Chicago
45812538,61.0,2,Private room,1.0,1.0,1.0,undefined,3,True,4.59,False,56.0,161,41.87119,-87.65149,Chicago
45812729,161.0,5,Entire home/apt,3.0,4.0,1.0,undefined,3,True,4.67,False,56.0,244,41.87242,-87.65313,Chicago
45826341,152.0,6,Entire home/apt,3.0,3.0,1.0,undefined,2,True,4.74,False,56.0,197,41.869,-87.65542,Chicago
45826540,150.0,7,Entire home/apt,4.0,1.0,2.0,undefined,3,True,4.69,False,56.0,254,41.86881,-87.65693,Chicago
45826931,136.0,6,Entire home/apt,3.0,3.0,1.5,undefined,3,False,4.53,False,56.0,159,41.86757,-87.65625,Chicago
45827082,72.0,2,Private room,3.0,3.0,1.0,undefined,32,True,4.89,False,56.0,85,41.86759,-87.65527,Chicago
45846603,129.0,5,Entire home/apt,3.0,3.0,2.0,undefined,32,False,5.0,True,42.0,341,41.8785,-87.68194,Chicago
45864010,99.0,3,Entire home/apt,1.0,1.0,1.0,undefined,32,False,4.33,False,22.0,49,41.896,-87.62727,Chicago
45864022,125.0,3,Entire home/apt,1.0,1.0,1.0,undefined,32,False,4.67,False,22.0,120,41.89476,-87.62564,Chicago
45867707,52.0,2,Private room,1.0,1.0,2.0,undefined,2,False,4.7,False,6.0,360,41.87316,-87.72808,Chicago
45868710,580.0,10,Entire home/apt,4.0,6.0,3.0,undefined,3,False,4.98,True,5.0,301,41.9295,-87.71515,Chicago
45868920,54.0,4,Private room,1.0,2.0,2.0,undefined,2,False,4.71,False,6.0,352,41.87129,-87.72598,Chicago
45879182,137.0,4,Entire home/apt,2.0,2.0,1.0,undefined,3,True,4.67,False,1.0,228,41.91203,-87.63634,Chicago
45879824,50.0,4,Entire home/apt,2.0,3.0,1.0,undefined,2,True,4.92,True,1.0,332,41.90015,-87.68286,Chicago
45885253,53.0,3,Private room,1.0,2.0,2.0,undefined,2,False,4.74,False,6.0,357,41.87241,-87.72621,Chicago
45887585,237.0,7,Entire home/apt,4.0,5.0,1.5,undefined,31,False,4.43,False,2.0,52,41.7765,-87.60851,Chicago
45908801,68.0,2,Private room,3.0,3.0,2.0,undefined,32,True,4.66,False,56.0,205,41.86769,-87.65726,Chicago
45952602,80.0,6,Entire home/apt,2.0,2.0,1.0,undefined,32,False,5.0,False,4.0,298,41.85525,-87.64679,Chicago
45956460,106.0,2,Entire home/apt,1.0,1.0,1.0,undefined,3,False,4.85,True,1.0,240,41.94333,-87.73052,Chicago
45968904,69.0,2,Private room,1.0,1.0,1.5,undefined,2,False,4.68,False,56.0,282,41.87211,-87.65308,Chicago
45969120,140.0,2,Entire home/apt,0.0,1.0,1.0,undefined,32,True,5.0,False,,25,41.9089458,-87.6504842,Chicago
45969134,204.0,2,Entire home/apt,0.0,1.0,1.0,undefined,32,True,5.0,False,,185,41.9089458,-87.6504842,Chicago
45990524,72.0,2,Private room,1.0,1.0,1.5,undefined,2,False,4.56,False,56.0,340,41.87023,-87.65157,Chicago
45991867,153.0,7,Entire home/apt,3.0,4.0,1.0,undefined,3,True,4.7,False,56.0,230,41.86751,-87.65739,Chicago
46002551,145.0,2,Entire home/apt,0.0,1.0,1.0,undefined,32,True,4.0,False,,279,41.9089458,-87.6504842,Chicago
46036579,88.0,3,Entire home/apt,1.0,1.0,1.0,undefined,30,False,4.84,True,18.0,322,41.94473,-87.65653,Chicago
46037467,144.0,3,Entire home/apt,2.0,2.0,1.0,undefined,1,False,4.66,False,1.0,110,41.8949890200915,-87.6582719385624,Chicago
46037709,86.0,7,Entire home/apt,3.0,4.0,1.5,undefined,32,True,4.31,False,16.0,332,41.77532,-87.60143,Chicago
46050508,137.0,6,Entire home/apt,3.0,4.0,1.0,undefined,2,False,4.79,False,3.0,344,41.93264,-87.72496,Chicago
46065519,135.0,5,Entire home/apt,2.0,3.0,1.0,undefined,3,False,5.0,True,7.0,360,41.90883,-87.73023,Chicago
46082311,125.0,4,Entire home/apt,1.0,3.0,2.0,undefined,3,False,4.88,True,6.0,339,41.95526,-87.6564,Chicago
46090808,76.0,2,Private room,1.0,1.0,1.5,undefined,2,False,4.75,False,56.0,222,41.87169,-87.65091,Chicago
46091235,139.0,2,Private room,1.0,1.0,1.0,undefined,1,True,4.78,,17.0,46,41.945072174072266,-87.64892578125,Chicago
46099490,297.0,6,Entire home/apt,3.0,6.0,2.0,undefined,1,False,4.73,False,2.0,252,41.90028,-87.66787,Chicago
46106793,48.0,2,Private room,1.0,1.0,2.0,undefined,1,True,4.59,False,7.0,353,41.9486,-87.71203,Chicago
46107192,43.0,2,Private room,1.0,1.0,2.0,undefined,1,False,4.65,False,7.0,349,41.94721,-87.71363,Chicago
46107325,36.0,2,Private room,1.0,2.0,2.0,undefined,1,False,4.56,False,7.0,354,41.94878,-87.71364,Chicago
46108566,114.0,8,Entire home/apt,3.0,4.0,2.0,undefined,32,False,5.0,False,1.0,140,41.98426894142706,-87.70332199121275,Chicago
46116148,125.0,4,Entire home/apt,1.0,2.0,2.0,undefined,3,False,4.86,True,6.0,344,41.95642852783203,-87.65574645996094,Chicago
46155097,41.0,2,Private room,1.0,1.0,2.0,undefined,3,False,4.9,True,4.0,348,41.98403,-87.81012,Chicago
46177916,280.0,4,Entire home/apt,2.0,4.0,2.0,undefined,32,False,,False,4.0,263,41.94031,-87.70431,Chicago
46200177,150.0,2,Entire home/apt,1.0,1.0,1.0,undefined,2,False,4.75,True,2.0,219,41.81572,-87.60135,Chicago
46242944,59.0,1,Private room,1.0,1.0,1.5,undefined,32,False,5.0,False,8.0,227,41.88294,-87.68371,Chicago
46276229,100.0,2,Entire home/apt,1.0,1.0,1.0,undefined,3,False,4.7,False,19.0,33,41.9793765,-87.69028399999999,Chicago
46278553,173.0,6,Entire home/apt,2.0,3.0,1.0,undefined,1,False,4.87,False,1.0,238,41.91037,-87.64221,Chicago
46280796,214.0,8,Entire home/apt,4.0,4.0,3.0,undefined,2,False,4.75,False,4.0,32,41.75412,-87.55716,Chicago
46316297,398.0,6,Entire home/apt,2.0,3.0,2.0,undefined,3,False,4.93,True,18.0,135,41.908788649531225,-87.63259155274532,Chicago
46332709,722.0,9,Entire home/apt,4.0,5.0,2.0,undefined,1,True,4.85,False,6.0,92,41.94783401489258,-87.65404510498047,Chicago
46371937,52.0,4,Entire home/apt,1.0,1.0,1.0,undefined,2,False,4.59,,9.0,10,41.91283,-87.70497,Chicago
46401985,125.0,3,Entire home/apt,1.0,1.0,1.0,undefined,32,False,4.81,True,7.0,365,41.90276,-87.633,Chicago
46412765,505.0,14,Entire home/apt,5.0,5.0,2.5,undefined,2,False,4.86,False,32.0,314,41.94776,-87.66044,Chicago
46414655,190.0,5,Entire home/apt,2.0,2.0,1.0,undefined,1,True,4.66,True,3.0,299,41.94714,-87.653389,Chicago
46416869,152.0,8,Entire home/apt,4.0,4.0,1.0,undefined,2,False,4.84,True,1.0,352,41.78149,-87.6043,Chicago
46431345,162.0,8,Entire home/apt,2.0,4.0,1.0,undefined,2,False,4.69,False,2.0,84,41.88645,-87.71073,Chicago
46467879,175.0,2,Entire home/apt,0.0,1.0,1.0,undefined,32,False,4.94,True,2.0,108,41.93868,-87.65362,Chicago
46469381,64.0,2,Private room,1.0,1.0,1.5,undefined,2,True,4.84,True,16.0,346,41.83347,-87.61779,Chicago
46491381,999.0,3,Entire home/apt,1.0,2.0,1.0,undefined,1,True,4.8,False,356.0,290,41.87077,-87.62993,Chicago
46491392,999.0,3,Entire home/apt,1.0,2.0,1.0,undefined,1,True,4.72,False,356.0,296,41.8695,-87.63214,Chicago
46491411,999.0,5,Entire home/apt,2.0,4.0,2.0,undefined,1,True,4.82,False,356.0,296,41.8711,-87.63057,Chicago
46491425,435.0,8,Entire home/apt,3.0,5.0,1.0,undefined,1,True,4.82,False,356.0,297,41.87127,-87.63172,Chicago
46491432,999.0,2,Entire home/apt,0.0,1.0,1.0,undefined,1,True,4.74,False,356.0,294,41.86943,-87.62987,Chicago
46491438,999.0,2,Entire home/apt,0.0,1.0,1.0,undefined,1,True,4.8,False,356.0,287,41.8712,-87.63032,Chicago
46581790,60.0,2,Private room,1.0,1.0,2.0,undefined,32,False,4.33,False,143.0,0,41.87719,-87.70246,Chicago
46604372,229.0,9,Entire home/apt,2.0,5.0,3.0,undefined,2,False,4.95,True,1.0,322,41.91768,-87.65261,Chicago
46605764,86.0,1,Entire home/apt,1.0,1.0,1.0,undefined,32,False,5.0,False,235.0,297,41.93856725414293,-87.66497984394037,Chicago
46641653,172.0,6,Entire home/apt,3.0,3.0,1.0,undefined,2,False,4.96,True,28.0,344,41.90294,-87.67646,Chicago
46744290,219.0,2,Entire home/apt,1.0,1.0,1.0,undefined,32,True,5.0,False,,177,41.8945286,-87.63340520000003,Chicago
46744938,107.0,6,Entire home/apt,2.0,2.0,2.0,undefined,32,False,5.0,True,2.0,314,41.93435,-87.70474,Chicago
46757419,147.0,8,Entire home/apt,4.0,4.0,2.0,undefined,5,True,4.78,False,1.0,345,41.7991,-87.77937,Chicago
46758768,214.0,4,Entire home/apt,1.0,1.0,1.0,undefined,32,False,4.87,False,1.0,88,41.88645,-87.63556,Chicago
46816683,27.0,2,Private room,1.0,1.0,1.0,undefined,3,False,4.2,False,23.0,262,41.75497,-87.58308,Chicago
46838034,631.0,10,Entire home/apt,3.0,5.0,2.0,undefined,2,False,4.97,,2.0,257,41.89633,-87.63775,Chicago
46874139,102.0,6,Entire home/apt,3.0,3.0,1.0,undefined,32,False,4.75,False,3.0,283,42.01208,-87.68072,Chicago
46883218,96.0,3,Entire home/apt,1.0,2.0,1.0,undefined,180,False,4.63,True,1.0,363,41.9176,-87.67468,Chicago
46915572,143.0,2,Private room,1.0,1.0,1.0,undefined,1,True,4.76,,17.0,36,41.945072174072266,-87.64892578125,Chicago
46920112,203.0,5,Entire home/apt,2.0,2.0,1.0,undefined,1,True,4.72,True,3.0,106,41.94669,-87.65532,Chicago
46920402,94.0,2,Entire home/apt,1.0,1.0,1.0,undefined,2,False,4.95,True,30.0,340,41.9468864,-87.6649941,Chicago
46941176,164.0,4,Entire home/apt,2.0,2.0,1.0,undefined,1,True,4.95,True,7.0,354,41.92918,-87.70099,Chicago
46947744,125.0,3,Entire home/apt,1.0,1.0,1.0,undefined,31,False,5.0,False,22.0,173,41.89621,-87.62775,Chicago
46984326,353.0,5,Entire home/apt,2.0,3.0,1.0,undefined,2,True,4.98,True,1.0,305,41.90138,-87.67707,Chicago
47003905,344.0,4,Entire home/apt,2.0,2.0,2.0,undefined,32,True,,False,1.0,365,41.88176,-87.65969,Chicago
47025410,249.0,3,Entire home/apt,2.0,2.0,2.0,undefined,360,False,,False,74.0,365,41.93888,-87.6665,Chicago
47028932,360.0,4,Entire home/apt,2.0,3.0,1.0,undefined,180,False,4.64,False,1.0,359,41.92874,-87.66016,Chicago
47054253,92.0,1,Private room,1.0,1.0,1.0,undefined,32,False,5.0,False,2.0,365,41.84894,-87.68243,Chicago
47078640,91.0,5,Entire home/apt,2.0,2.0,1.0,undefined,32,False,4.95,False,2.0,256,41.92073,-87.71874,Chicago
47116347,166.0,2,Entire home/apt,1.0,1.0,1.0,undefined,32,False,5.0,False,2.0,91,41.86965,-87.62743,Chicago
47131603,333.0,2,Entire home/apt,0.0,1.0,1.0,undefined,32,False,4.29,False,9.0,176,41.88345,-87.64352,Chicago
47139845,62.0,1,Private room,1.0,1.0,1.0,undefined,2,False,4.92,True,2.0,31,41.85685,-87.667717,Chicago
47314728,406.0,10,Entire home/apt,4.0,6.0,3.0,undefined,2,False,4.97,True,5.0,343,41.91483,-87.68923,Chicago
47327806,249.0,6,Entire home/apt,3.0,4.0,2.0,undefined,2,False,4.99,True,1.0,328,42.00933,-87.67828,Chicago
47334435,297.0,4,Entire home/apt,2.0,2.0,1.0,undefined,2,False,5.0,True,1.0,157,41.94174,-87.64841,Chicago
47429162,320.0,13,Entire home/apt,5.0,5.0,3.5,undefined,2,True,4.68,False,1.0,108,41.90245,-87.6908,Chicago
47434371,172.0,6,Entire home/apt,3.0,4.0,1.0,undefined,3,False,5.0,True,1.0,232,41.9258197083025,-87.71468750760835,Chicago
47449432,139.0,3,Private room,1.0,1.0,0.0,undefined,1,True,4.84,,17.0,54,41.945072174072266,-87.64892578125,Chicago
47451564,1175.0,16,Entire home/apt,4.0,12.0,4.0,undefined,3,True,5.0,True,7.0,345,41.90738,-87.64833,Chicago
47478472,605.0,10,Entire home/apt,5.0,8.0,3.5,undefined,32,False,5.0,False,6.0,365,41.77012,-87.57767,Chicago
47498245,333.0,10,Entire home/apt,4.0,7.0,2.0,undefined,2,False,4.7,True,1.0,174,41.73131,-87.64232,Chicago
47530764,139.0,4,Entire home/apt,2.0,3.0,1.0,undefined,2,False,4.94,False,1.0,195,41.93279,-87.71163,Chicago
47537168,83.0,2,Private room,1.0,1.0,1.0,undefined,1,False,4.88,,21.0,350,41.83269,-87.61029,Chicago
47537784,93.0,2,Private room,1.0,1.0,1.0,undefined,1,False,4.93,,21.0,338,41.83289,-87.61055,Chicago
47538599,90.0,2,Private room,1.0,1.0,1.0,undefined,1,False,4.98,,21.0,313,41.83346,-87.60964,Chicago
47548236,113.0,4,Entire home/apt,2.0,3.0,1.0,undefined,32,False,4.29,False,1.0,269,41.89973,-87.75925,Chicago
47554803,99.0,2,Private room,1.0,1.0,1.0,undefined,1,False,4.95,,21.0,353,41.83307,-87.61,Chicago
47591966,469.0,10,Entire home/apt,4.0,4.0,4.0,undefined,2,False,4.79,False,8.0,337,41.89851,-87.67059,Chicago
47730404,753.0,12,Entire home/apt,4.0,4.0,4.0,undefined,2,False,4.86,True,18.0,58,41.89951,-87.62178,Chicago
47732195,108.0,4,Entire home/apt,2.0,2.0,1.5,undefined,1,True,4.94,False,2.0,46,41.91749,-87.69184,Chicago
47734866,51.0,1,Private room,1.0,1.0,1.0,undefined,32,False,5.0,False,4.0,259,41.88966,-87.71567,Chicago
47740144,181.0,4,Entire home/apt,1.0,2.0,1.0,undefined,1,True,4.96,True,1.0,307,41.89681,-87.67606,Chicago
47741881,244.0,16,Entire home/apt,5.0,9.0,2.0,undefined,3,False,4.71,False,1.0,339,41.84408,-87.72292,Chicago
47856464,285.0,16,Entire home/apt,8.0,9.0,4.5,undefined,32,False,4.34,False,29.0,179,41.93023,-87.66241,Chicago
47862092,42.0,1,Private room,1.0,1.0,1.0,undefined,32,False,4.83,True,12.0,257,41.87737,-87.71382,Chicago
47880622,220.0,2,Entire home/apt,1.0,1.0,1.0,undefined,32,True,,False,,365,41.8670646,-87.6231114,Chicago
47904340,1440.0,12,Entire home/apt,4.0,6.0,4.5,undefined,2,False,4.88,True,5.0,335,41.89987,-87.63282,Chicago
47915321,174.0,2,Entire home/apt,0.0,1.0,1.0,undefined,32,True,3.0,False,,278,41.8670646,-87.6231114,Chicago
47924389,265.0,4,Entire home/apt,2.0,2.0,1.0,undefined,1,True,4.97,True,6.0,299,41.944618,-87.652596,Chicago
47956909,384.0,16,Entire home/apt,4.0,10.0,2.0,undefined,2,False,4.93,True,5.0,319,41.93825,-87.64123,Chicago
48024458,224.0,2,Entire home/apt,1.0,1.0,1.0,undefined,32,True,4.0,False,,319,41.8670646,-87.6231114,Chicago
48024552,333.0,4,Entire home/apt,2.0,2.0,1.0,undefined,32,True,,False,,217,41.8670646,-87.6231114,Chicago
48026061,68.0,2,Private room,1.0,1.0,1.0,undefined,2,False,4.98,False,12.0,349,41.97071,-87.71236,Chicago
48087457,315.0,12,Entire home/apt,4.0,6.0,2.5,undefined,3,False,4.73,True,1.0,334,41.90164,-87.67239,Chicago
48103490,399.0,6,Entire home/apt,2.0,2.0,2.0,undefined,2,False,4.94,True,43.0,136,41.90106,-87.61987,Chicago
48117413,190.0,2,Entire home/apt,1.0,1.0,1.0,undefined,32,True,,False,,198,41.8670646,-87.6231114,Chicago
48117497,189.0,2,Entire home/apt,1.0,1.0,1.0,undefined,32,True,5.0,False,,328,41.8670646,-87.6231114,Chicago
48135056,219.0,4,Entire home/apt,1.0,3.0,1.0,undefined,3,False,4.88,,7.0,237,41.8685,-87.62746,Chicago
48135942,104.0,2,Private room,1.0,1.0,1.0,undefined,32,True,5.0,False,2.0,269,41.91884,-87.73608,Chicago
48137449,211.0,3,Entire home/apt,1.0,1.0,1.0,undefined,32,False,5.0,False,1.0,364,41.87047,-87.62798,Chicago
48138364,199.0,4,Entire home/apt,2.0,3.0,1.5,undefined,4,False,4.88,True,2.0,248,41.93038,-87.64263,Chicago
48146215,126.0,4,Entire home/apt,2.0,2.0,1.0,undefined,2,False,4.92,True,2.0,315,41.93781304915991,-87.67783021520268,Chicago
48158156,125.0,8,Entire home/apt,3.0,6.0,1.0,undefined,2,False,4.74,True,3.0,339,41.84616,-87.64165,Chicago
48180138,307.0,6,Entire home/apt,2.0,2.0,2.0,undefined,2,False,5.0,True,28.0,296,41.91468,-87.70439,Chicago
48180549,98.0,4,Entire home/apt,1.0,2.0,1.0,undefined,2,False,4.77,True,28.0,329,41.91404,-87.70622,Chicago
48183209,140.0,5,Entire home/apt,2.0,3.0,1.0,undefined,3,False,5.0,False,1.0,356,41.849925,-87.698343,Chicago
48196821,110.0,2,Entire home/apt,1.0,1.0,1.0,undefined,32,False,5.0,True,5.0,170,41.89525,-87.62664,Chicago
48213677,175.0,4,Entire home/apt,1.0,2.0,1.0,undefined,2,True,4.55,False,2.0,205,41.92826,-87.64384,Chicago
48228569,342.0,6,Entire home/apt,2.0,3.0,2.0,undefined,1,False,4.95,False,5.0,69,41.94977,-87.65721,Chicago
48229808,175.0,4,Entire home/apt,1.0,2.0,1.0,undefined,32,False,5.0,True,105.0,268,41.89769,-87.63165,Chicago
48230225,241.0,6,Entire home/apt,2.0,2.0,2.0,undefined,32,False,,True,105.0,364,41.88748,-87.61921,Chicago
48230359,177.0,4,Entire home/apt,1.0,2.0,1.0,undefined,32,False,5.0,True,105.0,365,41.88628,-87.61911,Chicago
48239081,220.0,2,Entire home/apt,1.0,1.0,1.0,undefined,32,True,4.5,False,,276,41.89678629999999,-87.6317246,Chicago
48239116,222.0,2,Entire home/apt,1.0,1.0,1.0,undefined,32,True,,False,,311,41.89678629999999,-87.6317246,Chicago
48244390,674.0,4,Entire home/apt,2.0,2.0,2.0,undefined,1,True,,False,6.0,330,41.98809,-87.66368,Chicago
48244925,147.0,2,Private room,1.0,1.0,1.0,undefined,1,True,4.82,False,6.0,335,41.98789,-87.66369,Chicago
48247709,138.0,2,Private room,1.0,1.0,1.0,undefined,1,True,4.71,False,6.0,332,41.98763,-87.66532,Chicago
48247856,169.0,2,Private room,1.0,1.0,1.0,undefined,1,True,5.0,False,6.0,331,41.98781,-87.66588,Chicago
48247873,147.0,2,Private room,1.0,1.0,1.0,undefined,1,True,5.0,False,6.0,334,41.98902,-87.66584,Chicago
48247889,186.0,2,Private room,1.0,1.0,1.0,undefined,1,True,5.0,False,6.0,342,41.98906,-87.66399,Chicago
48271850,79.0,2,Private room,1.0,1.0,1.0,undefined,32,True,4.5,False,2.0,269,41.91975,-87.73593,Chicago
48279927,330.0,4,Entire home/apt,2.0,2.0,2.0,undefined,3,False,5.0,True,5.0,216,41.90848,-87.67934,Chicago
48286887,151.0,6,Entire home/apt,2.0,2.0,1.0,undefined,2,True,4.83,True,4.0,44,41.88366,-87.66862,Chicago
48292161,207.0,2,Entire home/apt,1.0,1.0,1.0,undefined,32,True,5.0,False,,305,41.89678629999999,-87.6317246,Chicago
48292183,226.0,2,Entire home/apt,1.0,1.0,1.0,undefined,32,True,,False,,175,41.89678629999999,-87.6317246,Chicago
48307895,219.0,2,Entire home/apt,1.0,1.0,1.0,undefined,32,True,,False,,326,41.89678629999999,-87.6317246,Chicago
48307916,191.0,2,Entire home/apt,1.0,1.0,1.0,undefined,32,True,3.67,False,,276,41.89678629999999,-87.6317246,Chicago
48325815,156.0,6,Entire home/apt,3.0,4.0,1.0,undefined,3,True,4.98,True,1.0,353,41.94428,-87.72801,Chicago
48326302,208.0,6,Entire home/apt,3.0,4.0,1.0,undefined,3,False,4.79,False,2.0,162,41.89362,-87.660095,Chicago
48334110,135.0,6,Entire home/apt,2.0,3.0,1.0,undefined,32,False,5.0,False,12.0,363,41.76019,-87.60024,Chicago
48343458,50.0,1,Private room,1.0,1.0,1.0,undefined,32,False,5.0,False,3.0,112,41.9579,-87.70933,Chicago
48349199,417.0,8,Entire home/apt,3.0,4.0,2.0,undefined,2,False,4.75,True,29.0,238,41.88558197021485,-87.62570190429688,Chicago
48349354,279.0,6,Entire home/apt,2.0,3.0,2.0,undefined,2,True,4.82,True,29.0,300,41.88558,-87.6257,Chicago
48349511,344.0,8,Entire home/apt,3.0,4.0,2.0,undefined,2,False,4.65,True,29.0,267,41.88558197021485,-87.62570190429688,Chicago
48381059,207.0,6,Entire home/apt,2.0,3.0,2.0,undefined,3,False,4.77,,39.0,324,41.94492,-87.65675,Chicago
48397983,382.0,4,Private room,2.0,3.0,1.0,undefined,1,True,4.42,False,9.0,353,41.87432,-87.62371,Chicago
48398831,382.0,2,Private room,1.0,1.0,1.0,undefined,1,True,4.33,False,9.0,356,41.87599,-87.62539,Chicago
48399453,255.0,2,Private room,1.0,1.0,1.0,undefined,1,True,4.41,False,9.0,351,41.87596,-87.6251,Chicago
48436315,197.0,2,Entire home/apt,1.0,1.0,1.0,undefined,32,True,,False,,193,41.89678629999999,-87.6317246,Chicago
48436693,221.0,2,Entire home/apt,1.0,1.0,1.0,undefined,32,True,5.0,False,,206,41.89678629999999,-87.6317246,Chicago
48449444,76.0,4,Entire home/apt,1.0,1.0,1.0,undefined,32,False,4.88,True,6.0,76,41.82725,-87.61862,Chicago
48466374,100.0,6,Entire home/apt,3.0,3.0,1.0,undefined,32,False,4.69,True,4.0,365,41.91823,-87.73634,Chicago
48467224,200.0,6,Entire home/apt,2.0,3.0,1.0,undefined,32,False,4.95,True,1.0,355,41.922035731040296,-87.70200012797423,Chicago
48472291,199.0,6,Entire home/apt,3.0,3.0,3.0,undefined,3,False,4.7,False,1.0,342,41.78335,-87.59815,Chicago
48484534,258.0,2,Entire home/apt,1.0,2.0,1.0,undefined,32,False,,False,12.0,364,41.95486,-87.70524,Chicago
48525041,90.0,5,Entire home/apt,1.0,1.0,1.0,undefined,32,False,4.67,True,9.0,133,41.94994144087489,-87.65973787141304,Chicago
48526470,143.0,4,Entire home/apt,1.0,1.0,1.0,undefined,2,True,4.88,True,1.0,67,41.97798,-87.68467,Chicago
48537824,511.0,12,Entire home/apt,4.0,4.0,3.0,undefined,33,False,4.97,True,4.0,203,41.8835,-87.66919,Chicago
48563558,217.0,2,Entire home/apt,1.0,1.0,1.0,undefined,32,True,5.0,False,,285,41.89678629999999,-87.6317246,Chicago
48563590,182.0,2,Entire home/apt,0.0,1.0,1.0,undefined,32,True,5.0,False,,200,41.89678629999999,-87.6317246,Chicago
48563615,196.0,2,Entire home/apt,0.0,1.0,1.0,undefined,32,True,1.0,False,,247,41.89678629999999,-87.6317246,Chicago
48590846,114.0,6,Entire home/apt,2.0,3.0,1.0,undefined,2,False,4.67,False,2.0,240,41.87618612098401,-87.76468517317684,Chicago
48601663,150.0,3,Entire home/apt,1.0,1.0,1.0,undefined,32,False,,True,131.0,106,41.88585,-87.63054,Chicago
48602335,245.0,3,Entire home/apt,1.0,1.0,1.0,undefined,32,False,5.0,True,131.0,89,41.8931,-87.61807,Chicago
48604149,159.0,2,Entire home/apt,0.0,1.0,1.0,undefined,32,False,5.0,True,131.0,148,41.88539,-87.63096,Chicago
48606061,160.0,3,Entire home/apt,1.0,1.0,1.0,undefined,32,False,5.0,True,131.0,99,41.88952,-87.63801,Chicago
48606568,256.0,2,Entire home/apt,0.0,1.0,1.0,undefined,32,False,,True,131.0,89,41.88343,-87.62954,Chicago
48608759,215.0,4,Entire home/apt,0.0,0.0,1.0,undefined,32,False,4.0,True,65.0,362,41.89132690429688,-87.6378402709961,Chicago
48611473,139.0,4,Entire home/apt,1.0,2.0,1.0,undefined,32,False,4.74,False,4.0,143,41.89622,-87.63172,Chicago
48625546,269.0,12,Entire home/apt,4.0,7.0,3.0,undefined,2,False,4.93,True,4.0,25,41.8836,-87.66934,Chicago
48627682,291.0,2,Entire home/apt,1.0,1.0,1.0,undefined,32,False,,True,65.0,362,41.89132690429688,-87.6378402709961,Chicago
48627978,440.0,4,Entire home/apt,2.0,2.0,2.0,undefined,32,False,5.0,True,65.0,362,41.89132690429688,-87.6378402709961,Chicago
48644095,192.0,6,Entire home/apt,2.0,2.0,2.0,undefined,32,False,4.85,False,1.0,265,41.94632,-87.65958,Chicago
48645918,252.0,6,Entire home/apt,2.0,3.0,2.0,undefined,2,False,4.87,True,2.0,241,41.92585,-87.65445,Chicago
48673897,656.0,10,Entire home/apt,3.0,5.0,2.0,undefined,2,False,4.99,True,2.0,251,41.89531,-87.63874,Chicago
48674880,276.0,3,Entire home/apt,1.0,1.0,1.0,undefined,32,False,5.0,True,131.0,89,41.88621,-87.63223,Chicago
48674999,330.0,4,Entire home/apt,2.0,2.0,2.0,undefined,32,False,4.5,True,65.0,353,41.89133,-87.63784,Chicago
48675826,239.0,5,Entire home/apt,2.0,3.0,2.0,undefined,32,False,,True,131.0,89,41.88957,-87.63414,Chicago
48679661,154.0,6,Entire home/apt,3.0,4.0,1.0,undefined,2,False,4.81,True,28.0,352,41.89012,-87.67764,Chicago
48687841,179.0,2,Entire home/apt,0.0,1.0,1.0,undefined,32,True,,False,,351,41.89678629999999,-87.6317246,Chicago
48698760,98.0,2,Private room,1.0,1.0,1.0,undefined,1,False,4.93,,21.0,333,41.83466,-87.61152,Chicago
48703423,135.0,6,Entire home/apt,2.0,2.0,1.0,undefined,3,False,4.88,True,3.0,347,41.84863,-87.67969,Chicago
48711460,195.0,3,Entire home/apt,1.0,1.0,1.0,undefined,32,False,5.0,True,131.0,179,41.88297,-87.62986,Chicago
48712064,166.0,2,Entire home/apt,1.0,1.0,1.0,undefined,32,False,5.0,True,131.0,89,41.87839,-87.64755,Chicago
48714778,199.0,5,Entire home/apt,1.0,2.0,1.0,undefined,32,False,5.0,True,131.0,89,41.87973,-87.64584,Chicago
48715053,276.0,3,Entire home/apt,1.0,1.0,1.0,undefined,32,False,,True,131.0,89,41.88863,-87.63729,Chicago
48733260,150.0,2,Entire home/apt,0.0,1.0,1.0,undefined,32,False,,True,131.0,130,41.88541,-87.63179,Chicago
48734023,129.0,2,Entire home/apt,0.0,1.0,1.0,undefined,32,False,5.0,True,131.0,131,41.88968,-87.63914,Chicago
48735583,302.0,3,Entire home/apt,1.0,1.0,1.0,undefined,32,False,,True,131.0,89,41.88427,-87.62781,Chicago
48741597,152.0,3,Entire home/apt,1.0,1.0,1.0,undefined,2,False,4.86,True,3.0,171,42.012478,-87.688599,Chicago
48770960,747.0,16,Entire home/apt,4.0,7.0,4.0,undefined,1,False,4.89,True,1.0,330,41.9494,-87.65936,Chicago
48803125,252.0,3,Entire home/apt,1.0,1.0,1.0,undefined,32,False,,True,131.0,126,41.89266,-87.61368,Chicago
48803658,250.0,3,Entire home/apt,1.0,1.0,1.0,undefined,32,False,5.0,True,131.0,89,41.88703,-87.6211,Chicago
48807195,166.0,3,Entire home/apt,1.0,1.0,1.0,undefined,32,False,5.0,True,131.0,151,41.88023,-87.64745,Chicago
48807498,245.0,3,Entire home/apt,1.0,1.0,1.0,undefined,32,False,4.5,True,131.0,170,41.89314,-87.61794,Chicago
48808001,230.0,3,Entire home/apt,1.0,0.0,1.0,undefined,32,False,,True,131.0,89,41.87867,-87.64772,Chicago
48823592,109.0,2,Entire home/apt,1.0,1.0,1.0,undefined,28,False,5.0,False,235.0,292,41.93866,-87.66465,Chicago
48828310,99.0,2,Entire home/apt,0.0,1.0,1.0,undefined,2,False,4.74,True,6.0,350,41.96021,-87.65756,Chicago
48828799,120.0,3,Entire home/apt,2.0,2.0,1.0,undefined,32,False,4.86,False,235.0,281,41.93884,-87.66637,Chicago
48849566,330.0,4,Entire home/apt,2.0,2.0,2.0,undefined,32,False,4.67,True,65.0,362,41.89132690429688,-87.6378402709961,Chicago
48862362,103.0,4,Entire home/apt,2.0,2.0,1.0,undefined,3,True,4.47,False,1.0,24,41.9984,-87.67436,Chicago
48878171,359.0,7,Entire home/apt,2.0,4.0,2.0,undefined,1,False,4.99,True,8.0,143,41.92238,-87.64031,Chicago
48881428,170.0,2,Entire home/apt,1.0,1.0,1.0,undefined,3,False,4.97,True,2.0,20,41.90147,-87.67569,Chicago
48902083,151.0,7,Entire home/apt,3.0,4.0,1.0,undefined,32,False,4.85,True,9.0,189,41.9487597,-87.6589273,Chicago
48906645,100.0,2,Private room,1.0,1.0,1.0,undefined,2,False,4.97,True,4.0,117,41.95528,-87.65591,Chicago
48924381,230.0,9,Entire home/apt,4.0,4.0,2.0,undefined,32,False,5.0,True,38.0,365,41.94186,-87.68001,Chicago
48925715,275.0,8,Entire home/apt,3.0,4.0,3.0,undefined,32,False,5.0,True,38.0,365,41.94161,-87.67977,Chicago
48932073,143.0,2,Private room,1.0,1.0,1.0,undefined,1,True,4.75,,17.0,35,41.945072174072266,-87.64892578125,Chicago
48937681,123.0,5,Entire home/apt,2.0,2.0,1.0,undefined,2,False,4.85,False,1.0,60,41.85656,-87.66483,Chicago
48945171,165.0,6,Entire home/apt,2.0,3.0,1.0,undefined,32,False,4.75,True,38.0,365,41.94026,-87.68128,Chicago
48951655,97.0,6,Entire home/apt,3.0,3.0,1.0,undefined,1,False,4.81,True,6.0,328,41.87626,-87.69622,Chicago
48954867,150.0,3,Entire home/apt,1.0,1.0,1.0,undefined,32,False,,True,131.0,133,41.88582,-87.63054,Chicago
48955382,271.0,6,Entire home/apt,2.0,4.0,2.0,undefined,5,False,4.85,True,53.0,42,41.89729,-87.62242,Chicago
48957294,217.0,9,Entire home/apt,4.0,5.0,2.0,undefined,2,True,4.67,True,31.0,343,41.8491024981422,-87.63609634712014,Chicago
48957867,276.0,3,Entire home/apt,1.0,1.0,1.0,undefined,32,False,5.0,True,131.0,89,41.88436,-87.62632,Chicago
48980048,120.0,5,Entire home/apt,2.0,2.0,2.0,undefined,5,False,4.79,True,2.0,250,41.96143,-87.71974,Chicago
48983864,65.0,2,Entire home/apt,1.0,1.0,1.0,undefined,1,False,4.82,True,4.0,16,41.8252,-87.67025,Chicago
48997777,297.0,8,Entire home/apt,4.0,5.0,3.5,undefined,3,False,4.84,True,8.0,0,41.93099,-87.6531,Chicago
49001576,131.0,4,Entire home/apt,2.0,2.0,1.0,undefined,2,False,4.87,True,2.0,354,41.94776,-87.81846,Chicago
49011985,165.0,3,Entire home/apt,1.0,1.0,1.0,undefined,32,False,5.0,True,131.0,159,41.89632,-87.63313,Chicago
49016514,126.0,6,Entire home/apt,3.0,3.0,1.0,undefined,2,True,4.84,True,1.0,349,41.8512508,-87.68530720000001,Chicago
49047616,213.0,2,Entire home/apt,1.0,1.0,1.0,undefined,32,True,,False,,200,41.8670646,-87.6231114,Chicago
49054417,130.0,4,Entire home/apt,1.0,2.0,1.0,undefined,2,False,4.9,True,5.0,234,41.90756,-87.68714,Chicago
49075078,198.0,4,Entire home/apt,2.0,3.0,1.0,undefined,2,False,4.95,True,3.0,350,41.87522,-87.68886,Chicago
49109406,137.0,4,Entire home/apt,2.0,2.0,1.0,undefined,5,False,4.92,True,7.0,284,41.91522,-87.68453,Chicago
49140268,680.0,4,Entire home/apt,2.0,2.0,2.5,undefined,32,False,,False,3.0,365,41.89019,-87.63874,Chicago
49156225,128.0,3,Entire home/apt,1.0,1.0,1.0,undefined,2,False,4.91,True,1.0,57,41.92186,-87.70374,Chicago
49158897,360.0,16,Entire home/apt,8.0,10.0,4.0,undefined,2,True,4.87,True,4.0,52,41.92337,-87.6517,Chicago
49173480,165.0,4,Entire home/apt,2.0,2.0,1.0,undefined,2,False,4.82,False,32.0,98,41.93558,-87.65865,Chicago
49180775,90.0,2,Entire home/apt,1.0,1.0,1.0,undefined,2,False,4.86,True,1.0,162,41.82016,-87.62011,Chicago
49181476,218.0,4,Entire home/apt,2.0,2.0,2.0,undefined,32,False,4.5,False,4.0,330,41.88802,-87.64552,Chicago
49219176,262.0,4,Entire home/apt,2.0,2.0,2.0,undefined,32,True,,False,,320,41.92411,-87.69783,Chicago
49225979,61.0,2,Entire home/apt,1.0,1.0,1.0,undefined,32,True,4.83,False,32.0,55,41.93558,-87.65865,Chicago
49226244,165.0,4,Entire home/apt,2.0,2.0,2.0,undefined,32,False,4.92,True,2.0,318,41.80942,-87.61228,Chicago
49227509,837.0,9,Entire home/apt,4.0,5.0,2.0,undefined,1,True,4.79,False,6.0,91,41.94781112670898,-87.65404510498047,Chicago
49228923,207.0,2,Entire home/apt,1.0,1.0,1.0,undefined,3,False,5.0,True,1.0,207,41.94226,-87.67901,Chicago
49241812,263.0,4,Entire home/apt,2.0,2.0,2.0,undefined,32,True,4.0,False,,278,41.92411,-87.69783,Chicago
49242325,201.0,2,Entire home/apt,0.0,1.0,1.0,undefined,32,False,5.0,True,131.0,89,41.8837,-87.63487,Chicago
49251081,45.0,1,Private room,1.0,1.0,1.0,undefined,1,False,4.68,True,6.0,351,41.78431,-87.60834,Chicago
49255953,147.0,4,Entire home/apt,1.0,1.0,1.0,undefined,32,False,5.0,True,149.0,175,41.89593,-87.63184,Chicago
49276630,177.0,6,Entire home/apt,3.0,3.0,1.0,undefined,2,False,4.92,True,1.0,100,41.80163,-87.62573,Chicago
49290332,81.0,2,Entire home/apt,1.0,1.0,1.0,undefined,2,False,4.92,True,30.0,322,41.94532,-87.65963,Chicago
49293937,735.0,16,Entire home/apt,5.0,7.0,3.5,undefined,2,False,4.95,True,1.0,334,41.9441,-87.65615,Chicago
49319551,250.0,2,Private room,1.0,1.0,1.5,undefined,1,False,5.0,False,2.0,358,41.89571,-87.66954,Chicago
49347198,274.0,4,Entire home/apt,1.0,1.0,1.0,undefined,4,False,4.83,True,53.0,61,41.89764,-87.62034,Chicago
49360466,63.0,4,Entire home/apt,2.0,3.0,1.0,undefined,32,False,4.67,,2.0,124,41.99752,-87.70145,Chicago
49375436,130.0,4,Entire home/apt,2.0,2.0,1.0,undefined,32,False,5.0,False,5.0,178,41.9259,-87.72443,Chicago
49382066,560.0,13,Entire home/apt,4.0,4.0,3.0,undefined,2,False,4.97,True,16.0,339,41.9076051,-87.6340476,Chicago
49399182,1330.0,16,Entire home/apt,6.0,11.0,6.0,undefined,4,False,5.0,True,53.0,118,41.89744,-87.62075,Chicago
49418708,72.0,4,Entire home/apt,2.0,2.0,2.0,undefined,3,True,4.8,True,1.0,263,41.7982,-87.59647,Chicago
49425000,38.0,1,Private room,1.0,1.0,1.0,undefined,2,False,4.85,True,36.0,29,41.99596,-87.78734,Chicago
49435519,272.0,4,Entire home/apt,2.0,2.0,2.0,undefined,32,True,4.5,False,,253,41.92411,-87.69783,Chicago
49435537,193.0,2,Entire home/apt,1.0,1.0,1.0,undefined,32,True,5.0,False,,119,41.94517299999999,-87.641759,Chicago
49435621,193.0,2,Entire home/apt,1.0,1.0,1.0,undefined,32,True,5.0,False,,22,41.94517299999999,-87.641759,Chicago
49458886,214.0,7,Entire home/apt,2.0,3.0,1.0,undefined,6,False,4.61,True,61.0,246,41.89952017412057,-87.61961261957079,Chicago
49462631,320.0,6,Entire home/apt,2.0,5.0,2.0,undefined,5,False,4.89,True,53.0,40,41.89847,-87.62237,Chicago
49477699,251.0,8,Entire home/apt,3.0,5.0,1.5,undefined,2,True,4.82,False,4.0,24,41.91365,-87.68666,Chicago
49479723,289.0,4,Entire home/apt,2.0,2.0,2.0,undefined,32,False,5.0,True,131.0,99,41.88567,-87.63094,Chicago
49485163,95.0,4,Entire home/apt,2.0,2.0,1.0,undefined,2,False,4.98,True,3.0,197,41.93472,-87.72981,Chicago
49503602,90.0,2,Entire home/apt,1.0,1.0,1.0,undefined,32,True,4.69,False,5.0,90,41.95557,-87.66847,Chicago
49504197,111.0,2,Entire home/apt,0.0,1.0,1.0,undefined,1,False,4.77,True,8.0,295,41.90049,-87.63218,Chicago
49506405,36.0,1,Private room,1.0,1.0,1.0,undefined,2,False,4.83,True,36.0,329,41.99396,-87.78789,Chicago
49507376,52.0,2,Private room,1.0,1.0,1.0,undefined,1,False,4.73,False,17.0,344,41.91084,-87.71548,Chicago
49513916,294.0,5,Entire home/apt,2.0,2.0,2.0,undefined,32,False,,True,131.0,88,41.89318,-87.61752,Chicago
49515824,52.0,2,Private room,1.0,1.0,1.0,undefined,1,False,4.81,False,17.0,347,41.90883,-87.71498,Chicago
49516679,58.0,2,Private room,1.0,1.0,1.0,undefined,1,False,4.77,False,17.0,348,41.91023,-87.7169,Chicago
49529413,203.0,4,Entire home/apt,1.0,1.0,1.0,undefined,4,False,4.83,True,53.0,62,41.89924,-87.62214,Chicago
49530220,144.0,5,Entire home/apt,2.0,3.0,1.0,undefined,2,False,4.92,True,1.0,350,41.82019,-87.60369,Chicago
49567370,215.0,4,Entire home/apt,0.0,1.0,1.0,undefined,32,False,,True,65.0,362,41.89132690429688,-87.6378402709961,Chicago
49568068,385.0,4,Entire home/apt,2.0,2.0,2.0,undefined,32,False,5.0,True,65.0,362,41.89132690429688,-87.6378402709961,Chicago
49568139,638.0,10,Entire home/apt,4.0,6.0,2.5,undefined,3,False,4.72,False,2.0,244,41.929500579833984,-87.64491271972656,Chicago
49568476,330.0,4,Entire home/apt,2.0,2.0,2.0,undefined,32,False,5.0,True,65.0,362,41.89132690429688,-87.6378402709961,Chicago
49579795,259.0,2,Entire home/apt,1.0,1.0,1.0,undefined,32,True,,False,,267,41.9740293,-87.6602626,Chicago
49595463,32.0,3,Private room,1.0,1.0,2.0,undefined,2,False,4.29,False,11.0,256,41.87482,-87.69469,Chicago
49633033,197.0,2,Entire home/apt,1.0,2.0,1.0,undefined,2,False,4.97,True,1.0,27,41.9398,-87.65687,Chicago
49636220,107.0,4,Entire home/apt,1.0,2.0,1.0,undefined,2,True,4.84,False,2.0,249,41.92376,-87.72187,Chicago
49663807,95.0,3,Entire home/apt,1.0,2.0,1.0,undefined,2,False,4.87,True,1.0,343,41.95898,-87.72966,Chicago
49672519,53.0,2,Private room,1.0,1.0,1.0,undefined,32,True,4.8,False,56.0,330,41.87051,-87.65354,Chicago
49707308,122.0,3,Entire home/apt,0.0,3.0,1.0,undefined,2,False,4.99,True,2.0,328,41.90933,-87.69165,Chicago
49717398,48.0,1,Private room,1.0,1.0,1.0,undefined,15,False,4.91,True,51.0,336,41.80424,-87.60391,Chicago
49732248,46.0,3,Entire home/apt,0.0,2.0,1.0,undefined,2,True,4.74,True,22.0,341,41.89581,-87.65577,Chicago
49732466,45.0,3,Entire home/apt,0.0,2.0,1.0,undefined,2,True,4.73,True,22.0,346,41.89581,-87.65577,Chicago
49732675,47.0,3,Entire home/apt,0.0,2.0,1.0,undefined,1,True,4.7,True,22.0,344,41.89581,-87.65577,Chicago
49732720,56.0,1,Entire home/apt,0.0,1.0,1.0,undefined,1,True,4.78,True,22.0,340,41.89581,-87.65577,Chicago
49732781,49.0,1,Entire home/apt,0.0,1.0,1.0,undefined,1,True,4.74,True,22.0,338,41.89581,-87.65577,Chicago
49732864,39.0,1,Entire home/apt,0.0,1.0,1.0,undefined,1,True,4.73,True,22.0,332,41.89581,-87.65577,Chicago
49732987,43.0,1,Entire home/apt,0.0,1.0,1.0,undefined,1,True,4.81,True,22.0,335,41.89581,-87.65577,Chicago
49733110,47.0,2,Entire home/apt,0.0,1.0,1.0,undefined,2,True,4.75,True,22.0,330,41.89581,-87.65577,Chicago
49733339,49.0,3,Entire home/apt,0.0,2.0,1.0,undefined,2,True,4.78,True,22.0,345,41.89581,-87.65577,Chicago
49733413,45.0,3,Entire home/apt,0.0,2.0,1.0,undefined,2,True,4.74,True,22.0,339,41.89581,-87.65577,Chicago
49733543,45.0,3,Entire home/apt,0.0,2.0,1.0,undefined,1,True,4.71,True,22.0,324,41.89581,-87.65577,Chicago
49733631,59.0,1,Entire home/apt,0.0,1.0,1.0,undefined,1,True,4.81,True,22.0,335,41.89581,-87.65577,Chicago
49733686,40.0,1,Entire home/apt,0.0,1.0,1.0,undefined,1,True,4.81,True,22.0,337,41.89581,-87.65577,Chicago
49733748,47.0,3,Entire home/apt,0.0,2.0,1.0,undefined,1,True,4.76,True,22.0,330,41.89581,-87.65577,Chicago
49733798,50.0,2,Entire home/apt,0.0,1.0,1.0,undefined,1,True,4.73,True,22.0,335,41.89581,-87.65577,Chicago
49733843,53.0,2,Entire home/apt,0.0,1.0,1.0,undefined,1,True,4.86,True,22.0,333,41.89581,-87.65577,Chicago
49742520,267.0,2,Entire home/apt,1.0,1.0,1.0,undefined,32,True,,False,,142,41.9740293,-87.6602626,Chicago
49815034,900.0,4,Entire home/apt,1.0,1.0,1.0,undefined,32,True,,False,2.0,270,41.86731051276551,-87.62288957834244,Chicago
49888114,104.0,4,Entire home/apt,1.0,3.0,1.0,undefined,1,False,4.58,False,19.0,61,41.9704,-87.67139,Chicago
49890166,45.0,1,Private room,1.0,1.0,1.0,undefined,32,False,4.7,True,6.0,56,41.78262,-87.60703,Chicago
49904304,160.0,7,Entire home/apt,3.0,4.0,1.0,undefined,3,False,4.95,True,2.0,257,41.93742,-87.71936,Chicago
49912659,284.0,8,Entire home/apt,4.0,4.0,2.0,undefined,1,False,4.81,False,20.0,328,41.93653,-87.64696,Chicago
49923914,143.0,4,Entire home/apt,2.0,3.0,1.0,undefined,3,False,4.95,True,2.0,127,41.82833,-87.62038,Chicago
49943153,140.0,3,Entire home/apt,1.0,1.0,1.0,undefined,32,False,5.0,True,131.0,67,41.88537,-87.61958,Chicago
49946504,45.0,1,Private room,1.0,1.0,0.0,undefined,2,False,4.83,True,6.0,347,41.78395,-87.6073,Chicago
49979135,195.0,8,Entire home/apt,2.0,3.0,2.0,undefined,2,True,4.84,True,80.0,359,41.85567,-87.6239,Chicago
49987405,79.0,2,Entire home/apt,1.0,1.0,1.0,undefined,32,False,,False,1.0,321,41.89572,-87.6333,Chicago
49988122,93.0,2,Entire home/apt,1.0,1.0,1.0,undefined,2,True,4.69,False,28.0,256,41.96423,-87.69226,Chicago
50006147,193.0,6,Entire home/apt,2.0,2.0,2.0,undefined,2,False,4.77,True,29.0,322,41.88558197021485,-87.62570190429688,Chicago
50011418,98.0,2,Entire home/apt,1.0,2.0,1.0,undefined,4,False,4.94,False,1.0,48,41.81885,-87.61365,Chicago
50012376,156.0,6,Entire home/apt,3.0,4.0,1.0,undefined,2,False,4.8,False,2.0,166,41.91755,-87.71712,Chicago
50031902,49.0,6,Entire home/apt,2.0,4.0,1.0,undefined,2,True,4.78,False,1.0,320,41.905017,-87.664707,Chicago
50051128,212.0,4,Entire home/apt,2.0,2.0,1.0,undefined,2,True,4.96,True,3.0,53,41.89836,-87.62963,Chicago
50053322,71.0,2,Entire home/apt,0.0,2.0,1.0,undefined,1,False,4.84,True,6.0,141,41.85225,-87.67791,Chicago
50074008,39.0,4,Private room,1.0,1.0,1.0,undefined,2,False,4.22,False,53.0,145,41.91691,-87.69657,Chicago
50074097,34.0,3,Private room,1.0,1.0,1.0,undefined,2,False,4.21,False,53.0,153,41.9189,-87.6964,Chicago
50074348,35.0,3,Private room,1.0,1.0,1.0,undefined,2,False,4.5,False,53.0,152,41.91683,-87.69444,Chicago
50089804,75.0,4,Entire home/apt,2.0,2.0,1.5,undefined,3,True,4.9,True,2.0,286,41.7788,-87.59983,Chicago
50100628,50.0,3,Entire home/apt,1.0,2.0,1.0,undefined,2,False,4.85,,10.0,40,41.88309,-87.69359,Chicago
50103759,150.0,4,Entire home/apt,2.0,2.0,1.0,undefined,32,True,4.77,False,28.0,237,41.96689084769485,-87.68665614078766,Chicago
50104464,342.0,6,Entire home/apt,3.0,3.0,1.0,undefined,3,False,4.94,True,1.0,151,41.91966,-87.6522,Chicago
50112403,1179.0,12,Entire home/apt,5.0,5.0,4.0,undefined,1,False,5.0,False,2.0,355,41.89408,-87.66861,Chicago
50119671,413.0,12,Entire home/apt,4.0,6.0,3.0,undefined,2,False,4.89,False,12.0,247,41.93845,-87.66596,Chicago
50121209,128.0,4,Entire home/apt,2.0,2.0,1.0,undefined,1,False,4.87,False,20.0,316,41.92717,-87.6401,Chicago
50129545,299.0,4,Entire home/apt,1.0,2.0,1.0,undefined,2,False,4.89,True,3.0,358,41.94571,-87.66074,Chicago
50131562,143.0,6,Entire home/apt,3.0,3.0,2.0,undefined,32,False,5.0,False,1.0,89,41.89048,-87.76446,Chicago
50138074,35.0,2,Private room,1.0,1.0,2.0,undefined,1,False,4.57,,53.0,332,41.82827,-87.669,Chicago
50140405,145.0,4,Entire home/apt,0.0,1.0,1.0,undefined,2,True,4.71,True,80.0,335,41.85538,-87.62337,Chicago
50146852,49.0,2,Private room,1.0,1.0,1.0,undefined,32,True,4.76,True,8.0,365,41.79202281167852,-87.67341687147352,Chicago
50154899,300.0,5,Entire home/apt,2.0,2.0,2.0,undefined,32,False,5.0,False,7.0,365,41.86055,-87.65087,Chicago
50168507,150.0,3,Entire home/apt,1.0,1.0,1.0,undefined,32,False,5.0,True,131.0,152,41.88348,-87.62965,Chicago
50171085,239.0,6,Entire home/apt,2.0,3.0,2.0,undefined,32,False,5.0,True,105.0,179,41.88743,-87.62042,Chicago
50177249,45.0,3,Entire home/apt,0.0,2.0,1.0,undefined,1,True,4.76,True,22.0,342,41.89581,-87.65577,Chicago
50177336,42.0,1,Entire home/apt,0.0,1.0,1.0,undefined,1,True,4.76,True,22.0,342,41.89581,-87.65577,Chicago
50177417,42.0,1,Entire home/apt,0.0,1.0,1.0,undefined,1,True,4.73,True,22.0,341,41.89581,-87.65577,Chicago
50177472,42.0,2,Entire home/apt,0.0,1.0,1.0,undefined,3,True,4.75,True,22.0,335,41.89581,-87.65577,Chicago
50177503,43.0,2,Entire home/apt,0.0,1.0,1.0,undefined,1,True,4.75,True,22.0,340,41.89581,-87.65577,Chicago
50192262,330.0,4,Entire home/apt,2.0,2.0,2.0,undefined,32,False,4.67,True,65.0,362,41.89132690429688,-87.6378402709961,Chicago
50194260,123.0,3,Entire home/apt,1.0,1.0,1.0,undefined,2,False,4.89,True,52.0,308,41.91693,-87.63469,Chicago
50210047,117.0,8,Entire home/apt,2.0,2.0,2.0,undefined,32,False,4.92,True,61.0,231,41.88525,-87.63229,Chicago
50216087,83.0,4,Entire home/apt,2.0,2.0,1.0,undefined,32,False,4.7,False,5.0,325,41.91365,-87.71749,Chicago
50248233,216.0,4,Entire home/apt,2.0,2.0,2.0,undefined,32,True,4.5,False,1.0,94,41.84431,-87.62664,Chicago
50249380,222.0,5,Entire home/apt,2.0,2.0,1.0,undefined,2,False,4.98,False,1.0,50,41.95147,-87.678,Chicago
50260293,185.0,2,Entire home/apt,0.0,1.0,1.0,undefined,32,True,3.0,False,,135,41.8763,-87.65371999999999,Chicago
50260351,191.0,2,Entire home/apt,0.0,1.0,1.0,undefined,32,True,,False,,47,41.8763,-87.65371999999999,Chicago
50264446,240.0,3,Entire home/apt,1.0,1.0,1.0,undefined,32,False,,True,131.0,89,41.88041,-87.64636,Chicago
50268537,103.0,4,Entire home/apt,1.0,1.0,1.5,undefined,1,False,4.75,False,1.0,31,41.86732,-87.68534,Chicago
50269785,121.0,4,Entire home/apt,2.0,2.0,1.0,undefined,2,True,4.42,False,5.0,135,41.83275,-87.62007,Chicago
50282484,517.0,6,Entire home/apt,2.0,3.0,2.0,undefined,2,True,4.95,False,1.0,358,41.95457,-87.6572,Chicago
50291798,162.0,2,Entire home/apt,1.0,1.0,1.0,undefined,2,False,4.89,True,4.0,343,41.89092,-87.65753,Chicago
50303061,124.0,2,Private room,1.0,1.0,2.0,undefined,1,False,4.57,,53.0,4,41.82608,-87.66769,Chicago
50304485,72.0,3,Entire home/apt,1.0,1.0,1.0,undefined,32,False,4.71,False,12.0,359,41.76049,-87.59995,Chicago
50306753,112.0,2,Entire home/apt,1.0,1.0,1.0,undefined,32,False,5.0,True,131.0,127,41.88392,-87.62975,Chicago
50308546,298.0,2,Entire home/apt,0.0,0.0,1.0,undefined,32,False,5.0,True,131.0,117,41.88583,-87.63251,Chicago
50331852,64.0,2,Entire home/apt,2.0,2.0,1.0,undefined,32,False,4.81,True,16.0,180,41.82995,-87.69149,Chicago
50347450,109.0,4,Entire home/apt,1.0,3.0,1.0,undefined,1,True,4.67,False,19.0,59,41.96847,-87.67144,Chicago
50363989,300.0,6,Entire home/apt,3.0,3.0,2.0,undefined,2,True,4.87,True,49.0,325,41.929969787597656,-87.64385986328125,Chicago
50363992,250.0,6,Entire home/apt,2.0,3.0,2.0,undefined,3,True,4.79,True,49.0,332,41.93051,-87.64477,Chicago
50364005,256.0,4,Entire home/apt,2.0,2.0,2.0,undefined,3,True,4.75,True,49.0,346,41.929,-87.64298,Chicago
50376122,225.0,5,Entire home/apt,2.0,3.0,1.0,undefined,32,False,,False,1.0,341,41.94963,-87.75425,Chicago
50390584,233.0,4,Entire home/apt,2.0,2.0,2.0,undefined,32,True,1.0,False,,312,41.9611522,-87.67556239999999,Chicago
50391061,75.0,2,Private room,1.0,1.0,1.0,undefined,3,False,4.9,True,4.0,239,41.92823,-87.79741,Chicago
50393005,70.0,2,Private room,1.0,1.0,1.0,undefined,3,False,5.0,True,1.0,90,41.85791,-87.64368,Chicago
50396276,450.0,4,Entire home/apt,0.0,1.0,1.0,undefined,32,False,,True,131.0,89,41.88542,-87.63232,Chicago
50417090,203.0,3,Entire home/apt,1.0,1.0,1.0,undefined,32,False,,True,131.0,89,41.88171,-87.63369,Chicago
50441239,123.0,4,Entire home/apt,2.0,2.0,1.5,undefined,3,False,4.84,False,2.0,240,41.91829,-87.68805,Chicago
50451083,201.0,2,Entire home/apt,1.0,1.0,1.0,undefined,32,True,4.0,False,,297,41.94517299999999,-87.641759,Chicago
50459339,275.0,2,Entire home/apt,2.0,2.0,1.0,undefined,32,False,5.0,True,3.0,98,41.89402,-87.62681,Chicago
50461162,193.0,4,Entire home/apt,2.0,2.0,1.0,undefined,2,False,4.91,True,1.0,237,41.91906,-87.72644,Chicago
50469120,218.0,4,Entire home/apt,1.0,2.0,1.0,undefined,3,False,4.98,True,1.0,73,41.90986,-87.64104,Chicago
50481036,245.0,6,Entire home/apt,2.0,3.0,1.0,undefined,2,False,4.75,True,29.0,299,41.89861,-87.62068,Chicago
50489917,189.0,6,Entire home/apt,3.0,3.0,2.0,undefined,2,True,4.74,False,56.0,248,41.8726,-87.65365,Chicago
50492306,74.0,4,Entire home/apt,2.0,2.0,1.0,undefined,35,False,,False,12.0,363,41.76038,-87.60144,Chicago
50526328,128.0,8,Entire home/apt,4.0,4.0,1.5,undefined,2,False,4.85,True,2.0,343,41.68789,-87.61048,Chicago
50541693,280.0,7,Entire home/apt,4.0,4.0,2.0,undefined,3,False,4.95,True,1.0,321,41.92605,-87.68994,Chicago
50548007,209.0,5,Entire home/apt,2.0,3.0,1.0,undefined,2,False,4.95,True,1.0,252,41.95468,-87.72722,Chicago
50566046,138.0,8,Entire home/apt,4.0,5.0,2.0,undefined,2,True,4.69,False,5.0,177,41.904892,-87.696382,Chicago
50566631,280.0,7,Entire home/apt,3.0,4.0,3.0,undefined,2,False,4.98,True,7.0,336,41.89127,-87.68229,Chicago
50589205,961.0,4,Entire home/apt,2.0,3.0,1.0,undefined,1,False,,False,1.0,263,41.88349,-87.73017,Chicago
50599177,136.0,4,Entire home/apt,1.0,1.0,2.0,undefined,2,True,4.88,True,1.0,355,41.78919,-87.61938,Chicago
50615520,150.0,3,Entire home/apt,1.0,1.0,1.0,undefined,32,False,,True,131.0,131,41.88715,-87.62067,Chicago
50619453,112.0,2,Entire home/apt,0.0,1.0,1.0,undefined,2,False,4.79,True,2.0,325,41.90833,-87.67115,Chicago
50630606,193.0,2,Entire home/apt,0.0,1.0,1.0,undefined,32,True,4.0,False,,200,41.8925035,-87.61628259999999,Chicago
50632700,304.0,4,Entire home/apt,2.0,2.0,2.0,undefined,32,True,,False,,93,41.8925035,-87.61628259999999,Chicago
50633147,195.0,2,Entire home/apt,1.0,1.0,1.0,undefined,32,True,,False,,310,41.8925035,-87.61628259999999,Chicago
50637985,256.0,4,Entire home/apt,2.0,2.0,2.0,undefined,3,False,4.78,False,2.0,313,41.9461,-87.64993,Chicago
50641075,618.0,4,Entire home/apt,2.0,2.0,2.0,undefined,2,True,4.68,True,65.0,358,41.89039,-87.63844,Chicago
50641249,255.0,4,Entire home/apt,1.0,1.0,1.0,undefined,32,False,5.0,True,65.0,362,41.89132690429688,-87.6378402709961,Chicago
50644291,95.0,2,Entire home/apt,1.0,1.0,1.0,undefined,32,False,4.92,True,8.0,212,41.86731,-87.68622,Chicago
50677599,55.0,2,Private room,1.0,1.0,1.0,undefined,1,False,4.75,False,2.0,233,41.76292,-87.59051,Chicago
50700037,86.0,2,Entire home/apt,1.0,1.0,1.0,undefined,3,False,4.69,False,6.0,355,41.733,-87.58381,Chicago
50724592,58.0,2,Entire home/apt,1.0,1.0,1.0,undefined,2,False,4.95,True,1.0,158,41.93521,-87.73076,Chicago
50731285,102.0,6,Entire home/apt,2.0,3.0,1.0,undefined,2,False,4.86,True,1.0,151,41.9315,-87.71294,Chicago
50758845,184.0,2,Entire home/apt,1.0,1.0,1.0,undefined,32,True,,False,,202,41.94517299999999,-87.641759,Chicago
50773644,63.0,2,Entire home/apt,0.0,1.0,1.0,undefined,32,False,4.92,True,3.0,41,41.93902802059055,-87.65328833474615,Chicago
50787832,142.0,4,Entire home/apt,1.0,0.0,1.0,undefined,32,True,5.0,False,1.0,35,41.82019,-87.60059,Chicago
50808262,181.0,6,Entire home/apt,3.0,4.0,2.0,undefined,1,False,4.44,True,1.0,360,41.89132,-87.76772,Chicago
50841010,59.0,2,Private room,1.0,1.0,1.0,undefined,32,True,,False,56.0,365,41.87245553963066,-87.65163428124556,Chicago
50890121,2643.0,15,Entire home/apt,6.0,4.0,6.0,undefined,2,False,5.0,False,1.0,358,41.90439,-87.67427,Chicago
50915824,78.0,4,Entire home/apt,2.0,3.0,1.0,undefined,2,True,4.76,False,3.0,335,41.85592,-87.65353,Chicago
50916130,254.0,6,Entire home/apt,2.0,3.0,1.0,undefined,2,False,4.74,True,29.0,285,41.89861,-87.62068,Chicago
50936383,117.0,2,Entire home/apt,1.0,1.0,1.0,undefined,3,False,4.77,True,1.0,9,41.95507,-87.77023,Chicago
50937384,266.0,4,Entire home/apt,2.0,2.0,1.0,undefined,4,True,5.0,True,2.0,259,41.9294,-87.64951,Chicago
50957385,306.0,4,Entire home/apt,0.0,2.0,2.0,undefined,3,True,4.76,False,6.0,349,41.9222,-87.66404,Chicago
51008895,257.0,2,Entire home/apt,1.0,1.0,1.0,undefined,32,True,5.0,False,,4,41.8925035,-87.61628259999999,Chicago
51017310,319.0,12,Entire home/apt,6.0,6.0,3.5,undefined,32,False,4.66,False,15.0,61,41.76484,-87.62704,Chicago
51042668,50.0,6,Entire home/apt,2.0,3.0,1.5,undefined,2,True,4.72,True,4.0,321,41.8704,-87.68346,Chicago
51049065,152.0,2,Entire home/apt,1.0,0.0,1.0,undefined,1,False,4.73,True,3.0,172,42.01247787475586,-87.6885986328125,Chicago
51059142,162.0,5,Entire home/apt,2.0,2.0,1.0,undefined,3,False,4.93,True,1.0,52,41.95122,-87.68635,Chicago
51067175,108.0,2,Entire home/apt,1.0,1.0,1.0,undefined,2,False,4.92,False,2.0,227,41.99234,-87.6725,Chicago
51084874,274.0,6,Entire home/apt,2.0,3.0,2.0,undefined,5,False,4.82,True,53.0,142,41.86736,-87.62567,Chicago
51118058,255.0,8,Entire home/apt,3.0,5.0,1.0,undefined,2,False,4.95,True,1.0,168,41.99362,-87.66355,Chicago
51128091,113.0,2,Entire home/apt,1.0,1.0,1.0,undefined,1,False,5.0,True,1.0,119,41.93543,-87.70494,Chicago
51151407,102.0,4,Entire home/apt,2.0,2.0,1.0,undefined,2,True,4.83,False,32.0,353,41.93355,-87.71945,Chicago
51153028,137.0,6,Entire home/apt,2.0,3.0,1.0,undefined,2,False,4.91,True,1.0,7,41.93939,-87.77747,Chicago
51196105,118.0,4,Entire home/apt,2.0,2.0,1.0,undefined,2,True,4.82,False,11.0,16,41.8976,-87.67586,Chicago
51205312,55.0,2,Entire home/apt,0.0,1.0,1.0,undefined,32,True,5.0,True,7.0,253,41.92891,-87.70107,Chicago
51212716,140.0,2,Entire home/apt,1.0,1.0,1.0,undefined,32,False,,False,1.0,270,41.69145,-87.67883,Chicago
51214098,196.0,2,Entire home/apt,1.0,1.0,1.0,undefined,32,True,4.0,False,,259,41.8925035,-87.61628259999999,Chicago
51222496,41.0,2,Private room,1.0,1.0,1.0,undefined,28,False,5.0,False,25.0,33,41.86642,-87.68405,Chicago
51231216,64.0,2,Private room,1.0,1.0,2.0,undefined,3,False,4.96,True,1.0,355,41.75249,-87.60544,Chicago
51241143,40.0,1,Private room,1.0,1.0,1.0,undefined,7,False,4.57,False,25.0,23,41.86852,-87.68591,Chicago
51252210,68.0,2,Private room,1.0,1.0,1.0,undefined,2,False,4.86,False,1.0,176,41.80546,-87.61385,Chicago
51278295,242.0,2,Entire home/apt,1.0,1.0,1.0,undefined,32,True,,False,,354,41.8925035,-87.61628259999999,Chicago
51278722,45.0,1,Private room,1.0,1.0,1.0,undefined,32,True,4.78,True,12.0,244,41.87646,-87.71493,Chicago
51288746,236.0,6,Entire home/apt,3.0,4.0,1.0,undefined,2,False,4.97,True,1.0,356,41.94842,-87.73388,Chicago
51290608,44.0,1,Private room,1.0,1.0,1.0,undefined,1,False,4.83,True,3.0,165,41.95768,-87.71612,Chicago
51300622,132.0,3,Entire home/apt,1.0,1.0,1.0,undefined,32,False,,True,131.0,100,41.88761,-87.61922,Chicago
51309614,101.0,4,Entire home/apt,2.0,2.0,1.0,undefined,2,False,4.92,True,3.0,153,41.93049,-87.76302,Chicago
51347270,149.0,8,Entire home/apt,4.0,4.0,2.5,undefined,2,True,4.83,True,1.0,331,41.93967,-87.66532,Chicago
51347437,75.0,3,Private room,1.0,1.0,1.0,undefined,1,False,4.71,True,3.0,68,41.95771,-87.71408,Chicago
51349668,45.0,2,Private room,1.0,1.0,1.0,undefined,32,False,,False,143.0,0,41.77128,-87.57075,Chicago
51368004,397.0,8,Entire home/apt,4.0,4.0,2.5,undefined,3,False,5.0,True,6.0,343,41.98921,-87.71123,Chicago
51375623,39.0,1,Private room,1.0,1.0,1.0,undefined,28,False,4.59,False,25.0,40,41.86657,-87.68565,Chicago
51418167,331.0,9,Entire home/apt,4.0,6.0,3.5,undefined,3,False,4.36,False,1.0,365,41.7952995300293,-87.62751770019531,Chicago
51430700,118.0,2,Entire home/apt,2.0,2.0,1.0,undefined,1,False,4.91,True,1.0,353,41.98104,-87.77587,Chicago
51436430,125.0,4,Entire home/apt,1.0,1.0,1.0,undefined,32,False,4.96,False,2.0,320,41.81015,-87.60275,Chicago
51450597,200.0,6,Entire home/apt,1.0,1.0,1.0,undefined,32,False,3.0,False,14.0,365,41.84303,-87.62206,Chicago
51475924,190.0,6,Entire home/apt,3.0,3.0,1.0,undefined,3,True,4.59,False,2.0,354,41.97197,-87.65801,Chicago
51502365,153.0,5,Entire home/apt,3.0,3.0,1.0,undefined,2,True,4.84,False,3545.0,345,41.87802,-87.71339,Chicago
51519426,154.0,2,Entire home/apt,1.0,1.0,1.0,undefined,2,True,4.86,False,28.0,248,41.9645689022386,-87.68560054850212,Chicago
51519686,120.0,4,Entire home/apt,1.0,2.0,1.0,undefined,32,False,5.0,True,9.0,34,41.8168,-87.61835,Chicago
51550386,188.0,2,Entire home/apt,0.0,1.0,1.0,undefined,32,True,5.0,False,,140,41.86492479999999,-87.6246539,Chicago
51551406,232.0,2,Entire home/apt,1.0,1.0,1.0,undefined,32,True,1.0,False,,207,41.86492479999999,-87.6246539,Chicago
51565391,52.0,2,Private room,1.0,1.0,2.0,undefined,1,False,4.64,False,6.0,364,41.87299,-87.72663,Chicago
51576154,160.0,3,Entire home/apt,1.0,1.0,1.0,undefined,32,False,,True,131.0,130,41.88574,-87.63024,Chicago
51578149,217.0,5,Entire home/apt,3.0,3.0,1.0,undefined,3,False,4.97,True,1.0,77,41.93476,-87.66012,Chicago
51578922,153.0,6,Entire home/apt,3.0,4.0,1.0,undefined,3,True,4.68,True,4.0,219,41.99805,-87.68744,Chicago
51584207,32.0,1,Private room,1.0,1.0,1.0,undefined,2,False,4.46,False,53.0,151,41.91708,-87.69445,Chicago
51620545,246.0,6,Entire home/apt,2.0,2.0,2.0,undefined,3,False,4.92,,7.0,338,41.86985,-87.62603,Chicago
51632472,110.0,8,Entire home/apt,2.0,4.0,1.0,undefined,2,True,4.71,False,3.0,303,41.84035,-87.6573,Chicago
51633184,60.0,6,Entire home/apt,2.0,3.0,1.5,undefined,2,True,4.69,True,1.0,337,41.91309,-87.64282,Chicago
51640108,295.0,8,Entire home/apt,4.0,6.0,3.0,undefined,2,False,4.97,True,1.0,318,41.9350039,-87.6809016,Chicago
51642557,208.0,12,Entire home/apt,3.0,6.0,2.0,undefined,3,False,4.64,False,3.0,34,41.732858672417095,-87.60282070909562,Chicago
51656658,250.0,6,Entire home/apt,2.0,4.0,2.0,undefined,2,False,4.91,False,2.0,8,41.81201,-87.62335,Chicago
51696840,177.0,6,Entire home/apt,3.0,3.0,2.0,undefined,2,True,4.69,False,4.0,337,41.80977,-87.62331,Chicago
51707379,200.0,6,Entire home/apt,2.0,3.0,2.0,undefined,32,False,5.0,True,149.0,330,41.88765,-87.61945,Chicago
51709203,55.0,2,Entire home/apt,1.0,1.0,1.0,undefined,32,True,3.5,False,34.0,365,41.76483,-87.56569,Chicago
51710533,28.0,1,Private room,0.0,1.0,1.0,undefined,32,False,5.0,False,3.0,364,41.92798,-87.74534,Chicago
51725687,209.0,6,Entire home/apt,2.0,3.0,1.0,undefined,2,False,4.76,True,29.0,276,41.89860916137695,-87.62068176269531,Chicago
51728958,118.0,2,Entire home/apt,1.0,1.0,1.0,undefined,3,False,4.87,True,2.0,256,41.9666,-87.73485,Chicago
51735604,217.0,8,Entire home/apt,2.0,2.0,2.0,undefined,2,False,4.83,True,6.0,231,41.855453,-87.646996,Chicago
51741823,286.0,10,Entire home/apt,3.0,4.0,2.0,undefined,2,True,4.8,True,6.0,352,41.94149274809653,-87.66831668355488,Chicago
51741865,263.0,5,Entire home/apt,2.0,2.0,1.0,undefined,2,True,4.98,True,6.0,306,41.94661667705022,-87.65911031666828,Chicago
51741911,799.0,10,Entire home/apt,4.0,6.0,3.0,undefined,2,False,5.0,True,6.0,309,41.94896,-87.65978,Chicago
51746218,295.0,6,Entire home/apt,3.0,3.0,2.0,undefined,3,False,4.93,True,2.0,351,41.97140301594107,-87.65344323512782,Chicago
51751554,69.0,2,Entire home/apt,0.0,1.0,1.0,undefined,3,False,4.69,False,7.0,188,41.85898,-87.65198,Chicago
51762035,54.0,2,Entire home/apt,1.0,1.0,1.0,undefined,32,True,4.08,False,34.0,365,41.76697,-87.56638,Chicago
51781759,50.0,2,Private room,1.0,1.0,1.0,undefined,1,False,4.94,True,10.0,84,41.99901,-87.67186,Chicago
51785919,46.0,2,Private room,1.0,1.0,2.0,undefined,32,False,5.0,True,17.0,178,41.86849,-87.68723,Chicago
51797356,137.0,3,Entire home/apt,2.0,3.0,1.0,undefined,3,False,4.96,True,1.0,141,41.95198,-87.71767,Chicago
51857604,262.0,2,Entire home/apt,1.0,1.0,1.0,undefined,32,True,,False,,116,41.8763,-87.65371999999999,Chicago
51910355,210.0,6,Entire home/apt,2.0,3.0,1.0,undefined,2,False,4.79,True,29.0,294,41.89860916137695,-87.62068176269531,Chicago
51916356,66.0,4,Entire home/apt,1.0,1.0,1.0,undefined,32,False,,False,1.0,365,41.75262,-87.55131,Chicago
51925927,173.0,6,Entire home/apt,3.0,4.0,1.5,undefined,3,True,4.88,True,10.0,239,41.94651,-87.79171,Chicago
51934462,57.0,1,Private room,1.0,1.0,1.0,undefined,32,True,,False,2.0,88,41.78335,-87.63742,Chicago
51961917,194.0,6,Entire home/apt,2.0,3.0,1.0,undefined,3,True,4.93,True,1.0,112,41.98287,-87.6645,Chicago
51965160,150.0,5,Entire home/apt,5.0,3.0,1.5,undefined,32,True,,False,34.0,365,41.74765,-87.54737,Chicago
51974015,264.0,2,Entire home/apt,1.0,1.0,1.0,undefined,32,True,4.0,False,,208,41.8763,-87.65371999999999,Chicago
51981482,106.0,4,Entire home/apt,1.0,3.0,1.0,undefined,1,False,4.88,True,3.0,329,41.91516,-87.63496,Chicago
52042542,438.0,14,Entire home/apt,4.0,4.0,2.0,undefined,2,True,4.94,True,3.0,55,41.90975,-87.6759,Chicago
52053036,405.0,3,Entire home/apt,2.0,2.0,1.0,undefined,2,False,4.84,False,1.0,361,41.90594,-87.68237,Chicago
52074213,23.0,1,Private room,1.0,1.0,1.0,undefined,33,False,4.0,False,6.0,354,41.87787,-87.69621,Chicago
52112335,237.0,16,Entire home/apt,3.0,3.0,3.0,undefined,1,True,4.65,True,7.0,344,41.76201,-87.5608,Chicago
52114521,107.0,3,Entire home/apt,1.0,1.0,1.0,undefined,2,True,4.59,False,11.0,343,41.84855,-87.67693,Chicago
52116387,135.0,6,Entire home/apt,3.0,3.0,1.0,undefined,32,False,5.0,True,13.0,262,41.942970275878906,-87.67887878417969,Chicago
52143861,30.0,1,Private room,1.0,1.0,1.0,undefined,32,False,5.0,False,3.0,346,41.92935,-87.74385,Chicago
52145383,231.0,6,Entire home/apt,2.0,3.0,2.0,undefined,4,False,4.97,True,1.0,36,41.96323,-87.69488,Chicago
52153928,72.0,2,Entire home/apt,1.0,2.0,1.0,undefined,32,False,4.67,False,3.0,321,41.93304443359375,-87.66869354248047,Chicago
52175841,72.0,2,Private room,1.0,1.0,1.0,undefined,1,False,4.8,False,1.0,264,41.99443,-87.65812,Chicago
52178410,196.0,2,Entire home/apt,1.0,1.0,1.0,undefined,32,True,,False,,266,41.8925035,-87.61628259999999,Chicago
52189452,250.0,8,Entire home/apt,3.0,4.0,2.5,undefined,3,False,4.78,False,1.0,165,41.91264,-87.69831,Chicago
52222847,230.0,6,Entire home/apt,3.0,3.0,1.5,undefined,2,False,4.76,True,2.0,235,41.80121,-87.5964,Chicago
52226578,215.0,4,Entire home/apt,2.0,2.0,1.0,undefined,2,False,4.8,True,8.0,362,41.93947,-87.71726,Chicago
52239805,313.0,3,Entire home/apt,1.0,1.0,1.0,undefined,32,False,,True,131.0,89,41.88593,-87.63054,Chicago
52242765,75.0,2,Private room,1.0,1.0,1.0,undefined,3,True,4.57,False,56.0,339,41.87275,-87.65217,Chicago
52246034,79.0,2,Private room,1.0,1.0,1.0,undefined,3,True,4.86,True,4.0,331,41.92794,-87.79646,Chicago
52260989,79.0,2,Private room,1.0,0.0,1.0,undefined,3,True,4.82,True,20.0,251,42.02024,-87.66858,Chicago
52261847,209.0,5,Entire home/apt,2.0,3.0,1.0,undefined,2,True,4.98,True,1.0,344,41.97439,-87.68863,Chicago
52264184,135.0,4,Entire home/apt,2.0,2.0,1.0,undefined,2,False,4.83,False,1.0,28,41.77983,-87.61437,Chicago
52282954,69.0,4,Entire home/apt,2.0,2.0,1.0,undefined,2,False,4.92,True,1.0,332,41.96426,-87.65387,Chicago
52308229,147.0,7,Entire home/apt,3.0,3.0,2.0,undefined,1,False,4.86,True,1.0,258,41.99286,-87.7027,Chicago
52313572,213.0,2,Entire home/apt,1.0,1.0,1.0,undefined,32,True,,False,,325,41.8945286,-87.63340520000003,Chicago
52335832,83.0,2,Private room,1.0,1.0,1.0,undefined,2,False,4.98,True,9.0,196,42.01576,-87.66254,Chicago
52350546,42.0,1,Private room,1.0,1.0,2.0,undefined,1,True,4.41,False,3.0,158,41.87125,-87.69773,Chicago
52352119,41.0,2,Private room,1.0,1.0,1.0,undefined,32,True,,False,1.0,365,41.76832,-87.66254,Chicago
52372599,85.0,3,Entire home/apt,3.0,3.0,1.0,undefined,3,False,4.83,True,1.0,308,41.78733,-87.62529,Chicago
52373436,79.0,3,Entire home/apt,1.0,1.0,1.0,undefined,1,False,4.86,True,1.0,149,41.71068,-87.63583,Chicago
52374426,180.0,4,Entire home/apt,2.0,3.0,2.0,undefined,32,True,4.9,True,2.0,323,41.89598,-87.62595,Chicago
52382974,110.0,4,Entire home/apt,2.0,2.0,2.0,undefined,32,False,5.0,False,2.0,168,41.9038,-87.68679,Chicago
52389225,104.0,2,Entire home/apt,0.0,1.0,1.0,undefined,1,True,4.67,False,19.0,54,41.97011,-87.66005,Chicago
52391072,94.0,2,Entire home/apt,0.0,1.0,1.0,undefined,1,True,4.76,False,19.0,55,41.97079,-87.66181,Chicago
52391531,103.0,2,Entire home/apt,0.0,1.0,1.0,undefined,1,True,4.7,False,19.0,58,41.97012,-87.66138,Chicago
52403432,239.0,4,Entire home/apt,1.0,2.0,1.0,undefined,3,False,4.98,True,1.0,355,41.86965,-87.66415,Chicago
52408276,168.0,6,Entire home/apt,3.0,3.0,2.0,undefined,2,False,4.96,True,1.0,321,41.97038,-87.7828,Chicago
52421674,461.0,6,Entire home/apt,3.0,3.0,1.0,undefined,3,False,4.98,True,5.0,302,41.92969,-87.6504,Chicago
52439779,119.0,4,Entire home/apt,2.0,2.0,2.0,undefined,32,True,4.73,False,5.0,309,41.894903,-87.666413,Chicago
52482841,182.0,2,Entire home/apt,1.0,1.0,1.0,undefined,32,True,4.0,False,,72,41.8925035,-87.61628259999999,Chicago
52494434,553.0,10,Entire home/apt,4.0,5.0,2.5,undefined,2,True,4.9,False,2.0,44,41.91625,-87.6904,Chicago
52504308,199.0,2,Entire home/apt,1.0,1.0,1.0,undefined,32,True,,False,,343,41.876299,-87.6537208,Chicago
52520901,330.0,6,Entire home/apt,2.0,2.0,2.0,undefined,3,False,4.94,,7.0,228,41.87035,-87.62779,Chicago
52555572,61.0,2,Private room,1.0,1.0,2.0,undefined,1,False,4.59,False,6.0,360,41.85226,-87.70887,Chicago
52555897,62.0,4,Private room,1.0,2.0,2.0,undefined,1,False,4.6,False,6.0,172,41.85413,-87.70893,Chicago
52556098,62.0,4,Private room,1.0,2.0,2.0,undefined,1,False,4.65,False,6.0,359,41.85245,-87.70703,Chicago
52565723,213.0,2,Entire home/apt,1.0,1.0,1.0,undefined,32,True,,False,,277,41.8763,-87.65371999999999,Chicago
52570753,63.0,2,Private room,1.0,1.0,2.0,undefined,1,False,4.65,False,6.0,363,41.85233,-87.70762,Chicago
52578400,125.0,3,Entire home/apt,1.0,1.0,1.0,undefined,32,False,5.0,True,7.0,355,41.90255,-87.63498,Chicago
52611597,880.0,7,Entire home/apt,3.0,6.0,2.5,undefined,32,False,3.0,False,2.0,365,41.85986,-87.64495,Chicago
52611708,63.0,4,Private room,1.0,2.0,2.0,undefined,1,False,4.59,False,6.0,359,41.85267,-87.70679,Chicago
52616207,72.0,3,Entire home/apt,1.0,1.0,1.0,undefined,1,True,4.96,True,1.0,224,41.9442,-87.77329,Chicago
52651881,260.0,6,Entire home/apt,3.0,3.0,2.0,undefined,2,False,4.95,True,1.0,307,41.85627,-87.62348,Chicago
52655341,40.0,2,Private room,1.0,1.0,1.0,undefined,32,False,,False,1.0,262,41.9119977,-87.71858089999999,Chicago
52716429,252.0,5,Entire home/apt,3.0,2.0,2.5,undefined,2,False,5.0,False,2.0,8,41.85812,-87.64861,Chicago
52719151,85.0,2,Private room,1.0,1.0,1.0,undefined,2,False,4.94,True,9.0,118,42.015,-87.66282,Chicago
52724296,186.0,6,Entire home/apt,3.0,3.0,1.0,undefined,3,False,4.9,True,1.0,175,41.693,-87.61781,Chicago
52731021,182.0,2,Entire home/apt,1.0,1.0,1.0,undefined,32,True,5.0,False,,264,41.92411,-87.69783,Chicago
52733252,113.0,5,Entire home/apt,2.0,3.0,1.0,undefined,2,False,4.96,True,1.0,144,41.95075,-87.72841,Chicago
52736306,152.0,4,Entire home/apt,3.0,3.0,1.5,undefined,3,False,4.97,True,11.0,75,41.9412546,-87.81570289999999,Chicago
52739562,127.0,4,Entire home/apt,2.0,2.0,1.0,undefined,2,False,4.54,True,1.0,323,41.95294,-87.66345,Chicago
52741444,43.0,1,Private room,1.0,1.0,2.0,undefined,1,True,4.19,False,3.0,221,41.8712,-87.69663,Chicago
52756358,595.0,14,Entire home/apt,7.0,8.0,3.0,undefined,2,True,4.92,False,96.0,162,41.92989,-87.65228,Chicago
52760011,302.0,4,Entire home/apt,1.0,1.0,1.0,undefined,3,True,4.96,True,4.0,261,41.90888,-87.67536,Chicago
52766193,375.0,4,Entire home/apt,2.0,2.0,2.0,undefined,32,True,5.0,False,,363,41.92411,-87.69783,Chicago
52769811,121.0,4,Entire home/apt,1.0,2.0,1.0,undefined,4,False,4.89,True,2.0,235,41.98612,-87.66369,Chicago
52771190,139.0,4,Entire home/apt,1.0,2.0,1.0,undefined,2,True,4.76,,32.0,163,41.9256706237793,-87.66986083984375,Chicago
52771197,133.0,8,Entire home/apt,4.0,6.0,1.0,undefined,2,False,4.72,False,3.0,336,41.77905,-87.61224,Chicago
52773402,582.0,7,Entire home/apt,3.0,4.0,2.5,undefined,2,True,4.84,True,136.0,310,41.8887227,-87.6466284,Chicago
52778055,246.0,4,Entire home/apt,0.0,,1.0,undefined,32,False,5.0,True,65.0,362,41.89132690429688,-87.6378402709961,Chicago
52779918,142.0,4,Entire home/apt,1.0,3.0,1.0,undefined,32,False,4.83,False,3.0,321,41.81924,-87.61042,Chicago
52786074,193.0,2,Entire home/apt,1.0,1.0,1.0,undefined,32,True,,False,,0,41.8763,-87.65371999999999,Chicago
52796850,127.0,3,Entire home/apt,0.0,1.0,1.0,undefined,2,False,4.8,True,6.0,326,41.93159,-87.64594,Chicago
52842931,126.0,4,Entire home/apt,1.0,1.0,1.0,undefined,1,False,4.74,False,2.0,159,41.76766,-87.58433,Chicago
52843682,111.0,6,Entire home/apt,2.0,1.0,1.0,undefined,3,False,4.72,True,1.0,224,41.93503,-87.70124,Chicago
52845622,214.0,12,Entire home/apt,3.0,7.0,2.0,undefined,1,False,4.69,True,3.0,360,41.70765,-87.63778,Chicago
52867667,422.0,6,Entire home/apt,3.0,4.0,3.0,undefined,2,False,5.0,True,1.0,52,42.00848,-87.67682,Chicago
52885300,132.0,4,Entire home/apt,2.0,2.0,2.0,undefined,2,False,4.81,True,1.0,60,41.80997,-87.60864,Chicago
52892316,208.0,2,Entire home/apt,1.0,1.0,1.0,undefined,32,True,,False,,221,41.92411,-87.69783,Chicago
52899450,194.0,6,Entire home/apt,2.0,3.0,1.5,undefined,2,False,4.89,True,1.0,151,41.9166,-87.64036,Chicago
52900675,55.0,2,Private room,1.0,1.0,1.0,undefined,2,False,4.85,True,13.0,114,41.856918,-87.649628,Chicago
52919619,150.0,10,Entire home/apt,3.0,4.0,1.5,undefined,2,False,4.7,True,2.0,346,41.79264,-87.62152,Chicago
52920524,125.0,7,Entire home/apt,3.0,3.0,1.0,undefined,3,False,4.88,True,8.0,352,41.87342,-87.68883,Chicago
52924100,180.0,4,Entire home/apt,2.0,2.0,1.5,undefined,32,False,5.0,True,1.0,0,41.91298,-87.68764,Chicago
52930258,275.0,2,Entire home/apt,1.0,1.0,1.0,undefined,32,True,,False,,356,41.941626,-87.6525329,Chicago
52931195,188.0,4,Entire home/apt,2.0,2.0,2.0,undefined,3,False,4.87,True,3.0,331,41.90579,-87.69392,Chicago
52936284,95.0,10,Entire home/apt,3.0,6.0,2.0,undefined,3,False,4.85,False,4.0,321,41.90755,-87.64107,Chicago
52941359,109.0,2,Entire home/apt,1.0,1.0,1.0,undefined,2,True,4.76,False,11.0,341,41.84992,-87.67704,Chicago
52951285,104.0,2,Entire home/apt,1.0,1.0,1.0,undefined,1,True,4.87,True,1.0,342,41.93389,-87.70071,Chicago
52954257,221.0,5,Entire home/apt,2.0,3.0,1.5,undefined,2,False,4.96,False,2.0,315,41.89605,-87.67311,Chicago
52961447,189.0,3,Entire home/apt,1.0,2.0,1.0,undefined,2,False,4.96,True,1.0,146,41.91791915893555,-87.63909149169922,Chicago
52985432,299.0,12,Entire home/apt,6.0,7.0,3.0,undefined,2,True,4.7,False,1.0,255,41.92279,-87.64837,Chicago
52999087,190.0,2,Entire home/apt,1.0,1.0,1.0,undefined,32,True,5.0,False,,16,41.8925035,-87.61628259999999,Chicago
52999149,203.0,2,Entire home/apt,1.0,1.0,1.0,undefined,32,True,,False,,280,41.92411,-87.69783,Chicago
53008311,206.0,9,Entire home/apt,5.0,8.0,2.5,undefined,3,False,4.83,False,19.0,31,41.75325393676758,-87.64510345458984,Chicago
53009310,189.0,3,Entire home/apt,2.0,2.0,2.0,undefined,32,True,5.0,True,13.0,181,41.871490478515625,-87.62457275390625,Chicago
53024196,204.0,2,Entire home/apt,1.0,1.0,1.0,undefined,32,True,4.0,False,,130,41.8925035,-87.61628259999999,Chicago
53028488,134.0,6,Entire home/apt,3.0,3.0,1.0,undefined,2,False,4.95,True,1.0,346,41.93843,-87.70372,Chicago
53056137,239.0,2,Entire home/apt,1.0,1.0,1.0,undefined,32,True,5.0,False,,118,41.941626,-87.6525329,Chicago
53060470,125.0,4,Entire home/apt,1.0,2.0,1.0,undefined,2,False,4.87,False,2.0,145,41.90736,-87.69116,Chicago
53061486,189.0,4,Entire home/apt,2.0,2.0,1.0,undefined,2,False,4.88,True,1.0,237,41.90569,-87.67209,Chicago
53068609,35.0,1,Private room,1.0,1.0,1.0,undefined,1,True,4.5,False,5.0,349,41.84113,-87.63229,Chicago
53074694,96.0,4,Entire home/apt,2.0,2.0,1.0,undefined,2,False,4.95,,6.0,343,41.96537,-87.73327,Chicago
53075245,330.0,4,Entire home/apt,2.0,2.0,2.0,undefined,32,False,5.0,True,65.0,362,41.89132690429688,-87.6378402709961,Chicago
53089381,105.0,2,Entire home/apt,1.0,1.0,1.0,undefined,2,False,4.89,True,1.0,122,41.88252287699054,-87.6685572116394,Chicago
53108346,234.0,6,Entire home/apt,3.0,3.0,2.0,undefined,3,False,4.81,False,7.0,350,41.90911,-87.67818,Chicago
53126173,198.0,2,Entire home/apt,0.0,1.0,1.0,undefined,32,True,5.0,False,,174,41.8925035,-87.61628259999999,Chicago
53136798,253.0,6,Entire home/apt,2.0,2.0,2.0,undefined,3,False,4.92,,7.0,236,41.8686,-87.6281,Chicago
53166491,240.0,4,Entire home/apt,2.0,2.0,2.0,undefined,32,False,5.0,True,131.0,113,41.8932,-87.61777,Chicago
53186306,147.0,6,Entire home/apt,3.0,3.0,2.0,undefined,2,False,4.75,True,1.0,171,41.7342,-87.63598,Chicago
53186360,151.0,2,Entire home/apt,1.0,1.0,1.0,undefined,32,False,4.07,False,1.0,180,41.90852,-87.68755,Chicago
53191355,616.0,8,Entire home/apt,3.0,4.0,2.0,undefined,2,False,4.8,False,4.0,51,41.90819,-87.67218,Chicago
53219652,330.0,4,Entire home/apt,2.0,2.0,2.0,undefined,32,False,4.2,True,65.0,362,41.89132690429688,-87.6378402709961,Chicago
53231077,119.0,2,Entire home/apt,2.0,1.0,1.0,undefined,21,False,5.0,True,1.0,102,41.90071383580638,-87.68289173990834,Chicago
53235375,128.0,2,Entire home/apt,1.0,1.0,1.0,undefined,1,False,4.95,True,1.0,26,41.94007,-87.66672,Chicago
53238705,232.0,2,Private room,1.0,1.0,1.0,undefined,1,True,4.79,True,18.0,57,41.88472,-87.629059,Chicago
53259432,385.0,4,Entire home/apt,2.0,2.0,2.0,undefined,32,False,4.75,True,65.0,362,41.89132690429688,-87.6378402709961,Chicago
53263566,180.0,12,Entire home/apt,3.0,4.0,1.0,undefined,32,False,4.85,False,7.0,109,41.90674,-87.69462,Chicago
53271476,378.0,16,Entire home/apt,4.0,8.0,3.0,undefined,2,False,4.87,False,8.0,345,41.85298,-87.6344,Chicago
53295088,256.0,9,Entire home/apt,3.0,4.0,2.0,undefined,2,True,4.79,True,31.0,341,41.84356,-87.65391,Chicago
53345860,437.0,10,Entire home/apt,4.0,7.0,2.5,undefined,2,False,4.94,True,8.0,57,41.85857559999999,-87.6460278,Chicago
53351802,186.0,2,Entire home/apt,1.0,1.0,1.0,undefined,32,True,,False,,54,41.86350729999999,-87.62375089999999,Chicago
53354698,98.0,4,Entire home/apt,0.0,1.0,1.0,undefined,1,True,4.68,False,19.0,55,41.96808,-87.67403,Chicago
53357077,154.0,2,Entire home/apt,0.0,1.0,1.0,undefined,32,False,5.0,True,4.0,271,41.92031,-87.64276,Chicago
53362605,120.0,2,Entire home/apt,1.0,1.0,1.0,undefined,32,False,5.0,True,4.0,269,41.91946,-87.64247,Chicago
53362617,100.0,2,Entire home/apt,1.0,1.0,1.0,undefined,2,False,4.9,True,30.0,337,41.94635009765625,-87.65935516357422,Chicago
53373645,44.0,1,Private room,1.0,1.0,1.0,undefined,4,False,,True,3.0,79,41.82734,-87.67456,Chicago
53381319,365.0,8,Entire home/apt,3.0,5.0,2.5,undefined,2,False,4.97,True,10.0,151,41.92139,-87.65354,Chicago
53385832,104.0,4,Entire home/apt,1.0,1.0,1.0,undefined,3,True,4.99,True,1.0,270,41.95867,-87.67781,Chicago
53412390,1191.0,14,Entire home/apt,6.0,8.0,5.0,undefined,3,False,4.86,True,136.0,355,41.8887227,-87.6466284,Chicago
53416475,48.0,2,Private room,1.0,1.0,2.0,undefined,32,False,4.25,True,17.0,365,41.87002,-87.6879,Chicago
53423379,38.0,2,Private room,1.0,1.0,1.0,undefined,32,False,4.78,False,3.0,96,41.77499,-87.59395,Chicago
53432585,506.0,7,Entire home/apt,2.0,4.0,3.0,undefined,2,False,5.0,True,1.0,358,41.88964,-87.66176,Chicago
53434333,225.0,8,Entire home/apt,4.0,5.0,3.5,undefined,32,False,4.57,False,3.0,32,41.8209,-87.61176,Chicago
53435101,81.0,6,Entire home/apt,3.0,3.0,2.0,undefined,3,False,4.34,False,19.0,26,41.7565763357548,-87.56254219394063,Chicago
53447886,116.0,2,Entire home/apt,1.0,1.0,1.0,undefined,1,False,4.91,True,3.0,328,41.91636,-87.71875,Chicago
53495617,273.0,4,Entire home/apt,2.0,3.0,2.0,undefined,32,False,4.79,False,1.0,365,41.88321,-87.70365,Chicago
53496856,226.0,8,Entire home/apt,3.0,4.0,1.0,undefined,1,True,4.79,True,28.0,90,41.8989,-87.66831,Chicago
53496895,204.0,8,Entire home/apt,3.0,4.0,1.0,undefined,1,True,4.88,True,28.0,121,41.89879,-87.66671,Chicago
53498554,156.0,8,Entire home/apt,3.0,4.0,2.0,undefined,32,False,4.84,,39.0,324,41.92734,-87.71006,Chicago
53509699,782.0,4,Entire home/apt,2.0,2.0,2.0,undefined,2,True,4.74,True,65.0,361,41.89216,-87.63672,Chicago
53509927,92.0,4,Entire home/apt,2.0,2.0,2.0,undefined,32,False,4.0,False,2.0,82,41.77895258477636,-87.60256156354114,Chicago
53519278,125.0,4,Entire home/apt,2.0,2.0,1.0,undefined,32,True,5.0,True,7.0,320,41.90284,-87.63511,Chicago
53541061,335.0,6,Entire home/apt,2.0,4.0,2.5,undefined,3,False,4.97,True,2.0,309,41.92321,-87.64143,Chicago
53555302,126.0,4,Entire home/apt,2.0,2.0,1.0,undefined,2,False,5.0,True,1.0,255,41.98577,-87.73079,Chicago
53560192,93.0,2,Private room,1.0,1.0,1.0,undefined,1,False,4.99,True,2.0,12,41.925346,-87.724075,Chicago
53574106,224.0,12,Entire home/apt,3.0,4.0,2.5,undefined,2,False,4.79,True,1.0,261,41.7775,-87.59778,Chicago
53582843,299.0,6,Entire home/apt,3.0,3.0,2.0,undefined,32,False,4.83,False,3.0,341,41.859,-87.6444,Chicago
53585966,275.0,4,Entire home/apt,2.0,2.0,2.0,undefined,32,False,5.0,True,5.0,202,41.89462,-87.62746,Chicago
53589089,58.0,2,Private room,1.0,1.0,1.0,undefined,2,False,4.86,True,13.0,106,41.85646,-87.65059,Chicago
53591341,105.0,6,Entire home/apt,2.0,2.0,1.0,undefined,1,False,4.89,True,1.0,310,41.969386199741216,-87.7209801358184,Chicago
53591392,64.0,2,Private room,1.0,1.0,1.5,undefined,2,False,4.83,,6.0,116,41.85783,-87.65075,Chicago
53596498,111.0,4,Entire home/apt,2.0,2.0,1.0,undefined,32,False,4.92,True,3.0,365,41.86881,-87.68278,Chicago
53611396,200.0,4,Entire home/apt,1.0,2.0,1.0,undefined,32,False,4.78,False,1.0,358,41.83111,-87.67788,Chicago
53612424,119.0,6,Entire home/apt,2.0,4.0,1.0,undefined,2,False,4.67,False,2.0,139,41.85763,-87.64348,Chicago
53625260,500.0,7,Entire home/apt,3.0,4.0,2.5,undefined,32,False,5.0,False,1.0,336,41.8779,-87.64907,Chicago
53663772,84.0,2,Entire home/apt,1.0,1.0,1.0,undefined,2,False,4.76,False,2.0,131,41.90762,-87.71664,Chicago
53664988,208.0,6,Entire home/apt,3.0,3.0,1.0,undefined,2,True,4.84,True,5.0,343,41.93185424804688,-87.6686782836914,Chicago
53690189,330.0,5,Entire home/apt,2.0,2.0,2.0,undefined,2,False,4.98,True,3.0,242,41.86150360107422,-87.62380981445312,Chicago
53705363,145.0,4,Entire home/apt,1.0,2.0,1.0,undefined,32,False,4.75,,39.0,325,41.93194,-87.66309,Chicago
53721295,171.0,4,Entire home/apt,2.0,3.0,1.5,undefined,3,False,4.86,,39.0,345,41.89775,-87.66924,Chicago
53740501,64.0,3,Private room,1.0,2.0,1.0,undefined,1,False,4.94,True,2.0,336,41.70815,-87.68906,Chicago
53743706,145.0,5,Entire home/apt,3.0,3.0,1.0,undefined,14,False,4.93,True,3.0,67,41.94895935058594,-87.70326232910156,Chicago
53749043,402.0,4,Entire home/apt,2.0,2.0,2.0,undefined,32,False,4.92,True,1.0,343,41.89853,-87.63915,Chicago
53832580,343.0,4,Entire home/apt,2.0,2.0,2.0,undefined,3,False,5.0,True,6.0,80,41.9442,-87.65546,Chicago
53845400,111.0,4,Entire home/apt,1.0,2.0,1.0,undefined,2,False,4.89,True,1.0,344,41.928635,-87.725136,Chicago
53846745,100.0,5,Entire home/apt,2.0,2.0,2.0,undefined,2,True,4.77,True,5.0,11,42.02178,-87.66498,Chicago
53849223,105.0,4,Entire home/apt,2.0,2.0,1.0,undefined,2,True,4.89,True,6.0,320,41.96105,-87.67098,Chicago
53852044,251.0,8,Entire home/apt,3.0,4.0,2.0,undefined,2,True,4.85,True,2.0,73,41.91554,-87.67978,Chicago
53855289,71.0,2,Entire home/apt,1.0,1.0,1.0,undefined,32,False,5.0,True,5.0,91,41.92927,-87.79612,Chicago
53872917,190.0,2,Entire home/apt,1.0,1.0,1.0,undefined,32,True,5.0,False,,235,41.8763,-87.65371999999999,Chicago
53872933,206.0,2,Entire home/apt,1.0,1.0,1.0,undefined,32,True,,False,,277,41.8763,-87.65371999999999,Chicago
53883512,138.0,5,Entire home/apt,3.0,3.0,2.0,undefined,2,False,4.87,False,1.0,291,41.87753,-87.67937,Chicago
53909282,95.0,6,Entire home/apt,2.0,3.0,1.0,undefined,2,False,4.81,True,2.0,289,42.01434767071414,-87.68293228700789,Chicago
53917374,200.0,2,Entire home/apt,1.0,1.0,1.0,undefined,32,True,,False,,220,41.8763,-87.65371999999999,Chicago
53924310,96.0,2,Private room,1.0,1.0,1.0,undefined,3,False,4.86,True,2.0,229,41.93123,-87.646,Chicago
53930018,213.0,2,Entire home/apt,1.0,1.0,1.0,undefined,32,True,5.0,False,,283,41.876791,-87.64762,Chicago
53930197,197.0,2,Entire home/apt,1.0,1.0,1.0,undefined,32,True,,False,,286,41.876791,-87.64762,Chicago
53933318,204.0,5,Entire home/apt,3.0,3.0,1.0,undefined,32,False,5.0,True,1.0,163,41.98688,-87.66738,Chicago
53937644,207.0,9,Entire home/apt,3.0,4.0,2.0,undefined,2,True,4.7,True,31.0,260,41.84368,-87.6541,Chicago
53943083,141.0,8,Entire home/apt,4.0,4.0,1.0,undefined,2,False,4.79,False,3.0,254,41.76402,-87.61042,Chicago
53950763,104.0,4,Entire home/apt,2.0,2.0,1.0,undefined,1,True,4.85,True,6.0,346,41.91745,-87.7089,Chicago
53950911,220.0,2,Entire home/apt,1.0,1.0,1.0,undefined,32,True,,False,,131,41.876791,-87.64762,Chicago
53968035,77.0,2,Entire home/apt,1.0,1.0,1.0,undefined,32,False,3.0,False,1.0,319,41.88396,-87.65401,Chicago
53993381,143.0,4,Entire home/apt,2.0,2.0,1.0,undefined,1,False,4.98,False,1.0,62,41.87351,-87.71453,Chicago
54013428,192.0,2,Entire home/apt,1.0,1.0,1.0,undefined,32,True,5.0,False,,311,41.876791,-87.64762,Chicago
54013445,256.0,4,Entire home/apt,2.0,2.0,2.0,undefined,32,True,,False,,40,41.876791,-87.64762,Chicago
54013535,256.0,2,Entire home/apt,1.0,1.0,1.0,undefined,32,True,5.0,False,,363,41.876791,-87.64762,Chicago
54014407,207.0,2,Entire home/apt,1.0,0.0,1.0,undefined,32,False,5.0,False,4.0,179,41.87822,-87.65975,Chicago
54016679,287.0,12,Entire home/apt,2.0,4.0,2.0,undefined,1,False,4.85,True,1.0,244,41.89492416381836,-87.6670150756836,Chicago
54020726,760.0,6,Entire home/apt,3.0,4.0,3.0,undefined,3,False,4.95,True,4.0,143,41.9506,-87.66716,Chicago
54025250,180.0,2,Private room,1.0,1.0,1.0,undefined,1,True,5.0,True,7.0,348,41.76194,-87.56066,Chicago
54025353,172.0,2,Private room,1.0,1.0,1.0,undefined,1,True,,True,7.0,348,41.76218,-87.55896,Chicago
54025437,177.0,2,Private room,1.0,1.0,1.0,undefined,1,True,,True,7.0,348,41.76183,-87.56047,Chicago
54036729,143.0,4,Entire home/apt,2.0,2.0,2.0,undefined,32,False,5.0,False,21.0,79,41.93,-87.70903,Chicago
54049788,298.0,4,Entire home/apt,2.0,2.0,2.0,undefined,32,True,5.0,False,,138,41.876791,-87.64762,Chicago
54050070,296.0,4,Entire home/apt,2.0,2.0,1.5,undefined,32,True,,False,,147,41.8982194,-87.6284907,Chicago
54066457,192.0,2,Entire home/apt,1.0,1.0,1.0,undefined,32,True,4.0,False,,283,41.876791,-87.64762,Chicago
54077122,171.0,2,Entire home/apt,1.0,1.0,1.0,undefined,32,True,3.0,False,,177,41.8982194,-87.6284907,Chicago
54077127,185.0,2,Entire home/apt,1.0,1.0,1.0,undefined,32,True,,False,,35,41.8982194,-87.6284907,Chicago
54084736,343.0,3,Entire home/apt,1.0,1.0,1.0,undefined,32,False,4.75,True,17.0,287,41.93244,-87.6406,Chicago
54085255,177.0,4,Entire home/apt,2.0,2.0,1.0,undefined,2,False,4.92,True,1.0,231,41.90868,-87.69271,Chicago
54090541,311.0,7,Entire home/apt,3.0,5.0,2.0,undefined,2,False,4.9,True,43.0,136,41.91553,-87.65169,Chicago
54094850,999.0,4,Entire home/apt,2.0,2.0,2.0,undefined,32,False,5.0,True,3.0,364,41.86897,-87.68274,Chicago
54096491,118.0,4,Entire home/apt,2.0,2.0,1.0,undefined,2,False,4.87,False,1.0,253,41.83469,-87.62042,Chicago
54110494,131.0,3,Entire home/apt,2.0,2.0,1.0,undefined,2,False,4.79,True,6.0,11,41.93955,-87.71742,Chicago
54111333,158.0,5,Entire home/apt,3.0,3.0,1.0,undefined,2,False,4.99,True,1.0,286,41.926113,-87.713028,Chicago
54113319,122.0,2,Entire home/apt,1.0,1.0,1.0,undefined,2,True,4.79,False,28.0,251,41.96454484446774,-87.69017533389882,Chicago
54116414,184.0,2,Entire home/apt,1.0,1.0,1.0,undefined,32,True,4.0,False,,314,41.9080259,-87.62638960000001,Chicago
54116435,152.0,2,Entire home/apt,0.0,1.0,1.0,undefined,32,True,,False,,278,41.9080259,-87.62638960000001,Chicago
54151749,301.0,12,Entire home/apt,4.0,8.0,3.0,undefined,1,False,4.94,True,1.0,340,41.77474,-87.59296,Chicago
54155017,197.0,2,Entire home/apt,1.0,1.0,1.0,undefined,32,True,,False,,96,41.9080259,-87.62638960000001,Chicago
54155217,175.0,3,Entire home/apt,1.0,1.0,1.0,undefined,32,False,4.67,False,11.0,89,41.89589,-87.6279,Chicago
54156415,196.0,2,Entire home/apt,1.0,1.0,1.0,undefined,32,True,5.0,False,,0,41.9080259,-87.62638960000001,Chicago
54156639,277.0,4,Entire home/apt,2.0,2.0,2.0,undefined,32,True,,False,,47,41.9080259,-87.62638960000001,Chicago
54161339,85.0,2,Entire home/apt,1.0,1.0,1.0,undefined,2,True,4.84,False,28.0,257,41.96714798824466,-87.70013875849038,Chicago
54167860,71.0,5,Entire home/apt,1.0,1.0,1.0,undefined,2,True,4.35,False,11.0,143,41.87426,-87.69292,Chicago
54174892,54.0,1,Private room,1.0,0.0,1.0,undefined,4,False,,True,3.0,78,41.82687,-87.67562,Chicago
54177165,110.0,4,Entire home/apt,2.0,2.0,1.0,undefined,2,False,4.9,True,3.0,344,41.99144,-87.79076,Chicago
54193877,323.0,8,Entire home/apt,2.0,4.0,2.0,undefined,1,False,4.82,True,1.0,148,41.883057,-87.625771,Chicago
54210117,267.0,9,Entire home/apt,4.0,6.0,2.0,undefined,2,False,4.83,True,2.0,356,41.87374,-87.74619,Chicago
54224525,479.0,11,Entire home/apt,5.0,7.0,2.0,undefined,3,False,4.96,True,3.0,285,41.95006,-87.66025,Chicago
54232255,202.0,5,Entire home/apt,3.0,3.0,2.0,undefined,1,False,4.93,True,2.0,341,41.77517,-87.59239,Chicago
54247527,213.0,8,Entire home/apt,3.0,4.0,2.5,undefined,32,True,4.72,False,1.0,365,41.93279,-87.71832,Chicago
54256218,195.0,2,Entire home/apt,1.0,1.0,1.0,undefined,32,True,,False,,235,41.9080259,-87.62638960000001,Chicago
54260731,161.0,4,Entire home/apt,1.0,1.0,1.0,undefined,32,False,4.71,True,2.0,267,41.93459,-87.64277,Chicago
54262825,188.0,6,Entire home/apt,2.0,2.0,1.0,undefined,2,False,4.97,True,8.0,315,41.9759751063567,-87.66304611101258,Chicago
54277404,251.0,6,Entire home/apt,3.0,3.0,3.0,undefined,2,False,4.95,True,2.0,19,41.82742,-87.61985,Chicago
54289957,386.0,3,Entire home/apt,1.0,1.0,1.0,undefined,32,False,5.0,True,131.0,89,41.88592,-87.6326,Chicago
54294615,183.0,2,Entire home/apt,0.0,1.0,1.0,undefined,32,False,4.31,False,1.0,89,41.89438,-87.62907,Chicago
54338089,147.0,7,Entire home/apt,2.0,3.0,1.0,undefined,1,False,4.82,False,1.0,358,41.956024,-87.732918,Chicago
54366706,401.0,5,Entire home/apt,2.0,2.0,2.0,undefined,32,False,4.0,True,131.0,89,41.88626,-87.62099,Chicago
54367409,251.0,5,Entire home/apt,2.0,2.0,2.0,undefined,32,False,5.0,True,94.0,362,41.88551,-87.62082,Chicago
54370817,78.0,3,Entire home/apt,1.0,2.0,1.0,undefined,3,False,4.88,True,1.0,259,41.69378,-87.53409,Chicago
54380603,119.0,4,Entire home/apt,2.0,2.0,1.0,undefined,1,False,4.89,True,3.0,229,41.91475,-87.72464,Chicago
54384620,218.0,16,Entire home/apt,4.0,7.0,3.5,undefined,2,False,4.78,True,74.0,239,41.91713696122901,-87.69190549709536,Chicago
54385917,24.0,1,Private room,1.0,1.0,1.0,undefined,32,False,,False,1.0,270,41.75402,-87.55153,Chicago
54386874,469.0,8,Entire home/apt,2.0,4.0,3.0,undefined,4,True,4.89,True,11.0,325,41.891918,-87.629044,Chicago
54386876,768.0,8,Entire home/apt,3.0,4.0,2.0,undefined,4,True,4.94,True,11.0,332,41.891918,-87.629044,Chicago
54388333,96.0,2,Entire home/apt,1.0,1.0,1.0,undefined,32,False,5.0,True,8.0,346,41.8679,-87.6876,Chicago
54391093,495.0,7,Entire home/apt,2.0,4.0,2.0,undefined,4,True,4.92,True,11.0,337,41.89191818237305,-87.62904357910156,Chicago
54393122,75.0,1,Private room,1.0,1.0,1.0,undefined,32,False,5.0,True,5.0,327,41.88272,-87.62501,Chicago
54393279,151.0,8,Entire home/apt,4.0,4.0,2.5,undefined,3,False,4.76,False,19.0,25,41.76719284057617,-87.61505126953125,Chicago
54409093,128.0,6,Entire home/apt,3.0,4.0,1.5,undefined,32,False,,False,1.0,365,41.73623,-87.69113,Chicago
537869465026525645,113.0,2,Private room,1.0,1.0,1.0,undefined,2,False,4.89,True,1.0,343,41.90934,-87.71271,Chicago
544085418496140580,276.0,2,Entire home/apt,1.0,1.0,1.0,undefined,32,False,5.0,True,131.0,89,41.88936,-87.6381,Chicago
544977684266535207,89.0,4,Entire home/apt,2.0,2.0,1.0,undefined,4,False,4.99,True,1.0,231,41.9319,-87.66141,Chicago
545720498184909599,205.0,2,Entire home/apt,1.0,1.0,1.0,undefined,32,False,5.0,True,23.0,289,41.90154,-87.6692,Chicago
545848263758492827,195.0,6,Entire home/apt,2.0,2.0,1.0,undefined,32,False,4.73,True,1.0,259,41.94571,-87.68312,Chicago
546357092763173945,260.0,9,Entire home/apt,4.0,7.0,1.5,undefined,1,False,5.0,True,1.0,339,41.97807,-87.69795,Chicago
546987159613574991,258.0,3,Entire home/apt,1.0,1.0,1.0,undefined,32,False,,True,131.0,123,41.89116,-87.61644,Chicago
548438995948904653,298.0,12,Entire home/apt,4.0,8.0,2.0,undefined,2,False,4.9,False,1.0,88,41.992912,-87.663963,Chicago
548606308523478659,85.0,4,Entire home/apt,2.0,2.0,1.0,undefined,3,False,4.96,True,5.0,227,41.94042,-87.71541,Chicago
548625798375973502,360.0,4,Entire home/apt,1.0,2.0,1.0,undefined,1,True,4.82,False,73.0,212,41.86464,-87.62683,Chicago
549108249238418183,203.0,2,Entire home/apt,1.0,1.0,1.0,undefined,32,True,,False,,260,41.9194968,-87.6629995,Chicago
549108611975240743,200.0,2,Entire home/apt,1.0,1.0,1.0,undefined,32,True,,False,,310,41.9194968,-87.6629995,Chicago
549110772125712623,259.0,4,Entire home/apt,2.0,2.0,2.0,undefined,32,True,,False,,279,41.9194968,-87.6629995,Chicago
549111215445191130,150.0,2,Entire home/apt,0.0,1.0,1.0,undefined,32,True,3.5,False,,198,41.9194968,-87.6629995,Chicago
549225909050662091,172.0,8,Entire home/apt,3.0,5.0,1.0,undefined,2,False,4.98,True,10.0,323,41.99815,-87.66264,Chicago
549497629233878899,186.0,4,Entire home/apt,2.0,2.0,1.0,undefined,2,False,4.86,True,1.0,356,41.72171935508806,-87.61938016213885,Chicago
550132775308970520,178.0,4,Entire home/apt,2.0,2.0,1.0,undefined,3,False,4.91,True,1.0,317,41.91596,-87.7052,Chicago
550851566834914606,463.0,2,Entire home/apt,1.0,2.0,1.0,undefined,120,True,,False,1.0,365,41.83941,-87.60749,Chicago
551319469812903366,129.0,4,Entire home/apt,1.0,2.0,1.0,undefined,2,False,4.89,True,1.0,314,41.91707,-87.70911,Chicago
551889995732465629,76.0,2,Entire home/apt,1.0,1.0,1.0,undefined,32,True,4.67,False,2.0,269,41.95858,-87.71505,Chicago
552185198846319088,425.0,6,Entire home/apt,2.0,3.0,2.0,undefined,3,False,4.98,True,1.0,150,41.94195,-87.64875,Chicago
552188834225205481,269.0,4,Entire home/apt,2.0,2.0,2.0,undefined,32,True,,False,,146,41.9194968,-87.6629995,Chicago
552280539879170409,200.0,2,Entire home/apt,1.0,1.0,1.0,undefined,32,False,,True,131.0,357,41.89264,-87.61748,Chicago
552739665109451555,298.0,8,Entire home/apt,2.0,4.0,2.0,undefined,1,False,4.89,True,4.0,153,41.883057,-87.625771,Chicago
552850284035328504,224.0,4,Entire home/apt,1.0,2.0,1.0,undefined,4,True,4.89,True,11.0,285,41.89191818237305,-87.62904357910156,Chicago
552883505362797442,370.0,4,Entire home/apt,1.0,2.0,1.0,undefined,1,True,4.54,False,73.0,319,41.86259,-87.62606,Chicago
553192042659897513,125.0,4,Entire home/apt,0.0,1.0,1.0,undefined,5,False,4.68,False,3.0,168,41.98932,-87.65836,Chicago
553569295190963086,271.0,6,Entire home/apt,2.0,3.0,2.0,undefined,4,True,4.95,True,11.0,278,41.89191818237305,-87.62904357910156,Chicago
553577689124206856,192.0,2,Private room,1.0,1.0,1.5,undefined,1,False,5.0,False,1.0,334,41.93265,-87.69707,Chicago
553581365180156979,543.0,6,Entire home/apt,2.0,3.0,1.0,undefined,1,False,4.9,,35.0,81,41.947391510009766,-87.65808868408203,Chicago
553821004607958838,256.0,6,Entire home/apt,2.0,3.0,2.0,undefined,1,False,4.94,True,43.0,87,41.91122966588163,-87.67564648964378,Chicago
554142375548384626,107.0,2,Entire home/apt,1.0,1.0,1.0,undefined,1,False,4.57,False,3.0,256,41.79623,-87.58973,Chicago
554349911689751899,238.0,4,Entire home/apt,1.0,2.0,1.0,undefined,4,True,4.86,True,11.0,311,41.89191818237305,-87.62904357910156,Chicago
554385076952526453,147.0,4,Entire home/apt,2.0,3.0,1.0,undefined,2,False,4.94,True,1.0,242,41.90627,-87.68467,Chicago
554970629067098975,228.0,4,Entire home/apt,1.0,2.0,1.0,undefined,4,True,4.91,True,11.0,293,41.89191818237305,-87.62904357910156,Chicago
555041639366197657,271.0,4,Entire home/apt,2.0,2.0,1.0,undefined,2,True,4.98,True,1.0,199,41.9178,-87.64736,Chicago
555257828555337946,80.0,6,Entire home/apt,3.0,3.0,1.0,undefined,1,False,4.89,True,1.0,342,41.74808,-87.66314,Chicago
555376697879777844,93.0,5,Entire home/apt,2.0,3.0,1.0,undefined,1,False,4.78,False,3.0,271,41.95707,-87.69979,Chicago
556419741274302000,237.0,4,Entire home/apt,1.0,2.0,1.0,undefined,4,True,4.82,True,11.0,344,41.89191818237305,-87.62904357910156,Chicago
557187142281320858,150.0,3,Entire home/apt,1.0,1.0,1.0,undefined,32,False,,True,131.0,101,41.88922,-87.63736,Chicago
557263613840276005,149.0,4,Entire home/apt,2.0,2.0,1.0,undefined,2,False,4.95,True,3.0,218,41.9216,-87.70328,Chicago
557433721825018496,39.0,1,Private room,1.0,1.0,1.5,undefined,32,False,4.8,False,16.0,365,41.78692,-87.66138,Chicago
558083185211981123,116.0,2,Entire home/apt,1.0,1.0,1.0,undefined,3,False,4.68,False,1.0,254,41.83508,-87.68156,Chicago
558214751124159866,180.0,6,Entire home/apt,2.0,6.0,1.0,undefined,2,False,4.82,False,2.0,169,42.01473,-87.70662,Chicago
558569087123590590,160.0,5,Entire home/apt,2.0,3.0,1.0,undefined,1,False,4.84,True,2.0,314,41.90157,-87.66557,Chicago
558646651536950193,157.0,5,Entire home/apt,1.0,4.0,1.0,undefined,3,False,4.93,,7.0,238,41.86889657019404,-87.62790026684576,Chicago
559280773929198942,312.0,4,Entire home/apt,2.0,2.0,2.0,undefined,32,True,,False,,359,41.9029299,-87.6441632,Chicago
559283288033823619,184.0,2,Entire home/apt,1.0,1.0,1.0,undefined,32,True,1.0,False,,202,41.89286449999999,-87.61651669999999,Chicago
559308793635535462,161.0,6,Entire home/apt,2.0,2.0,1.0,undefined,2,True,5.0,False,2.0,322,41.93886,-87.69735,Chicago
559510506611085418,526.0,6,Entire home/apt,3.0,3.0,2.0,undefined,6,False,5.0,True,15.0,95,41.91137,-87.64921,Chicago
559636213330196068,318.0,2,Entire home/apt,1.0,1.0,1.0,undefined,1,True,4.58,False,73.0,309,41.88134,-87.62464,Chicago
560158488294195889,371.0,6,Entire home/apt,3.0,3.0,2.0,undefined,2,False,4.79,True,29.0,320,41.87723,-87.62901,Chicago
560221345573576701,583.0,6,Entire home/apt,2.0,3.0,2.0,undefined,1,True,4.52,False,73.0,339,41.86469,-87.62602,Chicago
560254494131483242,227.0,2,Entire home/apt,1.0,1.0,1.0,undefined,1,True,4.5,False,73.0,204,41.8767,-87.62995,Chicago
560948610468837251,128.0,4,Entire home/apt,2.0,2.0,1.0,undefined,2,True,4.79,True,5.0,243,41.9055,-87.68902,Chicago
561709143431042849,252.0,7,Entire home/apt,3.0,3.0,2.5,undefined,2,False,4.95,True,2.0,313,41.9296,-87.64346,Chicago
562192833859787522,183.0,4,Entire home/apt,2.0,3.0,1.0,undefined,2,False,4.91,True,1.0,174,41.71188,-87.68407,Chicago
562194332010521798,115.0,2,Entire home/apt,1.0,1.0,1.0,undefined,3,False,4.87,True,30.0,279,41.94608,-87.66054,Chicago
562320595018485098,328.0,4,Entire home/apt,0.0,2.0,1.0,undefined,1,True,4.49,False,73.0,308,41.86448,-87.62647,Chicago
562327612648780713,347.0,4,Entire home/apt,1.0,2.0,1.0,undefined,1,True,4.65,False,73.0,342,41.86317,-87.62661,Chicago
562336453822212083,501.0,6,Entire home/apt,2.0,3.0,2.0,undefined,1,True,4.61,False,73.0,316,41.86389,-87.62688,Chicago
562395453199176583,364.0,4,Entire home/apt,1.0,2.0,1.0,undefined,1,True,4.54,False,73.0,343,41.87643,-87.64666,Chicago
562400001188770880,196.0,2,Entire home/apt,0.0,1.0,1.0,undefined,1,True,4.65,False,73.0,334,41.86407,-87.62689,Chicago
562446127031517265,651.0,6,Entire home/apt,3.0,3.0,2.0,undefined,1,True,4.48,False,73.0,283,41.8754,-87.62877,Chicago
562452284517338021,486.0,6,Entire home/apt,2.0,3.0,2.0,undefined,1,True,4.72,False,73.0,302,41.86453,-87.62541,Chicago
562895079547901858,184.0,2,Entire home/apt,1.0,1.0,1.0,undefined,32,True,5.0,False,,287,41.89286449999999,-87.61651669999999,Chicago
562895509098634422,260.0,2,Entire home/apt,1.0,1.0,1.0,undefined,32,True,,False,,169,41.89286449999999,-87.61651669999999,Chicago
562897397791963697,322.0,2,Entire home/apt,1.0,1.0,1.0,undefined,32,True,5.0,False,,36,41.89286449999999,-87.61651669999999,Chicago
562899880171467602,260.0,2,Entire home/apt,0.0,1.0,1.0,undefined,32,True,,False,,143,41.89286449999999,-87.61651669999999,Chicago
563896050920155721,408.0,2,Entire home/apt,0.0,1.0,1.0,undefined,1,True,4.73,False,73.0,334,41.86274,-87.62473,Chicago
563905511049433753,158.0,5,Entire home/apt,2.0,2.0,1.0,undefined,3,True,4.95,True,3.0,327,41.93871,-87.66824,Chicago
564196146416255038,215.0,4,Entire home/apt,2.0,2.0,2.0,undefined,3,False,5.0,True,1.0,298,41.96828,-87.70461,Chicago
564367057223707662,262.0,5,Entire home/apt,2.0,2.0,2.0,undefined,1,False,4.99,True,2.0,301,41.93731,-87.65663,Chicago
564373996191588333,96.0,3,Entire home/apt,1.0,1.0,1.0,undefined,1,True,4.68,False,6.0,187,41.86864,-87.62665,Chicago
564759898693760657,193.0,4,Entire home/apt,2.0,3.0,1.0,undefined,32,False,4.88,True,6.0,333,41.95441979274405,-87.71790700184668,Chicago
565220841163030478,255.0,2,Entire home/apt,0.0,1.0,1.0,undefined,1,True,4.5,False,73.0,335,41.88069,-87.62467,Chicago
565264608846878165,425.0,4,Entire home/apt,1.0,2.0,1.0,undefined,1,True,4.71,False,73.0,251,41.86443,-87.62601,Chicago
565270654000261585,233.0,4,Entire home/apt,2.0,2.0,1.0,undefined,1,True,4.43,False,73.0,280,41.87593,-87.62818,Chicago
565284835821130118,489.0,4,Entire home/apt,2.0,2.0,1.0,undefined,1,True,4.45,False,73.0,326,41.88051,-87.62484,Chicago
565295694174407913,833.0,8,Entire home/apt,4.0,4.0,3.0,undefined,1,True,4.41,False,73.0,298,41.87538,-87.63021,Chicago
565300855768089978,401.0,8,Entire home/apt,3.0,4.0,3.5,undefined,1,True,4.58,False,73.0,269,41.87814,-87.647,Chicago
565319559947728414,217.0,6,Entire home/apt,2.0,3.0,2.0,undefined,2,False,4.84,True,29.0,304,41.87723,-87.62901,Chicago
566052311096428326,126.0,4,Entire home/apt,2.0,2.0,1.0,undefined,2,True,4.86,False,1.0,30,41.70492,-87.53798,Chicago
566152136948098264,300.0,16,Entire home/apt,5.0,9.0,3.5,undefined,3,False,4.81,False,5.0,358,41.89412,-87.66098,Chicago
566941901462047756,120.0,4,Entire home/apt,2.0,2.0,2.0,undefined,32,False,4.89,True,3.0,365,41.8704,-87.68311,Chicago
566954028269623503,117.0,3,Entire home/apt,2.0,2.0,1.0,undefined,3,True,4.94,True,1.0,39,41.85052,-87.68077,Chicago
567260372367818343,200.0,2,Entire home/apt,0.0,1.0,1.0,undefined,32,True,4.0,False,,192,41.89286449999999,-87.61651669999999,Chicago
567261363720020624,230.0,2,Entire home/apt,1.0,1.0,1.0,undefined,32,True,,False,,338,41.8860812,-87.63422229999998,Chicago
567337905333071669,181.0,6,Entire home/apt,3.0,4.0,2.0,undefined,2,True,4.82,,32.0,165,41.85829544067383,-87.64751434326172,Chicago
567375435524176861,294.0,5,Entire home/apt,3.0,3.0,2.0,undefined,1,True,4.44,False,73.0,130,41.87718,-87.62872,Chicago
567386205323496488,354.0,2,Entire home/apt,1.0,1.0,1.0,undefined,1,True,4.57,False,73.0,328,41.88266,-87.62547,Chicago
567390850413961918,66.0,5,Private room,1.0,2.0,1.0,undefined,2,False,4.68,True,5.0,90,41.94915,-87.65872,Chicago
567411785285133635,250.0,4,Entire home/apt,2.0,2.0,2.0,undefined,32,False,,True,131.0,99,41.8847,-87.62966,Chicago
568083908378590579,137.0,2,Entire home/apt,0.0,1.0,1.0,undefined,32,False,3.5,True,131.0,179,41.88352,-87.63299,Chicago
568713227027237686,351.0,8,Entire home/apt,3.0,4.0,2.0,undefined,2,True,4.97,True,1.0,288,41.90659,-87.66636,Chicago
568760764098399722,102.0,4,Entire home/apt,2.0,2.0,1.0,undefined,1,True,4.96,False,4.0,347,41.85787,-87.71452,Chicago
568905326864559168,275.0,6,Entire home/apt,2.0,4.0,2.0,undefined,2,False,4.61,False,1.0,356,41.76475,-87.58241,Chicago
568937350747364927,86.0,5,Entire home/apt,1.0,2.0,1.0,undefined,1,False,4.85,True,18.0,346,41.85128,-87.70368,Chicago
569476879862677256,176.0,4,Entire home/apt,1.0,2.0,1.0,undefined,32,False,5.0,True,105.0,359,41.89623353449495,-87.6316353702401,Chicago
569514573450747697,165.0,4,Entire home/apt,1.0,1.0,1.0,undefined,32,False,5.0,True,149.0,175,41.8958,-87.63306,Chicago
569519863002338779,172.0,4,Entire home/apt,1.0,1.0,1.0,undefined,32,False,5.0,True,149.0,364,41.89591,-87.63333,Chicago
569719593824737624,94.0,2,Entire home/apt,0.0,1.0,1.0,undefined,1,False,4.62,False,19.0,55,41.97016,-87.66129,Chicago
569719898314781920,93.0,2,Entire home/apt,0.0,1.0,1.0,undefined,1,False,4.67,False,19.0,48,41.97144,-87.66178,Chicago
569760219069042886,134.0,2,Entire home/apt,0.0,1.0,1.0,undefined,1,True,4.73,False,19.0,52,41.97045,-87.66022,Chicago
570233652996714993,45.0,1,Private room,1.0,1.0,1.0,undefined,32,False,4.67,False,3.0,357,41.84839,-87.67587,Chicago
571798661674100491,67.0,3,Entire home/apt,1.0,2.0,1.0,undefined,32,False,5.0,True,2.0,160,41.97174,-87.67391,Chicago
571996805769088450,199.0,8,Entire home/apt,3.0,5.0,2.0,undefined,1,False,4.95,True,2.0,333,41.84569,-87.64547,Chicago
572359829377887600,177.0,6,Entire home/apt,2.0,3.0,1.0,undefined,2,False,4.9,True,2.0,147,41.93927,-87.68092,Chicago
572408216186505610,326.0,6,Entire home/apt,3.0,3.0,2.0,undefined,3,False,5.0,True,2.0,291,41.91925,-87.70202,Chicago
572578787799525153,293.0,4,Entire home/apt,2.0,2.0,1.0,undefined,3,True,4.96,True,9.0,90,41.9794577131467,-87.67083369840195,Chicago
572823516620605531,235.0,12,Entire home/apt,5.0,6.0,2.0,undefined,2,False,4.73,True,7.0,29,41.89531,-87.7103,Chicago
573297741313034074,246.0,8,Entire home/apt,3.0,4.0,1.0,undefined,32,False,4.65,False,2.0,364,41.87185,-87.70154,Chicago
573421915063835310,194.0,8,Entire home/apt,3.0,5.0,2.0,undefined,1,False,4.91,True,2.0,348,41.8438,-87.64723,Chicago
573756151103517447,437.0,4,Entire home/apt,2.0,2.0,2.0,undefined,32,True,,False,,103,41.8670646,-87.6231114,Chicago
574606377430047217,38.0,1,Entire home/apt,2.0,2.0,1.0,undefined,32,True,,False,3.0,190,41.76607,-87.61462,Chicago
574724965794706432,34.0,2,Private room,1.0,1.0,2.0,undefined,1,False,4.55,False,8.0,343,41.82903,-87.65084,Chicago
574735789301672087,303.0,12,Entire home/apt,3.0,4.0,2.5,undefined,2,True,4.97,True,1.0,141,41.93704,-87.67346,Chicago
575181096248030351,135.0,2,Entire home/apt,0.0,1.0,1.0,undefined,32,True,,False,,148,41.9089458,-87.6504842,Chicago
575181668806472479,157.0,2,Entire home/apt,0.0,1.0,1.0,undefined,32,True,4.5,False,,208,41.9089458,-87.6504842,Chicago
575300388095711538,426.0,10,Entire home/apt,4.0,5.0,2.5,undefined,2,False,4.9,True,3.0,321,41.89249,-87.64975,Chicago
576717548289447199,228.0,7,Entire home/apt,3.0,3.0,2.0,undefined,1,False,4.95,True,2.0,233,42.00511,-87.65927,Chicago
576812476640227625,61.0,1,Private room,1.0,2.0,1.0,undefined,2,True,4.68,False,8.0,357,41.84093,-87.65934,Chicago
577343244199118396,55.0,3,Private room,1.0,1.0,1.0,undefined,2,False,4.69,False,5.0,115,41.94194,-87.6661,Chicago
577512690968445494,252.0,5,Entire home/apt,2.0,2.0,1.0,undefined,2,False,4.99,True,1.0,347,41.92615,-87.69825,Chicago
578296978933117631,203.0,5,Entire home/apt,2.0,3.0,1.0,undefined,3,False,4.89,True,2.0,171,41.97541,-87.68396,Chicago
578856362616813092,430.0,10,Entire home/apt,3.0,4.0,2.5,undefined,2,False,4.86,False,3.0,245,41.91783281209519,-87.65353584289551,Chicago
579265550163905456,75.0,8,Entire home/apt,3.0,4.0,1.0,undefined,2,False,4.72,False,2.0,325,41.75335,-87.58399,Chicago
579514121718775234,98.0,4,Entire home/apt,3.0,3.0,1.0,undefined,32,False,5.0,True,13.0,296,41.94189,-87.67952,Chicago
580344574013318644,222.0,2,Entire home/apt,0.0,1.0,1.0,undefined,32,True,5.0,False,,365,41.885209,-87.6471114,Chicago
580381451516608153,628.0,7,Entire home/apt,2.0,5.0,1.5,undefined,2,False,4.9,True,2.0,7,41.856613,-87.654671,Chicago
580386798566485284,101.0,4,Entire home/apt,2.0,3.0,1.0,undefined,32,False,4.78,True,2.0,166,41.79831,-87.60341,Chicago
580403926752830876,384.0,6,Entire home/apt,2.0,4.0,2.0,undefined,2,True,4.87,True,136.0,305,41.8778857,-87.6427977,Chicago
580550047834328740,45.0,1,Private room,1.0,1.0,1.0,undefined,2,False,4.8,True,6.0,351,41.78282,-87.60893,Chicago
581076315528389286,175.0,4,Entire home/apt,2.0,2.0,1.0,undefined,2,False,4.94,False,3.0,198,41.90677,-87.68532,Chicago
582032890221566459,98.0,1,Entire home/apt,2.0,2.0,1.0,undefined,32,False,4.5,False,2.0,364,41.8698,-87.75788,Chicago
582493138485261573,50.0,2,Private room,1.0,1.0,1.0,undefined,1,False,4.78,True,10.0,105,41.99745,-87.67005,Chicago
582554540712580074,60.0,4,Entire home/apt,2.0,2.0,1.0,undefined,32,False,4.75,True,15.0,364,41.856529,-87.681747,Chicago
582834897413067731,240.0,6,Entire home/apt,2.0,3.0,2.0,undefined,32,False,3.0,True,105.0,365,41.88575,-87.61898,Chicago
582921667905672246,192.0,2,Entire home/apt,1.0,2.0,1.0,undefined,1,False,4.85,False,2.0,44,41.95366,-87.64735,Chicago
583130832324856345,141.0,4,Entire home/apt,1.0,2.0,1.0,undefined,32,False,,True,105.0,359,41.89749,-87.63267,Chicago
583234026692550428,106.0,4,Entire home/apt,2.0,2.0,2.0,undefined,150,False,,True,51.0,364,41.77134,-87.56778,Chicago
583510233683251033,149.0,6,Entire home/apt,2.0,3.0,1.0,undefined,1,False,4.65,False,19.0,61,41.97166,-87.67297,Chicago
584731448523744002,136.0,2,Entire home/apt,1.0,1.0,1.0,undefined,32,False,4.88,False,1.0,246,41.89362,-87.62729,Chicago
584857119580835117,454.0,10,Entire home/apt,5.0,5.0,4.0,undefined,32,False,4.51,False,1.0,153,41.91288,-87.70872,Chicago
585011124183031146,853.0,10,Entire home/apt,4.0,5.0,3.5,undefined,1,False,5.0,True,6.0,356,41.897385,-87.665993,Chicago
586289905348971634,40.0,1,Private room,1.0,1.0,1.0,undefined,14,False,4.97,False,1.0,124,41.90262,-87.69396,Chicago
586297647190970374,350.0,2,Entire home/apt,0.0,1.0,1.0,undefined,32,True,5.0,,19.0,176,41.89036,-87.6494,Chicago
586453517796858519,85.0,2,Private room,1.0,1.0,1.5,undefined,2,False,4.89,True,6.0,131,41.9225,-87.65157,Chicago
586806939195215941,114.0,4,Entire home/apt,2.0,2.0,1.0,undefined,32,False,,False,3.0,365,41.76164,-87.71618,Chicago
586831966551201588,374.0,10,Entire home/apt,4.0,5.0,2.0,undefined,32,False,,False,183.0,172,41.78377,-87.78271,Chicago
587144825433281663,449.0,16,Entire home/apt,6.0,10.0,2.0,undefined,2,False,4.95,True,5.0,252,41.939232,-87.641678,Chicago
587438357493288787,192.0,4,Entire home/apt,2.0,2.0,1.0,undefined,4,False,4.72,True,2.0,114,41.930599,-87.659378,Chicago
587527494519188004,184.0,5,Entire home/apt,2.0,3.0,2.0,undefined,3,False,4.97,True,3.0,329,41.90115,-87.68972,Chicago
588278699426091171,89.0,2,Entire home/apt,1.0,1.0,1.0,undefined,2,True,4.76,False,28.0,249,41.96455,-87.68638,Chicago
588450321411010228,47.0,3,Private room,1.0,1.0,1.0,undefined,2,False,4.7,False,5.0,85,41.94203,-87.66787,Chicago
589023708936836881,31.0,3,Private room,1.0,1.0,1.0,undefined,2,False,4.38,False,9.0,22,41.82473,-87.69288,Chicago
589181326148671873,51.0,6,Private room,1.0,2.0,1.0,undefined,2,False,4.8,False,4.0,143,41.87975,-87.67841,Chicago
589382549297392515,80.0,7,Entire home/apt,3.0,0.0,1.5,undefined,32,False,,False,16.0,365,41.77325,-87.60348,Chicago
589852332200379494,89.0,2,Private room,1.0,2.0,1.0,undefined,1,True,4.7,True,3.0,252,41.92228,-87.68716,Chicago
589932786803188984,877.0,7,Entire home/apt,1.0,3.0,3.0,undefined,32,True,5.0,True,79.0,0,41.88351,-87.6298,Chicago
590053326572153417,86.0,5,Entire home/apt,2.0,2.0,1.0,undefined,32,False,4.71,True,4.0,365,41.91755,-87.73842,Chicago
590413147108200868,156.0,5,Entire home/apt,2.0,2.0,1.0,undefined,3,False,4.38,False,5.0,362,41.83691,-87.6551,Chicago
590579464403439607,200.0,2,Entire home/apt,0.0,1.0,1.0,undefined,32,False,,False,1.0,179,41.96589,-87.65756,Chicago
590591161012149829,129.0,3,Entire home/apt,1.0,2.0,1.0,undefined,2,False,4.89,True,6.0,138,41.9218471,-87.6528857,Chicago
590769023911548317,115.0,5,Entire home/apt,2.0,3.0,1.0,undefined,2,False,4.71,True,16.0,356,41.83231,-87.62002,Chicago
590862841118193261,46.0,1,Private room,1.0,1.0,2.0,undefined,2,True,4.57,False,8.0,344,41.83926,-87.66092,Chicago
591460077768655813,203.0,6,Entire home/apt,3.0,3.0,2.0,undefined,2,False,4.99,True,1.0,251,42.01769,-87.66949,Chicago
591540741409328129,61.0,1,Private room,1.0,1.0,1.5,undefined,2,True,4.75,True,16.0,260,41.83166,-87.6194,Chicago
591627289319564241,275.0,2,Entire home/apt,1.0,0.0,1.0,undefined,10,False,4.92,False,5.0,365,41.90047,-87.62787,Chicago
592093473148513950,456.0,5,Entire home/apt,2.0,2.0,2.0,undefined,32,True,5.0,True,79.0,300,41.88243,-87.65217,Chicago
592767659387926581,48.0,4,Private room,1.0,1.0,1.0,undefined,2,False,4.46,False,4.0,14,41.83431,-87.66468,Chicago
592815021305952457,29.0,3,Private room,1.0,1.0,1.5,undefined,2,False,4.33,False,9.0,18,41.82666,-87.69286,Chicago
592817414733439698,30.0,3,Private room,1.0,1.0,1.5,undefined,2,False,4.38,False,9.0,18,41.82468,-87.69353,Chicago
592885157625123692,46.0,1,Private room,1.0,2.0,1.0,undefined,2,True,4.74,False,8.0,351,41.84119,-87.65942,Chicago
593437605186569908,129.0,4,Entire home/apt,2.0,2.0,1.0,undefined,2,True,4.84,False,2.0,304,41.838028667132825,-87.64922376295165,Chicago
594221998336275686,218.0,6,Entire home/apt,3.0,3.0,1.0,undefined,3,False,4.99,True,1.0,237,41.92877,-87.72403,Chicago
594771380534797043,511.0,5,Entire home/apt,2.0,3.0,2.0,undefined,2,True,4.83,True,136.0,327,41.89742529999999,-87.63089509999999,Chicago
594772145650770690,531.0,5,Entire home/apt,2.0,3.0,2.0,undefined,2,True,4.95,True,136.0,324,41.89742529999999,-87.63089509999999,Chicago
594773722624434961,432.0,5,Entire home/apt,2.0,3.0,2.0,undefined,2,True,4.9,True,136.0,319,41.89742529999999,-87.63089509999999,Chicago
594937541144766707,166.0,10,Entire home/apt,3.0,6.0,2.0,undefined,1,True,4.46,False,5.0,356,41.81539,-87.63297,Chicago
595486726019040440,116.0,6,Entire home/apt,2.0,3.0,1.0,undefined,2,True,4.94,True,2.0,131,41.943779,-87.741806,Chicago
595948293511661289,226.0,5,Entire home/apt,3.0,3.0,2.0,undefined,2,False,4.71,False,1.0,233,41.84952,-87.63098,Chicago
596432749721020740,72.0,5,Private room,1.0,3.0,1.0,undefined,1,False,4.67,True,6.0,282,41.94456,-87.65249,Chicago
596433327817896999,72.0,5,Private room,1.0,3.0,1.0,undefined,1,True,4.5,True,6.0,284,41.94416,-87.65222,Chicago
596574346027014224,34.0,1,Private room,1.0,1.0,2.0,undefined,1,True,4.42,False,8.0,336,41.84761,-87.64696,Chicago
596708679286053034,135.0,3,Entire home/apt,2.0,2.0,1.0,undefined,28,False,4.97,True,3.0,64,41.95849,-87.7169,Chicago
597020328083592436,44.0,2,Private room,1.0,1.0,1.0,undefined,32,False,5.0,False,1.0,332,41.87299,-87.69103,Chicago
597783098841871439,199.0,6,Entire home/apt,3.0,4.0,1.0,undefined,2,False,4.89,True,4.0,235,41.930016,-87.653419,Chicago
598408925781457351,220.0,2,Entire home/apt,1.0,1.0,1.0,undefined,32,True,,False,,147,41.88501,-87.64403,Chicago
598413122047211502,229.0,2,Entire home/apt,1.0,1.0,1.0,undefined,32,True,,False,,205,41.8860812,-87.63422229999998,Chicago
598736322862370600,260.0,12,Entire home/apt,4.0,7.0,3.0,undefined,3,True,4.79,True,1.0,36,41.90828,-87.66388,Chicago
599101808911768002,135.0,2,Entire home/apt,1.0,1.0,1.0,undefined,2,False,4.99,True,2.0,54,41.85150240767194,-87.68065338126067,Chicago
599134753012399684,126.0,14,Entire home/apt,3.0,11.0,3.5,undefined,2,False,4.58,False,24.0,329,41.9094,-87.63961,Chicago
599270079159338740,131.0,5,Entire home/apt,2.0,3.0,1.0,undefined,2,False,4.97,False,1.0,341,41.93998,-87.71336,Chicago
599340739428968764,245.0,2,Entire home/apt,1.0,1.0,1.0,undefined,32,False,,True,131.0,140,41.88828,-87.63732,Chicago
599852600921366772,429.0,2,Entire home/apt,1.0,1.0,1.0,undefined,32,True,,False,,357,41.89286449999999,-87.61651669999999,Chicago
599853040833393155,167.0,2,Entire home/apt,1.0,1.0,1.0,undefined,32,True,,False,,327,41.8982194,-87.6284907,Chicago
599855118803818815,168.0,2,Entire home/apt,1.0,1.0,1.0,undefined,32,True,,False,,320,41.8982194,-87.6284907,Chicago
599857637500520449,160.0,2,Entire home/apt,1.0,1.0,1.0,undefined,32,True,5.0,False,,268,41.98397,-87.65545,Chicago
600016095186794941,149.0,4,Entire home/apt,1.0,1.0,1.0,undefined,32,False,5.0,True,42.0,333,41.8556,-87.65992,Chicago
600581181037800134,95.0,4,Entire home/apt,1.0,2.0,1.0,undefined,2,True,4.9,True,3.0,55,41.82837,-87.67278,Chicago
600591753384714318,126.0,4,Entire home/apt,1.0,1.0,1.0,undefined,32,False,5.0,True,42.0,361,41.8552,-87.65978,Chicago
600622184724170928,160.0,5,Entire home/apt,2.0,2.0,1.0,undefined,32,False,5.0,True,42.0,234,41.85724,-87.65988,Chicago
600799641191094629,785.0,13,Entire home/apt,4.0,9.0,3.0,undefined,2,True,4.98,True,4.0,341,41.94564,-87.6735,Chicago
601001913778141298,109.0,3,Entire home/apt,1.0,1.0,1.0,undefined,3,False,4.93,True,1.0,274,41.93805,-87.78928,Chicago
601385116912568483,219.0,6,Entire home/apt,3.0,3.0,1.0,undefined,2,False,4.93,False,2.0,263,41.77629,-87.60802,Chicago
601394938382221196,344.0,8,Entire home/apt,3.0,4.0,2.0,undefined,2,True,4.76,True,80.0,351,41.8535,-87.62372,Chicago
601414011885660634,144.0,4,Entire home/apt,2.0,3.0,1.0,undefined,32,True,5.0,True,2.0,227,41.96309,-87.66622,Chicago
601681301917915656,300.0,8,Entire home/apt,3.0,5.0,2.0,undefined,3,False,4.94,True,1.0,251,41.96882,-87.68828,Chicago
602754169654728697,149.0,9,Entire home/apt,4.0,5.0,2.0,undefined,32,False,4.46,False,24.0,364,41.82845,-87.61854,Chicago
602754369424181511,115.0,8,Entire home/apt,4.0,4.0,3.0,undefined,2,False,4.89,False,24.0,338,41.93797,-87.68089,Chicago
603461937305047388,87.0,10,Entire home/apt,4.0,4.0,2.0,undefined,2,False,4.42,False,24.0,330,41.94072341918945,-87.67447662353516,Chicago
603692713581585569,95.0,4,Entire home/apt,1.0,3.0,1.0,undefined,3,True,4.84,True,1.0,73,42.00122,-87.7058,Chicago
605274919852250230,54.0,2,Private room,1.0,1.0,1.5,undefined,2,False,4.94,,2.0,121,41.98739,-87.66235,Chicago
605673463724628515,154.0,2,Entire home/apt,1.0,1.0,1.0,undefined,32,True,5.0,False,,181,41.98397,-87.65545,Chicago
605703729803786889,153.0,6,Entire home/apt,3.0,5.0,1.0,undefined,2,False,4.81,False,1.0,76,41.75444,-87.57594,Chicago
606011762280846218,110.0,3,Entire home/apt,1.0,1.0,1.0,undefined,32,False,5.0,True,9.0,32,41.81529,-87.6178,Chicago
606436500480197324,604.0,2,Private room,2.0,2.0,1.0,undefined,1,False,5.0,False,3.0,364,41.930462,-87.651527,Chicago
606474623883227502,155.0,4,Entire home/apt,2.0,3.0,1.0,undefined,1,False,4.98,True,2.0,347,42.01031,-87.78624,Chicago
606538768190458354,397.0,8,Entire home/apt,4.0,4.0,1.5,undefined,1,False,4.84,False,1.0,363,41.71465,-87.66608,Chicago
607073235389704428,53.0,1,Private room,1.0,1.0,1.0,undefined,32,False,5.0,True,1.0,127,41.84447,-87.62488,Chicago
607973733190964807,95.0,2,Private room,1.0,1.0,1.0,undefined,2,True,4.76,False,11.0,337,41.85074,-87.67691,Chicago
608103066316430821,99.0,3,Entire home/apt,1.0,1.0,1.0,undefined,2,False,4.88,True,1.0,331,41.6946,-87.70251,Chicago
608227807871817220,414.0,10,Entire home/apt,3.0,5.0,2.0,undefined,1,False,4.94,,12.0,238,41.949909,-87.656319,Chicago
608877433990692164,244.0,6,Entire home/apt,2.0,2.0,1.0,undefined,2,False,4.91,True,1.0,354,41.92645,-87.69916,Chicago
609050814181729502,260.0,8,Entire home/apt,3.0,3.0,2.0,undefined,2,True,4.79,True,80.0,344,41.85415,-87.62515,Chicago
609262363582314932,90.0,2,Entire home/apt,0.0,1.0,1.0,undefined,32,False,5.0,True,5.0,343,41.94308,-87.73092,Chicago
609277260244650421,72.0,4,Entire home/apt,2.0,3.0,1.0,undefined,2,False,4.85,True,1.0,228,41.91331,-87.72971,Chicago
609332696307845208,178.0,12,Entire home/apt,3.0,4.0,2.0,undefined,2,False,4.45,False,4.0,11,41.99912,-87.69704,Chicago
609426723980234879,54.0,5,Private room,1.0,2.0,1.0,undefined,2,False,4.62,True,5.0,179,41.94887,-87.65802,Chicago
609429805324567153,54.0,5,Private room,1.0,1.0,1.0,undefined,2,False,4.76,False,5.0,83,41.940876,-87.667191,Chicago
609457319116775708,103.0,2,Entire home/apt,1.0,1.0,1.0,undefined,2,False,4.93,True,30.0,336,41.95125,-87.6614,Chicago
609477882686825353,48.0,5,Private room,1.0,2.0,1.0,undefined,2,False,4.6,True,5.0,131,41.94707,-87.65812,Chicago
609500552813051903,62.0,3,Private room,1.0,1.0,1.0,undefined,2,False,4.82,True,5.0,350,41.94898,-87.65804,Chicago
610017200294873811,55.0,2,Private room,1.0,1.0,1.0,undefined,5,False,4.85,True,11.0,351,41.84831,-87.68449,Chicago
610208466828381960,187.0,4,Entire home/apt,2.0,2.0,1.0,undefined,3,False,4.94,,39.0,286,41.97594,-87.66846,Chicago
610645584447770131,124.0,3,Entire home/apt,1.0,2.0,1.0,undefined,2,False,4.94,True,1.0,327,41.77303,-87.57758,Chicago
611085672417839586,236.0,4,Entire home/apt,2.0,2.0,2.0,undefined,32,True,,False,3.0,365,41.859962,-87.624557,Chicago
612179677317950848,588.0,13,Entire home/apt,4.0,5.0,2.5,undefined,2,False,4.95,True,16.0,334,41.90758,-87.63427,Chicago
612332720040556350,267.0,9,Entire home/apt,3.0,4.0,2.0,undefined,2,False,4.99,True,1.0,3,41.93169,-87.66758,Chicago
612484155280205431,115.0,3,Entire home/apt,0.0,2.0,1.0,undefined,1,False,4.61,False,19.0,55,41.98887,-87.65792,Chicago
612794314924844686,246.0,5,Entire home/apt,2.0,3.0,2.0,undefined,5,False,4.97,True,3.0,201,41.92597,-87.6444,Chicago
612942666712815074,296.0,4,Entire home/apt,2.0,2.0,1.0,undefined,2,False,4.94,True,8.0,338,41.94866,-87.66802,Chicago
613068382631873341,69.0,6,Entire home/apt,1.0,2.0,1.0,undefined,2,False,4.65,False,24.0,338,41.9373,-87.65907,Chicago
613103168399217511,291.0,6,Entire home/apt,2.0,2.0,2.0,undefined,5,False,4.82,True,53.0,71,41.871098,-87.624046,Chicago
613282909540891827,153.0,4,Entire home/apt,1.0,2.0,1.0,undefined,1,True,4.86,False,2.0,352,41.895721,-87.675705,Chicago
613818046559467952,60.0,2,Entire home/apt,0.0,1.0,1.0,undefined,32,True,1.0,False,3.0,122,41.96461,-87.67416,Chicago
613836997434550887,119.0,8,Entire home/apt,3.0,4.0,1.0,undefined,2,False,4.73,True,4.0,336,41.81729,-87.68579,Chicago
614552947743423651,45.0,1,Private room,1.0,1.0,2.0,undefined,2,False,4.73,True,6.0,166,41.783314,-87.608162,Chicago
614553361349129459,45.0,1,Private room,1.0,1.0,2.0,undefined,2,False,4.81,True,6.0,339,41.78438,-87.6077,Chicago
614631484350436569,99.0,2,Entire home/apt,0.0,1.0,1.0,undefined,1,False,4.64,False,19.0,58,41.98822,-87.65694,Chicago
615050908520321131,170.0,4,Entire home/apt,2.0,2.0,1.0,undefined,2,False,5.0,True,1.0,325,41.95656,-87.70499,Chicago
615840035511079757,202.0,8,Entire home/apt,2.0,3.0,2.0,undefined,2,True,4.89,True,80.0,355,41.8558,-87.62541,Chicago
615850055810564857,198.0,8,Entire home/apt,2.0,3.0,2.0,undefined,2,True,4.8,True,80.0,328,41.85364,-87.62321,Chicago
615866049044369003,222.0,6,Entire home/apt,2.0,3.0,2.0,undefined,2,True,4.84,True,80.0,356,41.85577,-87.62413,Chicago
615872996222019546,186.0,8,Entire home/apt,2.0,3.0,2.0,undefined,2,True,4.78,True,80.0,335,41.85431,-87.62337,Chicago
616168662512528578,153.0,6,Entire home/apt,3.0,4.0,1.0,undefined,2,False,4.96,True,1.0,126,41.98027,-87.81545,Chicago
616554271606503988,178.0,8,Entire home/apt,2.0,3.0,2.0,undefined,2,True,4.64,True,80.0,326,41.85538,-87.62374,Chicago
616560273313483643,275.0,10,Entire home/apt,3.0,4.0,2.0,undefined,2,True,4.86,True,80.0,334,41.85512,-87.62355,Chicago
616567793942868854,213.0,6,Entire home/apt,2.0,3.0,2.0,undefined,2,True,4.8,True,80.0,348,41.85378,-87.62364,Chicago
616581982132767071,216.0,6,Entire home/apt,2.0,3.0,2.0,undefined,2,True,4.88,True,80.0,337,41.85383,-87.62484,Chicago
616587865854200822,207.0,8,Entire home/apt,2.0,3.0,2.0,undefined,2,True,4.88,True,80.0,351,41.85525,-87.62513,Chicago
616598629936053419,255.0,8,Entire home/apt,3.0,3.0,2.0,undefined,2,True,4.87,True,80.0,336,41.85507,-87.62318,Chicago
616682030967948402,60.0,4,Entire home/apt,2.0,2.0,1.0,undefined,32,False,4.67,True,15.0,297,41.847618,-87.682755,Chicago
616803320873770868,216.0,3,Entire home/apt,1.0,1.0,1.0,undefined,1,False,4.71,False,1.0,163,41.93867,-87.64006,Chicago
617188250362684979,258.0,8,Entire home/apt,4.0,4.0,2.0,undefined,32,False,5.0,True,1.0,228,41.92038,-87.67787,Chicago
617241679909282449,295.0,10,Entire home/apt,3.0,4.0,2.0,undefined,2,True,4.83,True,80.0,325,41.85416,-87.62327,Chicago
617250533931743110,206.0,8,Entire home/apt,2.0,3.0,2.0,undefined,2,True,4.9,True,80.0,341,41.85364,-87.62369,Chicago
617269223813019813,204.0,8,Entire home/apt,2.0,3.0,2.0,undefined,2,True,4.87,True,80.0,333,41.85575,-87.62325,Chicago
617278392842114917,279.0,10,Entire home/apt,3.0,4.0,2.0,undefined,2,True,4.9,True,80.0,351,41.85423,-87.62534,Chicago
617292138992477572,198.0,8,Entire home/apt,2.0,3.0,2.0,undefined,2,True,4.84,True,80.0,355,41.85572,-87.62543,Chicago
617449893664696358,153.0,4,Entire home/apt,2.0,2.0,1.0,undefined,2,False,4.97,True,1.0,223,41.98812,-87.78544,Chicago
617564455831645687,115.0,2,Entire home/apt,1.0,1.0,1.0,undefined,1,False,4.73,False,19.0,61,41.98848,-87.65641,Chicago
618009114708755208,185.0,8,Entire home/apt,4.0,5.0,2.0,undefined,3,False,5.0,False,1.0,347,41.80572,-87.6207,Chicago
618087987433574127,196.0,6,Entire home/apt,3.0,4.0,1.0,undefined,3,False,4.97,False,1.0,246,41.99965,-87.6663,Chicago
618160674053073203,51.0,2,Private room,1.0,1.0,1.0,undefined,1,True,1.0,False,14.0,213,41.9852608,-87.6721177,Chicago
618367253711673346,114.0,2,Entire home/apt,1.0,1.0,1.0,undefined,1,False,4.89,False,1.0,347,42.02136,-87.67031,Chicago
618835403431967033,360.0,2,Entire home/apt,1.0,2.0,1.0,undefined,2,False,4.84,False,1.0,268,41.940067,-87.704926,Chicago
618897106959096504,107.0,4,Entire home/apt,2.0,2.0,1.0,undefined,32,True,,False,2.0,365,41.771729,-87.58902,Chicago
619091057088999251,233.0,7,Entire home/apt,2.0,3.0,2.5,undefined,4,False,4.95,True,1.0,210,41.83027,-87.64929,Chicago
619172901654933468,232.0,2,Entire home/apt,1.0,1.0,1.0,undefined,32,True,,False,,141,41.91152789999999,-87.67875529999998,Chicago
619441009319934273,137.0,6,Entire home/apt,2.0,3.0,1.0,undefined,3,True,4.83,True,10.0,67,41.9157311520144,-87.7894341597503,Chicago
619546774674536980,114.0,8,Entire home/apt,3.0,4.0,1.0,undefined,2,False,4.83,True,4.0,317,41.81697,-87.68769,Chicago
619724359437253955,199.0,10,Entire home/apt,2.0,5.0,2.0,undefined,2,True,4.83,True,31.0,343,41.84974,-87.63186,Chicago
619756010280793744,197.0,4,Entire home/apt,2.0,2.0,1.0,undefined,2,False,4.77,False,1.0,353,41.94169650000001,-87.7888562,Chicago
619763577593447270,488.0,9,Entire home/apt,4.0,6.0,2.0,undefined,32,False,4.79,,26.0,254,41.930054,-87.646698,Chicago
620161336985176535,187.0,4,Entire home/apt,1.0,2.0,1.0,undefined,1,False,4.92,True,3.0,341,41.919033,-87.680824,Chicago
620170761952745494,202.0,4,Entire home/apt,1.0,1.0,1.0,undefined,4,False,4.81,True,53.0,71,41.87001,-87.62418,Chicago
620193974737501889,177.0,6,Entire home/apt,3.0,4.0,1.0,undefined,2,False,4.79,False,15.0,332,41.89160156,-87.66750336,Chicago
620378921294085253,346.0,6,Entire home/apt,3.0,3.0,2.0,undefined,5,False,4.73,True,53.0,62,41.8722,-87.6246,Chicago
620792110886941059,62.0,2,Private room,1.0,1.0,2.0,undefined,1,True,4.73,True,3.0,356,41.80666,-87.60431,Chicago
620800540630600627,327.0,6,Entire home/apt,2.0,3.0,2.0,undefined,1,False,4.91,True,4.0,149,41.88368,-87.62466,Chicago
620916541701563155,1999.0,16,Entire home/apt,10.0,10.0,9.0,undefined,4,False,5.0,True,53.0,132,41.87041,-87.62298,Chicago
620945252721714880,52.0,2,Private room,1.0,1.0,1.0,undefined,1,False,4.81,False,17.0,344,41.91094,-87.71548,Chicago
621089756776231347,201.0,4,Entire home/apt,1.0,1.0,1.0,undefined,3,False,4.9,,7.0,232,41.87032,-87.6262,Chicago
621236315653474714,238.0,4,Entire home/apt,1.0,2.0,1.0,undefined,2,False,5.0,True,9.0,286,41.8541145324707,-87.62279510498047,Chicago
621519858441933281,359.0,4,Entire home/apt,2.0,4.0,2.0,undefined,2,True,4.98,False,5.0,136,41.94867,-87.65463,Chicago
621603555015073089,105.0,2,Entire home/apt,1.0,2.0,1.0,undefined,2,False,4.64,False,8.0,224,41.93355,-87.64821,Chicago
622066599751195058,41.0,2,Private room,1.0,1.0,2.0,undefined,1,False,4.86,False,6.0,87,41.79362,-87.64718,Chicago
622240098360474687,425.0,6,Entire home/apt,2.0,3.0,2.5,undefined,32,False,,True,4.0,364,41.98513,-87.69097,Chicago
622337625561636043,117.0,4,Entire home/apt,2.0,2.0,1.0,undefined,2,True,4.98,True,1.0,322,41.93626,-87.69939,Chicago
622577964850815706,99.0,7,Entire home/apt,3.0,4.0,3.0,undefined,2,True,4.72,False,1.0,289,41.90809,-87.64198,Chicago
623265637725732331,575.0,16,Entire home/apt,6.0,10.0,4.5,undefined,3,False,4.93,True,3.0,89,41.91892,-87.73376,Chicago
623289630247460507,41.0,2,Private room,1.0,1.0,1.0,undefined,2,False,4.76,,2.0,333,41.81522,-87.69248,Chicago
623822324539298070,55.0,3,Private room,2.0,2.0,2.0,undefined,1,False,,False,1.0,352,41.78008642781892,-87.63672834349671,Chicago
624461678719245690,107.0,6,Entire home/apt,2.0,0.0,1.0,undefined,32,False,4.82,True,61.0,256,41.88428,-87.63443,Chicago
624479774992982122,175.0,6,Entire home/apt,2.0,3.0,1.0,undefined,6,True,4.62,True,61.0,240,41.88637,-87.62634,Chicago
624595031559666541,211.0,4,Entire home/apt,2.0,2.0,1.0,undefined,2,True,4.94,True,3.0,60,41.89982,-87.62896,Chicago
624681474626483986,131.0,4,Entire home/apt,1.0,2.0,1.0,undefined,2,False,4.9,True,1.0,5,41.836884,-87.619469,Chicago
624712488724850701,288.0,10,Entire home/apt,3.0,5.0,2.0,undefined,2,False,4.92,True,1.0,222,41.9152,-87.72079,Chicago
624715629610826619,85.0,2,Private room,1.0,1.0,1.0,undefined,32,True,5.0,False,56.0,359,41.8709,-87.65383,Chicago
624839152530216936,378.0,16,Entire home/apt,5.0,9.0,2.5,undefined,2,True,4.82,True,7.0,116,41.85512924194336,-87.71659088134766,Chicago
625099973226974009,241.0,2,Entire home/apt,1.0,1.0,1.0,undefined,32,True,5.0,False,,336,41.8950138,-87.62791490000001,Chicago
625249237072411329,49.0,1,Private room,1.0,1.0,1.0,undefined,32,False,5.0,True,51.0,325,41.78378,-87.60639,Chicago
625361919451440025,90.0,3,Private room,1.0,2.0,1.0,undefined,2,False,5.0,True,26.0,260,41.93984,-87.75627,Chicago
625383288503383423,52.0,2,Private room,1.0,1.0,1.0,undefined,1,False,4.8,False,17.0,349,41.91026,-87.71682,Chicago
625417903668863470,42.0,2,Private room,1.0,1.0,1.0,undefined,2,False,4.74,False,3.0,68,41.93463,-87.70906,Chicago
625435134000284113,60.0,2,Private room,1.0,1.0,1.0,undefined,1,False,4.86,False,17.0,349,41.91026,-87.71686,Chicago
625506881807444115,37.0,3,Private room,1.0,1.0,1.0,undefined,2,False,4.4,False,9.0,140,41.84,-87.63148,Chicago
625556016732844842,40.0,3,Private room,1.0,1.0,1.0,undefined,2,False,4.55,False,9.0,124,41.84185,-87.63245,Chicago
625657883637817281,47.0,2,Private room,1.0,1.0,2.0,undefined,2,False,4.81,False,6.0,82,41.79381,-87.6468,Chicago
625670161158631012,57.0,2,Private room,1.0,1.0,1.0,undefined,1,False,4.98,True,1.0,317,41.98436,-87.70948,Chicago
626065208710069377,347.0,6,Entire home/apt,3.0,3.0,2.0,undefined,1,True,4.98,True,6.0,279,41.94546,-87.65317,Chicago
626100418848566929,63.0,2,Private room,1.0,1.0,2.0,undefined,1,True,4.84,True,3.0,350,41.80785,-87.60421,Chicago
626103567505773297,67.0,2,Private room,1.0,1.0,2.0,undefined,1,True,4.67,True,3.0,354,41.80644,-87.60407,Chicago
626192524373148468,337.0,6,Entire home/apt,3.0,3.0,2.0,undefined,1,True,4.99,True,6.0,303,41.94361,-87.65284,Chicago
626233122712948682,304.0,8,Entire home/apt,3.0,4.0,1.0,undefined,2,False,5.0,True,26.0,165,41.93939,-87.75621,Chicago
626275507550737022,232.0,6,Entire home/apt,3.0,3.0,2.0,undefined,2,True,4.66,False,46.0,356,41.85617,-87.6262,Chicago
626275915585420004,323.0,6,Entire home/apt,3.0,3.0,2.0,undefined,1,True,4.99,True,6.0,288,41.94569,-87.65182,Chicago
626280824411503343,202.0,6,Entire home/apt,2.0,3.0,1.0,undefined,2,True,4.77,False,46.0,346,41.85478,-87.62448,Chicago
626287704198387143,188.0,6,Entire home/apt,2.0,3.0,2.0,undefined,2,True,4.78,False,46.0,344,41.85482,-87.62294,Chicago
626294508486359635,165.0,4,Entire home/apt,1.0,2.0,1.0,undefined,2,True,4.78,False,46.0,343,41.85395,-87.62779,Chicago
626317274744748780,123.0,4,Entire home/apt,2.0,3.0,1.0,undefined,2,False,4.96,True,13.0,75,41.94456,-87.73638,Chicago
626649448938992993,247.0,8,Entire home/apt,3.0,3.0,2.0,undefined,2,True,4.86,False,46.0,346,41.85279,-87.62523,Chicago
626660857822440419,258.0,8,Entire home/apt,3.0,3.0,2.0,undefined,2,True,4.76,False,46.0,349,41.85264,-87.62352,Chicago
626678183826653786,363.0,16,Entire home/apt,2.0,2.0,1.0,undefined,2,True,4.72,False,46.0,357,41.85621,-87.62496,Chicago
626846896991096462,411.0,16,Entire home/apt,8.0,9.0,4.0,undefined,3,False,4.74,False,7.0,351,41.95282,-87.65597,Chicago
627547867125214827,325.0,4,Entire home/apt,2.0,5.0,1.5,undefined,2,False,4.96,True,2.0,7,41.8557,-87.65495,Chicago
627625502277340745,219.0,6,Entire home/apt,1.0,4.0,1.5,undefined,2,False,4.88,False,32.0,321,41.95224,-87.64886,Chicago
627839838083113502,41.0,2,Private room,0.0,1.0,2.0,undefined,2,False,4.86,False,6.0,90,41.7919,-87.6452,Chicago
627955796073379948,242.0,2,Entire home/apt,1.0,1.0,1.0,undefined,32,True,5.0,False,,235,41.87710939999999,-87.6338518,Chicago
628230205492467023,166.0,7,Entire home/apt,3.0,4.0,2.0,undefined,3,True,4.84,,4.0,260,41.87554,-87.69447,Chicago
628376656431858046,101.0,4,Entire home/apt,2.0,3.0,1.0,undefined,2,False,4.79,True,1.0,69,41.721069,-87.616882,Chicago
628397563108217536,583.0,12,Entire home/apt,4.0,5.0,3.0,undefined,2,False,4.97,True,1.0,323,41.91143,-87.65017,Chicago
628435018118317455,881.0,15,Entire home/apt,5.0,10.0,3.5,undefined,2,False,4.98,True,1.0,333,41.91544,-87.6747,Chicago
628798006249745797,98.0,4,Entire home/apt,1.0,2.0,1.0,undefined,3,False,4.62,False,2.0,72,41.97192,-87.71217,Chicago
628855874552199266,110.0,2,Entire home/apt,0.0,1.0,1.0,undefined,2,False,4.81,True,1.0,247,41.91822,-87.68287,Chicago
628974286258737070,84.0,2,Entire home/apt,0.0,1.0,1.0,undefined,2,True,4.44,False,8.0,31,41.93086,-87.6415,Chicago
629098064295870083,247.0,4,Entire home/apt,1.0,1.0,1.0,undefined,5,False,4.9,True,53.0,66,41.87025,-87.62305,Chicago
629099599551063519,238.0,6,Entire home/apt,2.0,2.0,2.0,undefined,5,False,4.92,True,53.0,72,41.8701,-87.6252,Chicago
629267245356047033,186.0,2,Entire home/apt,1.0,1.0,1.0,undefined,32,False,5.0,True,23.0,249,41.90068,-87.67025,Chicago
629486854095921812,81.0,2,Entire home/apt,1.0,1.0,1.0,undefined,3,False,4.92,True,1.0,187,41.9354,-87.72392,Chicago
629527305375321152,140.0,6,Entire home/apt,2.0,3.0,2.0,undefined,32,False,4.86,False,4.0,194,41.90749,-87.64227,Chicago
629534849745176751,133.0,6,Entire home/apt,3.0,3.0,1.0,undefined,2,False,4.95,True,5.0,196,41.89169,-87.71647,Chicago
629751313472153815,179.0,4,Entire home/apt,0.0,1.0,1.0,undefined,2,True,4.76,True,80.0,307,41.85358,-87.62331,Chicago
629861241193101588,120.0,4,Entire home/apt,1.0,2.0,1.0,undefined,3,False,4.55,True,2.0,138,41.88225,-87.68099,Chicago
630173602397206113,39.0,1,Private room,1.0,1.0,1.0,undefined,32,False,5.0,True,51.0,355,41.83036,-87.62038,Chicago
630176108437535179,50.0,2,Private room,1.0,1.0,2.0,undefined,1,False,4.75,False,6.0,78,41.79228,-87.64699,Chicago
630187605532806126,42.0,1,Private room,1.0,1.0,1.0,undefined,32,False,5.0,True,51.0,355,41.82883,-87.61992,Chicago
630198084070729440,239.0,4,Entire home/apt,2.0,2.0,1.0,undefined,32,True,5.0,False,,130,41.87723,-87.62901,Chicago
630293308633743126,121.0,4,Entire home/apt,2.0,3.0,1.0,undefined,3,False,5.0,,5.0,299,41.938865601391285,-87.70030894116931,Chicago
630297651910546792,145.0,2,Private room,1.0,1.0,1.0,undefined,1,True,4.8,True,4.0,361,41.919395,-87.77948,Chicago
630326166433305965,146.0,7,Entire home/apt,3.0,3.0,2.0,undefined,2,False,4.74,True,2.0,355,41.87617492675781,-87.69829559326172,Chicago
630339606727801360,354.0,6,Entire home/apt,2.0,3.0,1.0,undefined,2,False,,True,26.0,262,41.93862,-87.75697,Chicago
630355783397948807,147.0,4,Entire home/apt,1.0,2.0,1.0,undefined,2,False,4.91,True,1.0,231,41.89476,-87.660675,Chicago
630486532402180668,39.0,2,Private room,1.0,1.0,1.0,undefined,32,False,5.0,True,5.0,51,41.923119,-87.683525,Chicago
631298805350651005,192.0,6,Entire home/apt,3.0,3.0,2.5,undefined,2,False,4.77,True,4.0,343,41.71153,-87.68136,Chicago
633224373642797274,498.0,14,Entire home/apt,5.0,8.0,3.0,undefined,3,False,5.0,True,1.0,308,41.97388,-87.66251,Chicago
633231151985915385,152.0,6,Entire home/apt,3.0,3.0,1.0,undefined,2,True,4.95,True,1.0,205,41.928295,-87.722275,Chicago
633433690826539871,724.0,8,Entire home/apt,4.0,4.0,3.0,undefined,3,False,5.0,False,8.0,233,41.87372,-87.62819,Chicago
633437532751176862,50.0,3,Private room,1.0,1.0,1.0,undefined,2,True,4.53,False,4.0,140,41.8798,-87.6792,Chicago
633519019612819552,423.0,7,Entire home/apt,3.0,6.0,4.0,undefined,2,False,5.0,True,1.0,226,41.92319,-87.64879,Chicago
633527473532501775,210.0,6,Entire home/apt,2.0,4.0,1.0,undefined,2,False,4.8,False,8.0,350,41.85271,-87.63499,Chicago
633979824372105275,243.0,4,Entire home/apt,2.0,2.0,2.0,undefined,2,True,4.94,True,1.0,330,41.913681,-87.701302,Chicago
634655043034465784,323.0,6,Entire home/apt,2.0,3.0,1.0,undefined,3,False,4.83,True,2.0,225,41.91917230998252,-87.63938675809311,Chicago
635479365765547530,112.0,3,Entire home/apt,2.0,2.0,1.0,undefined,2,False,4.95,False,1.0,94,41.91667175292969,-87.71823120117188,Chicago
636026978804600650,216.0,2,Entire home/apt,1.0,1.0,1.0,undefined,32,True,,False,,298,41.8860812,-87.63422229999998,Chicago
636035754176865924,99.0,2,Private room,1.0,1.0,1.0,undefined,3,False,5.0,False,1.0,77,41.96518,-87.66159,Chicago
636250064064462881,100.0,2,Entire home/apt,1.0,1.0,1.0,undefined,32,False,4.91,True,8.0,342,41.86598,-87.68804,Chicago
636275682012132479,276.0,2,Entire home/apt,0.0,1.0,1.0,undefined,1,True,4.72,True,13.0,350,41.87149,-87.62457,Chicago
636277247685356126,319.0,2,Entire home/apt,1.0,1.0,1.0,undefined,1,True,5.0,True,13.0,345,41.87149,-87.62457,Chicago
636277513363212598,342.0,2,Entire home/apt,1.0,1.0,1.0,undefined,1,True,4.63,True,13.0,355,41.87149,-87.62457,Chicago
636277776535193668,435.0,4,Entire home/apt,2.0,2.0,2.0,undefined,1,True,4.8,True,13.0,342,41.87149,-87.62457,Chicago
636323240073035575,237.0,8,Entire home/apt,5.0,6.0,3.5,undefined,2,False,4.96,True,28.0,159,41.89818002830246,-87.70523525155727,Chicago
636355767032689677,408.0,4,Entire home/apt,2.0,2.0,2.0,undefined,1,True,4.67,True,13.0,350,41.87149,-87.624573,Chicago
636558200225156162,54.0,2,Private room,1.0,1.0,1.0,undefined,32,False,4.33,True,5.0,180,41.92259,-87.68458,Chicago
637186142163100079,222.0,8,Entire home/apt,2.0,3.0,2.0,undefined,2,True,4.89,True,80.0,331,41.85562,-87.62476,Chicago
637197653346993791,271.0,8,Entire home/apt,3.0,3.0,2.0,undefined,2,True,4.73,True,80.0,335,41.85352,-87.62383,Chicago
637206522387025095,92.0,3,Entire home/apt,2.0,2.0,1.0,undefined,32,False,4.71,False,1.0,365,41.805164,-87.674355,Chicago
638186212208469650,233.0,2,Entire home/apt,1.0,1.0,1.0,undefined,32,True,,False,,206,41.8860812,-87.63422229999998,Chicago
638451409169993182,44.0,2,Private room,0.0,1.0,1.0,undefined,2,False,4.78,False,6.0,81,41.79398,-87.64681,Chicago
638482710835258153,41.0,2,Private room,1.0,1.0,1.0,undefined,2,False,4.85,True,7.0,333,41.81698,-87.6929,Chicago
638972815620892181,156.0,5,Private room,2.0,3.0,1.0,undefined,2,False,4.8,True,26.0,255,41.93939,-87.75621,Chicago
639092056792416279,158.0,4,Entire home/apt,2.0,2.0,1.0,undefined,32,False,5.0,True,3.0,363,41.88986,-87.66196,Chicago
639224228936028244,240.0,5,Entire home/apt,3.0,3.0,2.5,undefined,32,True,4.69,False,1.0,365,41.77758,-87.59469,Chicago
639393583719624089,140.0,4,Entire home/apt,2.0,2.0,1.0,undefined,32,False,4.86,False,1.0,313,41.981583,-87.672424,Chicago
639745550659737701,134.0,6,Entire home/apt,2.0,3.0,1.5,undefined,2,False,4.95,True,1.0,145,41.932644,-87.718285,Chicago
639759006877927996,77.0,4,Entire home/apt,2.0,2.0,1.0,undefined,2,False,4.83,True,4.0,125,41.94039,-87.77969,Chicago
639790141148289082,97.0,6,Entire home/apt,1.0,5.0,1.0,undefined,1,False,4.92,False,1.0,346,41.71286010742188,-87.62220764160156,Chicago
639920368906600737,466.0,6,Entire home/apt,2.0,2.0,2.0,undefined,4,False,4.79,False,3.0,0,41.91633,-87.63626,Chicago
640360632827167793,130.0,6,Entire home/apt,2.0,2.0,1.0,undefined,32,False,5.0,False,42.0,365,41.80715,-87.62424,Chicago
640458573079696683,106.0,6,Entire home/apt,1.0,3.0,1.0,undefined,2,False,4.94,True,2.0,313,41.88835,-87.70615,Chicago
640469965697816739,50.0,3,Private room,1.0,2.0,1.0,undefined,2,False,4.76,False,4.0,147,41.88141,-87.67715,Chicago
640491601982265580,38.0,3,Private room,1.0,2.0,1.0,undefined,2,False,4.59,False,4.0,157,41.87976,-87.6779,Chicago
641344088809444688,252.0,16,Entire home/apt,3.0,3.0,3.0,undefined,5,False,4.31,False,4.0,340,41.7819,-87.61014,Chicago
641465120871879330,325.0,16,Entire home/apt,7.0,9.0,3.0,undefined,32,True,4.77,True,3.0,334,41.93488,-87.75874,Chicago
641901975488793641,138.0,4,Entire home/apt,2.0,2.0,1.0,undefined,3,False,4.81,True,1.0,252,41.94036,-87.74019,Chicago
642212147234433335,72.0,4,Entire home/apt,2.0,2.0,1.0,undefined,32,False,5.0,True,9.0,325,41.83551166097462,-87.64701034873724,Chicago
642548893009622947,54.0,1,Private room,1.0,0.0,1.0,undefined,32,False,5.0,True,51.0,360,41.80405,-87.60295,Chicago
642959539251860850,196.0,4,Entire home/apt,2.0,2.0,1.0,undefined,2,True,5.0,False,1.0,46,41.81218,-87.61692,Chicago
643143360745159922,243.0,4,Entire home/apt,2.0,2.0,2.0,undefined,32,True,3.0,False,,349,41.8772287,-87.6290111,Chicago
643404806543302931,420.0,4,Entire home/apt,2.0,2.0,2.0,undefined,1,False,5.0,True,11.0,349,41.94845,-87.65593,Chicago
643615922994248988,107.0,5,Entire home/apt,2.0,2.0,1.0,undefined,33,False,4.78,True,74.0,81,41.78194899751875,-87.74026362135247,Chicago
643679403139470097,128.0,4,Private room,2.0,2.0,1.0,undefined,2,True,4.92,True,3.0,282,41.9714241,-87.7528777,Chicago
643894304420034817,207.0,2,Entire home/apt,1.0,1.0,1.0,undefined,32,True,3.0,False,,285,41.98397,-87.65545,Chicago
643894696943783662,210.0,2,Entire home/apt,1.0,1.0,1.0,undefined,32,True,,False,,267,41.98397,-87.65545,Chicago
643897568941247053,171.0,6,Entire home/apt,2.0,3.0,2.0,undefined,6,True,4.64,True,61.0,231,41.88619,-87.62677,Chicago
644730501256968407,130.0,4,Entire home/apt,2.0,2.0,1.0,undefined,3,False,4.84,True,1.0,257,41.94448,-87.72051,Chicago
644753978447826060,186.0,2,Entire home/apt,1.0,1.0,1.0,undefined,32,True,,False,,313,41.87710939999999,-87.6338518,Chicago
644863764114762742,190.0,3,Entire home/apt,1.0,1.0,1.0,undefined,32,False,5.0,True,131.0,101,41.88462,-87.62591,Chicago
644876126977164218,140.0,2,Entire home/apt,1.0,1.0,1.0,undefined,2,False,4.76,False,4.0,245,41.91815,-87.67558,Chicago
644879181786251141,75.0,1,Private room,1.0,1.0,1.0,undefined,32,True,,False,3.0,365,41.97251,-87.72698,Chicago
644881246160753977,199.0,3,Entire home/apt,1.0,1.0,1.0,undefined,32,False,,True,131.0,89,41.89813,-87.63209,Chicago
644934781970464682,142.0,4,Entire home/apt,1.0,1.0,1.0,undefined,3,False,4.44,False,4.0,244,41.85713784775504,-87.66396023333073,Chicago
645305104897024342,199.0,2,Entire home/apt,1.0,1.0,1.0,undefined,32,True,,False,,252,41.88501,-87.64403,Chicago
645785693593444324,118.0,4,Entire home/apt,2.0,0.0,1.0,undefined,2,False,4.76,True,2.0,59,41.78327,-87.61181,Chicago
646196695872568403,141.0,8,Entire home/apt,4.0,6.0,1.5,undefined,3,False,4.78,False,19.0,32,41.76217,-87.59189,Chicago
646328042905468802,190.0,4,Entire home/apt,2.0,2.0,1.0,undefined,32,False,5.0,True,2.0,223,41.8951123,-87.62663889999999,Chicago
646386625230152396,232.0,2,Private room,1.0,1.0,1.0,undefined,1,True,4.52,True,18.0,67,41.88552,-87.62849,Chicago
646386647082376641,232.0,2,Private room,1.0,1.0,1.0,undefined,1,True,4.76,True,18.0,61,41.88397,-87.62794,Chicago
647197491411578310,32.0,1,Private room,1.0,1.0,1.0,undefined,32,False,5.0,True,1.0,114,41.78505,-87.59654,Chicago
647887169347763623,171.0,2,Entire home/apt,1.0,1.0,1.0,undefined,3,False,4.97,False,2.0,333,41.9780559,-87.6808843,Chicago
648069647815374890,85.0,2,Private room,1.0,1.0,1.0,undefined,32,False,4.73,False,3.0,364,41.84558,-87.62693,Chicago
648538391001763517,185.0,2,Entire home/apt,1.0,1.0,1.0,undefined,32,False,5.0,True,131.0,158,41.88645,-87.63904,Chicago
648680183790580891,598.0,12,Entire home/apt,5.0,6.0,3.0,undefined,3,False,4.99,,39.0,304,41.91064,-87.69109,Chicago
648818181931720081,184.0,2,Entire home/apt,1.0,1.0,1.0,undefined,32,False,5.0,True,23.0,313,41.9002,-87.67133,Chicago
649123544321953802,200.0,2,Entire home/apt,1.0,1.0,1.0,undefined,32,True,,False,3.0,269,41.90803,-87.63155,Chicago
649144703975839833,180.0,6,Entire home/apt,3.0,4.0,2.0,undefined,3,False,4.91,True,3.0,349,41.90553,-87.69597,Chicago
649366334604413975,95.0,3,Entire home/apt,1.0,1.0,1.0,undefined,3,False,4.77,True,18.0,349,41.9775526,-87.6934405,Chicago
649465473392034507,71.0,2,Entire home/apt,1.0,1.0,1.0,undefined,2,False,4.55,False,1.0,327,41.8068107,-87.7219644,Chicago
649476858911076646,204.0,6,Entire home/apt,2.0,3.0,2.0,undefined,2,False,4.91,True,43.0,86,41.90913714931817,-87.67475991635607,Chicago
649906858536454609,575.0,16,Entire home/apt,5.0,10.0,3.0,undefined,2,False,4.85,True,41.0,69,41.8903205,-87.6507402,Chicago
649974943915158739,1288.0,12,Entire home/apt,5.0,7.0,7.5,undefined,3,False,4.97,True,1.0,278,41.90919,-87.6375,Chicago
649987969908932555,95.0,6,Entire home/apt,3.0,3.0,1.0,undefined,2,False,4.73,True,28.0,261,41.96057,-87.72264,Chicago
650109685913019875,312.0,6,Entire home/apt,3.0,3.0,2.0,undefined,2,False,4.97,True,1.0,59,41.9008279,-87.67083939999999,Chicago
650160703312946665,165.0,4,Entire home/apt,2.0,3.0,1.0,undefined,32,False,4.71,False,3.0,262,41.91998,-87.72949,Chicago
650164651310033026,165.0,3,Entire home/apt,1.0,1.0,1.0,undefined,32,False,,True,131.0,130,41.88332878003284,-87.63333353612747,Chicago
650243229976365340,218.0,2,Entire home/apt,1.0,1.0,1.0,undefined,32,False,5.0,True,23.0,266,41.90010786364891,-87.66906328813116,Chicago
650312281871362327,65.0,4,Entire home/apt,2.0,3.0,1.0,undefined,32,False,,False,1.0,310,41.85172124174825,-87.71538354456425,Chicago
650992044406663284,275.0,8,Entire home/apt,3.0,5.0,2.0,undefined,2,True,4.93,True,2.0,355,41.97853,-87.76765,Chicago
651311198793349838,232.0,2,Private room,1.0,1.0,1.0,undefined,1,True,4.75,True,18.0,61,41.884,-87.62837,Chicago
651315067121164451,232.0,2,Private room,1.0,1.0,1.0,undefined,1,True,4.8,True,18.0,62,41.88511,-87.63007,Chicago
651319628968279396,232.0,2,Private room,1.0,1.0,1.0,undefined,1,True,4.67,True,18.0,62,41.88396,-87.62851,Chicago
651484679090664597,118.0,4,Entire home/apt,2.0,2.0,1.0,undefined,2,False,4.93,True,1.0,146,41.85488,-87.67943,Chicago
651488133561343975,463.0,6,Entire home/apt,3.0,3.0,2.5,undefined,3,False,4.79,False,2.0,137,41.88571160142535,-87.65285454690456,Chicago
652314641237026985,163.0,5,Entire home/apt,3.0,3.0,2.5,undefined,32,False,,False,1.0,365,41.7948435,-87.62744959999999,Chicago
653065502789340325,250.0,6,Entire home/apt,2.0,3.0,1.0,undefined,3,False,4.88,True,1.0,341,41.91447489999999,-87.669347,Chicago
653195679606764609,248.0,2,Entire home/apt,1.0,1.0,1.0,undefined,32,True,,False,8.0,365,41.95544767654231,-87.69273660535495,Chicago
653512613542742469,106.0,2,Entire home/apt,0.0,1.0,1.0,undefined,2,True,4.41,False,1.0,341,41.85271,-87.6853,Chicago
653763664101566615,132.0,10,Entire home/apt,3.0,4.0,1.0,undefined,32,False,4.83,True,9.0,151,41.9487562,-87.658909,Chicago
654249001641943313,89.0,2,Private room,1.0,1.0,1.0,undefined,2,False,5.0,True,26.0,256,41.93939,-87.75621,Chicago
654394258321810408,413.0,6,Entire home/apt,2.0,2.0,3.0,undefined,4,False,4.99,True,2.0,229,41.92207,-87.64025,Chicago
654617661072150372,132.0,2,Entire home/apt,1.0,1.0,1.0,undefined,365,True,,False,1.0,359,41.89824706298495,-87.62158066034317,Chicago
655080337964436331,433.0,8,Entire home/apt,3.0,5.0,2.5,undefined,1,False,4.79,True,1.0,349,41.82333,-87.62515,Chicago
655174100685660152,130.0,2,Entire home/apt,1.0,1.0,1.0,undefined,32,False,5.0,True,131.0,179,41.87782021567431,-87.64779520509086,Chicago
655201560077947130,92.0,5,Private room,1.0,3.0,1.0,undefined,2,False,4.95,True,1.0,10,41.91790107490105,-87.70725715767212,Chicago
655255330176064897,72.0,2,Private room,1.0,1.0,1.0,undefined,2,False,4.0,False,5.0,336,41.9001,-87.7565,Chicago
655441181710604907,167.0,12,Entire home/apt,5.0,7.0,2.0,undefined,32,False,,False,183.0,179,41.7749,-87.77385,Chicago
655602871872659496,129.0,4,Entire home/apt,1.0,2.0,1.0,undefined,2,False,4.86,True,1.0,88,41.8963,-87.68361,Chicago
658020245147652462,176.0,6,Entire home/apt,3.0,3.0,1.0,undefined,2,False,4.83,True,6.0,276,41.7743,-87.61273,Chicago
658174043006808192,55.0,1,Private room,1.0,1.0,2.0,undefined,2,False,4.55,False,6.0,177,41.85235,-87.7073,Chicago
658436757339716693,284.0,12,Entire home/apt,5.0,6.0,3.5,undefined,32,False,,False,183.0,110,41.74631,-87.615,Chicago
658473034991914255,105.0,4,Entire home/apt,2.0,3.0,1.0,undefined,2,False,4.87,True,3.0,137,41.95608,-87.69181,Chicago
658890333443186875,69.0,5,Entire home/apt,2.0,2.0,1.0,undefined,32,True,4.67,False,3.0,357,41.78686,-87.62877,Chicago
658904039082440625,69.0,5,Entire home/apt,2.0,2.0,1.0,undefined,32,True,4.57,False,3.0,290,41.78681,-87.62855,Chicago
659499704359748152,405.0,6,Entire home/apt,3.0,4.0,2.0,undefined,2,False,4.77,True,29.0,257,41.8986092,-87.6206819,Chicago
659645330677965914,178.0,3,Entire home/apt,0.0,2.0,1.0,undefined,3,False,4.97,True,5.0,281,41.9669264,-87.69449619999999,Chicago
660108949014721674,350.0,7,Entire home/apt,3.0,3.0,3.0,undefined,1,False,4.79,False,1.0,229,41.7315309,-87.54722149999999,Chicago
660417700935353935,213.0,2,Entire home/apt,1.0,1.0,1.0,undefined,32,True,,False,2.0,365,41.89218,-87.64744,Chicago
660465263800127445,214.0,6,Entire home/apt,3.0,3.0,2.0,undefined,2,True,4.82,False,46.0,351,41.85394,-87.6273,Chicago
660706955664750310,149.0,6,Entire home/apt,3.0,5.0,1.5,undefined,2,False,4.79,True,1.0,49,41.9038998,-87.71982349999999,Chicago
660920869163406496,244.0,4,Entire home/apt,1.0,2.0,1.0,undefined,2,False,4.82,True,9.0,286,41.8541152,-87.6227943,Chicago
661055563086986519,373.0,5,Entire home/apt,2.0,3.0,1.0,undefined,2,False,4.71,False,3.0,362,41.79591,-87.58991,Chicago
661335305594513869,133.0,4,Entire home/apt,2.0,2.0,1.0,undefined,2,False,4.94,,5.0,69,41.8382,-87.6487,Chicago
662002660738084001,300.0,8,Entire home/apt,4.0,4.0,2.0,undefined,1,False,4.65,False,2.0,170,41.78015,-87.60028,Chicago
662573452641798691,138.0,4,Entire home/apt,1.0,1.0,1.0,undefined,32,False,4.45,True,17.0,89,41.90883,-87.63511,Chicago
662945260229777032,317.0,8,Entire home/apt,3.0,5.0,2.0,undefined,1,False,4.78,False,1.0,361,41.93974,-87.7853,Chicago
663129806292383761,307.0,4,Entire home/apt,1.0,2.0,1.0,undefined,1,True,4.69,True,10.0,177,41.90541,-87.67387,Chicago
663198214586389984,114.0,6,Entire home/apt,3.0,4.0,2.0,undefined,2,False,4.55,False,2.0,264,41.92188,-87.71994,Chicago
663669574638185155,138.0,9,Entire home/apt,3.0,5.0,1.0,undefined,2,False,4.74,False,5.0,79,41.843291,-87.658006,Chicago
663974186332507855,56.0,2,Private room,3.0,1.0,1.0,undefined,1,False,4.69,False,8.0,357,41.96825,-87.72254,Chicago
664635366668990924,145.0,2,Entire home/apt,1.0,1.0,1.0,undefined,7,True,4.56,False,5.0,57,41.868706191568194,-87.68478203029265,Chicago
664725623771057757,736.0,14,Entire home/apt,4.0,8.0,2.0,undefined,3,True,4.94,True,3.0,155,41.94898,-87.65887,Chicago
665791266661725998,157.0,4,Entire home/apt,2.0,3.0,1.0,undefined,32,False,4.46,False,3.0,330,41.92206,-87.73151,Chicago
665917549123068457,155.0,1,Private room,1.0,1.0,1.0,undefined,32,True,,False,2.0,365,41.93964,-87.67721,Chicago
666380301090914052,213.0,2,Entire home/apt,1.0,1.0,1.0,undefined,32,True,,False,,251,41.8670646,-87.6231114,Chicago
666700003558414873,121.0,6,Entire home/apt,2.0,3.0,1.0,undefined,2,False,4.61,,9.0,10,41.91125,-87.70664,Chicago
666709470531177280,232.0,2,Private room,1.0,1.0,1.0,undefined,1,True,4.92,True,18.0,61,41.88366,-87.62815,Chicago
667336979048462619,403.0,12,Entire home/apt,4.0,6.0,2.0,undefined,2,False,4.88,True,3.0,355,41.877,-87.68389,Chicago
667889958572734316,274.0,8,Entire home/apt,4.0,5.0,2.0,undefined,1,True,4.94,True,1.0,352,41.9533126,-87.7060424,Chicago
667948957684071177,191.0,4,Entire home/apt,2.0,2.0,2.0,undefined,2,False,4.78,True,1.0,308,41.83383,-87.62166,Chicago
668194691463853399,141.0,6,Entire home/apt,3.0,3.0,1.0,undefined,2,False,4.87,True,13.0,76,41.94436,-87.73455,Chicago
668226569851234822,175.0,2,Entire home/apt,1.0,1.0,1.0,undefined,3,True,4.8,True,4.0,4,41.907315,-87.6702686,Chicago
668726727255245788,90.0,12,Entire home/apt,3.0,6.0,3.0,undefined,32,False,4.52,False,24.0,364,41.95571,-87.653756,Chicago
668932652455639020,106.0,5,Entire home/apt,2.0,2.0,1.0,undefined,2,False,4.78,True,3.0,310,41.78051920525724,-87.71074609364013,Chicago
668958388730805856,319.0,10,Entire home/apt,4.0,6.0,2.0,undefined,2,False,4.75,True,17.0,338,41.89147,-87.67062,Chicago
669222996858014350,209.0,4,Entire home/apt,2.0,4.0,1.5,undefined,1,False,4.97,True,2.0,295,41.81354,-87.60016,Chicago
669577510168739004,85.0,5,Entire home/apt,2.0,3.0,1.0,undefined,32,False,4.93,False,1.0,28,41.85761,-87.68161,Chicago
669783943010412759,275.0,8,Entire home/apt,3.0,4.0,2.0,undefined,2,True,4.72,False,46.0,352,41.85436,-87.62487,Chicago
669850901654310442,160.0,4,Entire home/apt,2.0,3.0,1.0,undefined,2,False,4.97,True,7.0,83,41.96671,-87.72085,Chicago
670265497248401810,130.0,4,Entire home/apt,2.0,2.0,2.0,undefined,32,False,4.5,False,1.0,164,41.9365304729658,-87.6830035745537,Chicago
670695401930795029,230.0,2,Entire home/apt,1.0,1.0,1.0,undefined,32,True,5.0,False,,207,41.8860812,-87.63422229999998,Chicago
670696013417520622,202.0,2,Entire home/apt,1.0,1.0,1.0,undefined,32,True,,False,,365,41.8772287,-87.6290111,Chicago
670960177752658643,87.0,2,Entire home/apt,1.0,1.0,1.0,undefined,3,False,4.6,False,6.0,362,41.73268,-87.58369,Chicago
671015054572757157,234.0,4,Entire home/apt,0.0,1.0,1.0,undefined,2,False,4.95,True,1.0,230,41.870133978662686,-87.66136668465576,Chicago
671196671918910923,49.0,2,Private room,1.0,1.0,1.5,undefined,2,False,4.86,False,2.0,295,41.71526,-87.67125,Chicago
671364559802877118,98.0,1,Entire home/apt,1.0,0.0,0.0,undefined,360,False,,False,201.0,365,41.879888832532025,-87.62626894688736,Chicago
671454153913696950,62.0,3,Private room,1.0,1.0,2.0,undefined,1,False,4.3,False,4.0,234,41.89084,-87.71884,Chicago
671643238802933996,232.0,2,Private room,1.0,1.0,1.0,undefined,1,True,4.66,True,18.0,62,41.88566,-87.62969,Chicago
672378117100072720,167.0,6,Entire home/apt,3.0,4.0,1.0,undefined,2,False,4.8,True,1.0,335,41.94185,-87.71603,Chicago
672457858761187424,210.0,5,Entire home/apt,3.0,3.0,1.0,undefined,3,False,4.83,False,1.0,85,41.81928715351932,-87.68889954658127,Chicago
672520701792298609,136.0,8,Entire home/apt,3.0,4.0,1.0,undefined,2,True,4.72,False,1.0,349,41.73255,-87.65927,Chicago
672611306442525889,111.0,6,Entire home/apt,3.0,3.0,1.0,undefined,2,True,4.93,False,1.0,51,41.93702,-87.73187,Chicago
673118016279684903,229.0,14,Entire home/apt,3.0,5.0,2.5,undefined,3,False,4.69,False,5.0,95,41.89472,-87.66145,Chicago
673254723957992295,96.0,3,Entire home/apt,0.0,1.0,1.0,undefined,32,False,,False,4.0,352,41.93456272228046,-87.64369815587997,Chicago
673288547514515284,211.0,4,Entire home/apt,2.0,2.0,1.0,undefined,32,True,,False,4.0,365,41.75292,-87.65494,Chicago
673333633058832340,214.0,6,Entire home/apt,3.0,3.0,1.0,undefined,2,True,4.87,True,5.0,348,41.9318544,-87.6686795,Chicago
673743968124300992,76.0,4,Private room,2.0,2.0,1.5,undefined,1,False,4.98,True,1.0,248,42.00522,-87.66517,Chicago
673811607344083923,158.0,6,Entire home/apt,2.0,3.0,1.0,undefined,2,True,4.96,True,6.0,50,41.9549751,-87.7156646,Chicago
673941096965423234,113.0,2,Entire home/apt,1.0,1.0,1.0,undefined,2,False,4.95,True,30.0,321,41.95807,-87.66866,Chicago
673953255538696495,156.0,6,Entire home/apt,2.0,3.0,2.0,undefined,2,False,4.98,True,1.0,152,41.84186,-87.66377,Chicago
674051840841851030,86.0,5,Entire home/apt,3.0,3.0,2.0,undefined,32,True,4.43,False,1.0,365,41.79219,-87.73666,Chicago
674610280616274959,54.0,2,Private room,1.0,1.0,2.0,undefined,2,False,4.68,False,6.0,357,41.87148,-87.72806,Chicago
674784129156953603,85.0,4,Private room,1.0,3.0,1.0,undefined,32,False,,False,6.0,269,41.9265729,-87.6513112,Chicago
674821388812462492,116.0,4,Entire home/apt,1.0,1.0,1.0,undefined,1,True,4.82,True,7.0,316,41.954628,-87.729225,Chicago
675337213312155298,205.0,10,Entire home/apt,5.0,7.0,2.0,undefined,3,False,4.79,True,7.0,258,41.93107,-87.70208,Chicago
675517167083229721,83.0,4,Entire home/apt,2.0,0.0,1.0,undefined,32,False,4.67,True,14.0,333,41.85785,-87.71411,Chicago
675775899824850295,258.0,2,Entire home/apt,1.0,1.0,1.0,undefined,32,True,5.0,False,,210,41.87710939999999,-87.6338518,Chicago
675971470747654897,238.0,5,Entire home/apt,3.0,3.0,1.0,undefined,28,False,4.95,True,4.0,245,41.9096274,-87.6850205,Chicago
676051157488951819,46.0,1,Private room,1.0,1.0,1.0,undefined,32,False,5.0,True,51.0,290,41.78400901143375,-87.60750278444651,Chicago
676072392303316967,49.0,1,Private room,1.0,1.0,1.0,undefined,32,False,5.0,True,51.0,296,41.80361056124629,-87.60224743257864,Chicago
676173347959786110,182.0,6,Entire home/apt,2.0,4.0,2.0,undefined,2,False,4.98,True,1.0,304,41.913433,-87.6802749,Chicago
676184576758601428,615.0,12,Entire home/apt,3.0,5.0,3.5,undefined,2,False,4.89,False,1.0,97,41.96320316781721,-87.69594130422972,Chicago
676247236923508021,174.0,4,Entire home/apt,2.0,2.0,1.0,undefined,1,False,4.98,True,1.0,44,41.93102,-87.7163,Chicago
676392462332392618,192.0,6,Entire home/apt,3.0,3.0,1.0,undefined,3,False,5.0,True,2.0,185,41.9253312,-87.724063,Chicago
676485613514688437,317.0,4,Entire home/apt,2.0,2.0,2.0,undefined,32,True,5.0,False,,328,41.8670646,-87.6231114,Chicago
676699980414872249,215.0,4,Entire home/apt,2.0,2.0,2.0,undefined,32,False,4.4,False,1.0,161,41.90847,-87.6928,Chicago
677514680899554957,165.0,3,Entire home/apt,1.0,1.0,1.0,undefined,32,False,5.0,,4.0,352,41.9720541,-87.7003617,Chicago
678151695599668865,416.0,11,Entire home/apt,4.0,6.0,2.5,undefined,2,False,4.96,False,3.0,247,41.82616,-87.60244,Chicago
678491328369179543,250.0,6,Entire home/apt,3.0,3.0,2.5,undefined,2,False,4.98,True,2.0,170,41.7644407,-87.5904564,Chicago
678539247301978769,91.0,2,Private room,1.0,1.0,1.0,undefined,2,True,4.77,True,6.0,349,41.83885,-87.6405,Chicago
679762917597826939,80.0,4,Private room,1.0,3.0,1.5,undefined,32,True,,False,6.0,365,41.92556,-87.65245,Chicago
681130017510159481,258.0,5,Entire home/apt,2.0,0.0,1.0,undefined,2,True,4.97,True,1.0,187,41.910087325804646,-87.67713835158995,Chicago
681169771390797769,48.0,1,Private room,1.0,1.0,2.0,undefined,1,False,4.59,False,4.0,234,41.89073,-87.72045,Chicago
681230186812530893,148.0,5,Entire home/apt,2.0,2.0,1.0,undefined,1,False,4.58,False,5.0,360,41.7445,-87.61156,Chicago
681340075781451400,273.0,10,Entire home/apt,3.0,4.0,2.0,undefined,2,True,4.84,True,80.0,342,41.85517,-87.62513,Chicago
681583286742312868,183.0,2,Entire home/apt,1.0,1.0,1.0,undefined,32,True,,False,,304,41.8982194,-87.6284907,Chicago
681809013516648501,193.0,4,Entire home/apt,2.0,2.0,1.0,undefined,2,False,4.92,False,1.0,360,41.75354919999999,-87.5819286,Chicago
682441939455372233,312.0,10,Entire home/apt,3.0,5.0,2.0,undefined,32,False,4.7,False,32.0,261,41.9446072,-87.6601745,Chicago
683463856603128422,377.0,8,Entire home/apt,3.0,4.0,2.0,undefined,2,False,4.9,True,9.0,297,41.854115188894,-87.62279435992241,Chicago
683756507859837596,198.0,2,Entire home/apt,1.0,1.0,1.0,undefined,32,True,,False,,200,41.94517299999999,-87.641759,Chicago
684663898541540791,163.0,6,Entire home/apt,3.0,3.0,2.0,undefined,2,True,4.76,True,3.0,347,41.78403,-87.6137,Chicago
684750963539212417,148.0,4,Entire home/apt,1.0,1.0,1.0,undefined,2,False,4.96,True,1.0,310,41.92341929041935,-87.68812857892556,Chicago
684871853638837580,56.0,5,Entire home/apt,3.0,2.0,1.0,undefined,32,False,4.5,False,6.0,356,41.74894,-87.61656,Chicago
685089115723500164,249.0,8,Entire home/apt,3.0,4.0,2.0,undefined,2,True,4.76,False,46.0,354,41.85613,-87.6258,Chicago
685488587890047473,90.0,2,Private room,1.0,2.0,1.0,undefined,2,True,4.8,True,6.0,362,41.83813,-87.64127,Chicago
685640994179773880,109.0,10,Entire home/apt,3.0,5.0,1.0,undefined,32,False,4.78,True,18.0,353,41.9229707,-87.7257884,Chicago
686250966406371576,97.0,2,Entire home/apt,1.0,2.0,1.0,undefined,32,False,5.0,False,2.0,257,41.90718,-87.66758,Chicago
686257336261313605,210.0,6,Entire home/apt,2.0,4.0,2.0,undefined,2,True,4.97,True,3.0,22,41.96134300000001,-87.656666,Chicago
686767737226084306,182.0,2,Entire home/apt,0.0,1.0,1.0,undefined,4,False,4.93,True,53.0,71,41.87021,-87.62513,Chicago
687634865143981883,80.0,2,Entire home/apt,0.0,1.0,1.0,undefined,1,False,4.74,False,17.0,335,41.96874,-87.65931,Chicago
687700770762472438,168.0,10,Entire home/apt,2.0,2.0,1.0,undefined,2,False,4.95,True,1.0,280,41.94104,-87.67429,Chicago
687897199203990887,144.0,6,Entire home/apt,2.0,3.0,1.0,undefined,2,True,4.83,,32.0,174,41.8582967,-87.64751509999999,Chicago
687992663325028618,497.0,8,Entire home/apt,3.0,3.0,2.5,undefined,2,False,4.98,False,1.0,317,41.89575680282838,-87.63423068241067,Chicago
688286334218297067,80.0,2,Entire home/apt,1.0,1.0,1.0,undefined,1,False,4.8,False,17.0,332,41.96668,-87.65913,Chicago
688334639074326203,80.0,2,Entire home/apt,1.0,1.0,1.0,undefined,1,False,4.83,False,17.0,340,41.96749,-87.66119,Chicago
688455980810539382,175.0,6,Entire home/apt,3.0,4.0,1.0,undefined,32,False,4.67,True,3.0,325,41.8458,-87.64369,Chicago
688819868677420151,199.0,2,Entire home/apt,1.0,1.0,1.0,undefined,32,True,5.0,False,,53,41.876299,-87.6537208,Chicago
689274585597211003,142.0,4,Entire home/apt,1.0,1.0,1.0,undefined,1,False,4.95,True,1.0,344,41.90287,-87.68804,Chicago
689867740143166157,79.0,2,Private room,1.0,1.0,1.0,undefined,1,False,4.85,True,1.0,62,41.93483,-87.64543,Chicago
690407010596749053,20.0,1,Shared room,1.0,0.0,2.0,undefined,1,False,,True,20.0,329,42.01744,-87.68881,Chicago
691001213391970027,338.0,4,Entire home/apt,2.0,2.0,2.0,undefined,32,True,,False,,324,41.9404106,-87.64149839999999,Chicago
691083845231626916,92.0,3,Entire home/apt,1.0,1.0,1.0,undefined,2,True,,False,3.0,269,42.01597293531072,-87.68487950180152,Chicago
691134333138891350,100.0,5,Entire home/apt,2.0,4.0,1.5,undefined,40,False,5.0,False,4.0,114,41.92774798778959,-87.70460555257793,Chicago
691309129299425143,339.0,2,Entire home/apt,0.0,1.0,1.0,undefined,1,True,4.72,False,73.0,339,41.89482,-87.62995,Chicago
691312221570467988,594.0,6,Entire home/apt,2.0,3.0,1.5,undefined,1,True,4.73,False,73.0,248,41.89288,-87.63099,Chicago
691316273218731600,348.0,2,Entire home/apt,1.0,1.0,1.0,undefined,1,True,4.73,False,73.0,325,41.89275,-87.63095,Chicago
691318629391940760,536.0,4,Entire home/apt,2.0,2.0,1.0,undefined,1,True,4.74,False,73.0,318,41.89321,-87.6316,Chicago
691322048105899974,589.0,6,Entire home/apt,2.0,3.0,2.0,undefined,1,True,4.71,False,73.0,320,41.89432,-87.63122,Chicago
691326038792581803,231.0,6,Entire home/apt,2.0,3.0,3.0,undefined,1,True,4.82,False,73.0,241,41.89312,-87.6298,Chicago
691332488194992513,643.0,6,Entire home/apt,3.0,3.0,2.0,undefined,1,True,4.71,False,73.0,305,41.89435,-87.62933,Chicago
691834194332777776,213.0,2,Entire home/apt,1.0,1.0,1.0,undefined,32,True,4.0,False,,209,41.86350729999999,-87.62375089999999,Chicago
691839303832373241,117.0,6,Entire home/apt,2.0,4.0,1.0,undefined,2,False,4.52,False,2.0,341,41.81361,-87.64306,Chicago
692044455210094120,196.0,4,Entire home/apt,1.0,2.0,1.0,undefined,32,False,4.47,False,2.0,365,41.83901,-87.6156,Chicago
692075993209327711,35.0,2,Private room,1.0,4.0,1.0,undefined,32,False,4.5,False,2.0,70,41.7753629,-87.7500599,Chicago
692728233889523110,213.0,3,Entire home/apt,1.0,2.0,1.0,undefined,32,True,,False,3.0,365,41.87254,-87.62586,Chicago
693600211946568706,123.0,4,Entire home/apt,2.0,2.0,1.0,undefined,2,False,4.85,True,3.0,321,41.85351,-87.6832,Chicago
694723529328289405,155.0,2,Entire home/apt,0.0,1.0,1.0,undefined,32,True,,False,,85,41.86350729999999,-87.62375089999999,Chicago
694725752603540579,199.0,2,Entire home/apt,1.0,1.0,1.0,undefined,32,True,,False,,207,41.87710939999999,-87.6338518,Chicago
695325196244258853,200.0,2,Entire home/apt,1.0,1.0,1.0,undefined,32,True,5.0,False,,328,41.8670646,-87.6231114,Chicago
695652663607624015,326.0,12,Entire home/apt,5.0,6.0,2.0,undefined,2,False,4.97,True,2.0,259,41.96784,-87.70556,Chicago
695959922959963960,65.0,2,Private room,1.0,1.0,1.0,undefined,3,True,4.78,True,6.0,337,41.86516,-87.65575,Chicago
696927122155046737,144.0,3,Entire home/apt,1.0,1.0,1.0,undefined,60,False,5.0,True,123.0,334,41.8897562695356,-87.61728133834657,Chicago
696938153210729711,144.0,3,Entire home/apt,1.0,1.0,1.0,undefined,60,False,5.0,True,123.0,356,41.88808,-87.62069,Chicago
696946811670176035,163.0,3,Entire home/apt,1.0,1.0,1.0,undefined,60,False,5.0,True,123.0,317,41.88725764140599,-87.61833308848419,Chicago
697074182419703604,175.0,2,Entire home/apt,1.0,1.0,1.0,undefined,32,False,,True,131.0,66,41.88097,-87.64565,Chicago
697425620013484316,562.0,12,Entire home/apt,4.0,6.0,2.5,undefined,2,False,4.91,False,12.0,317,41.90963,-87.64044,Chicago
697828213237048163,81.0,4,Entire home/apt,2.0,2.0,1.0,undefined,32,False,5.0,True,15.0,141,41.8474879,-87.68275299999999,Chicago
697860758521576187,177.0,5,Entire home/apt,2.0,4.0,1.0,undefined,1,False,4.98,True,1.0,330,41.83129,-87.67288,Chicago
697907130749513860,102.0,1,Entire home/apt,1.0,1.0,1.0,undefined,32,False,4.57,False,4.0,146,41.900179,-87.68227519999999,Chicago
699280220847287025,146.0,7,Entire home/apt,2.0,2.0,1.0,undefined,2,False,4.81,True,4.0,322,41.85341,-87.66955,Chicago
699832597797268349,679.0,14,Entire home/apt,6.0,6.0,3.5,undefined,32,False,4.77,True,17.0,180,41.87953,-87.682,Chicago
699893435812202605,2400.0,14,Entire home/apt,5.0,9.0,6.5,undefined,2,True,5.0,,3.0,358,41.90292,-87.62801,Chicago
699925042081907270,646.0,8,Entire home/apt,4.0,6.0,3.5,undefined,3,False,,False,1.0,326,41.85764,-87.64465,Chicago
699927505136500413,4500.0,12,Entire home/apt,5.0,10.0,3.5,undefined,3,False,5.0,False,4.0,359,41.92252,-87.64536,Chicago
699927757518228053,329.0,2,Entire home/apt,1.0,1.0,1.0,undefined,1,True,4.59,True,13.0,355,41.87149,-87.62457,Chicago
700016079489822320,79.0,2,Entire home/apt,1.0,1.0,1.0,undefined,32,True,4.8,False,1.0,319,41.95583,-87.73072,Chicago
700062925425980212,189.0,8,Entire home/apt,2.0,3.0,2.0,undefined,2,True,4.69,True,80.0,348,41.8556,-87.6234,Chicago
700070970544464062,639.0,16,Entire home/apt,4.0,11.0,4.5,undefined,2,True,4.88,True,41.0,80,41.8903205,-87.6507402,Chicago
700201917924451492,90.0,4,Entire home/apt,2.0,2.0,1.0,undefined,2,False,4.73,False,2.0,126,41.966834,-87.668033,Chicago
700219220847904319,104.0,4,Entire home/apt,2.0,2.0,1.0,undefined,2,False,4.74,True,1.0,151,41.966834,-87.668033,Chicago
700267927388746877,197.0,5,Entire home/apt,2.0,2.0,2.0,undefined,1,False,4.89,True,7.0,361,41.87481229999999,-87.68987849999999,Chicago
700756881572123144,90.0,4,Entire home/apt,2.0,2.0,1.0,undefined,1,False,4.96,True,15.0,304,41.83700611545236,-87.6506780011524,Chicago
700788215071379750,236.0,7,Entire home/apt,3.0,4.0,2.0,undefined,2,False,4.93,True,2.0,283,41.90415,-87.68843,Chicago
700938257605355958,138.0,6,Entire home/apt,2.0,2.0,2.0,undefined,2,False,4.97,True,1.0,248,41.93291,-87.7927,Chicago
701061003322026604,267.0,2,Entire home/apt,1.0,1.0,1.0,undefined,32,False,,True,13.0,206,41.881,-87.6477,Chicago
701150071038475143,187.0,2,Entire home/apt,1.0,1.0,1.0,undefined,32,True,,False,,281,41.86350729999999,-87.62375089999999,Chicago
701311860787764868,212.0,8,Entire home/apt,3.0,3.0,1.0,undefined,2,True,4.74,False,46.0,358,41.85461,-87.62779,Chicago
701344393800438292,239.0,6,Entire home/apt,3.0,3.0,2.0,undefined,2,True,4.92,False,46.0,351,41.85592,-87.6257,Chicago
701445073899113339,126.0,4,Entire home/apt,2.0,4.0,1.0,undefined,2,False,4.94,True,1.0,331,41.9468773,-87.7046759,Chicago
701678386029960660,166.0,6,Entire home/apt,3.0,3.0,2.0,undefined,1,True,4.8,True,2.0,347,41.8371533,-87.66662339999999,Chicago
701986904653138052,184.0,2,Entire home/apt,0.0,1.0,1.0,undefined,32,True,,False,,86,41.876299,-87.6537208,Chicago
701987560432934044,189.0,2,Entire home/apt,1.0,1.0,1.0,undefined,32,True,,False,,248,41.8763,-87.65371999999999,Chicago
702291512504420543,272.0,7,Entire home/apt,2.0,4.0,1.0,undefined,2,False,4.86,True,43.0,67,41.91026,-87.63333,Chicago
702544116820304209,156.0,2,Entire home/apt,1.0,1.0,1.0,undefined,30,False,4.95,True,3.0,327,41.919033,-87.68082419999999,Chicago
702820957164744664,63.0,2,Entire home/apt,1.0,1.0,1.0,undefined,30,False,4.9,False,2.0,35,41.92275,-87.70917,Chicago
702836880005307297,155.0,8,Entire home/apt,3.0,3.0,2.0,undefined,2,True,4.65,False,16.0,347,41.89611,-87.67524,Chicago
703093444248279743,399.0,5,Entire home/apt,2.0,3.0,2.0,undefined,2,True,4.88,True,136.0,334,41.8811582,-87.63163139999999,Chicago
703770416622290119,427.0,5,Entire home/apt,2.0,3.0,2.0,undefined,2,True,4.89,True,136.0,319,41.881158,-87.631631,Chicago
703824700652249138,166.0,10,Entire home/apt,4.0,4.0,2.0,undefined,2,False,4.85,True,1.0,245,41.85173,-87.7203,Chicago
704265676914840779,64.0,2,Private room,2.0,2.0,1.0,undefined,1,False,4.78,False,2.0,326,41.95662,-87.71485,Chicago
704582593768746311,283.0,6,Entire home/apt,2.0,4.0,2.0,undefined,2,False,4.91,True,43.0,76,41.908316039467714,-87.63417288683024,Chicago
704972177972466238,160.0,4,Entire home/apt,2.0,2.0,1.0,undefined,3,False,4.73,False,2.0,362,41.9404298,-87.7817712,Chicago
705072819882209669,109.0,4,Entire home/apt,2.0,2.0,1.0,undefined,32,False,4.8,True,3.0,365,41.95314,-87.70595,Chicago
705220858100158174,182.0,15,Entire home/apt,2.0,2.0,1.5,undefined,32,False,1.0,False,14.0,364,41.8549,-87.65265,Chicago
705238888350639672,294.0,16,Entire home/apt,3.0,3.0,2.5,undefined,32,False,4.25,False,14.0,365,41.77486,-87.60753,Chicago
705257233553075028,410.0,10,Entire home/apt,4.0,5.0,2.5,undefined,32,False,,False,183.0,180,41.78072,-87.78093,Chicago
705697565070863438,55.0,2,Private room,1.0,1.0,1.0,undefined,32,True,5.0,True,7.0,261,41.78333,-87.72434,Chicago
705748124992038935,80.0,2,Entire home/apt,0.0,1.0,1.0,undefined,1,False,4.63,False,17.0,340,41.9682,-87.65935,Chicago
705781782747338956,80.0,2,Entire home/apt,0.0,1.0,1.0,undefined,1,False,4.69,False,17.0,348,41.96892,-87.66105,Chicago
705787115320285408,80.0,2,Entire home/apt,0.0,1.0,1.0,undefined,1,False,4.81,False,17.0,351,41.96656,-87.65936,Chicago
705809815162105610,194.0,4,Entire home/apt,2.0,2.0,1.0,undefined,1,True,5.0,False,3.0,246,41.85481,-87.7057,Chicago
705815628392534448,374.0,10,Entire home/apt,4.0,5.0,2.0,undefined,32,False,,False,91.0,180,41.78115,-87.78082,Chicago
705825794135157409,167.0,12,Entire home/apt,5.0,6.0,2.0,undefined,32,False,5.0,False,91.0,180,41.77503,-87.77156,Chicago
705858558343241323,410.0,12,Entire home/apt,5.0,7.0,2.0,undefined,32,False,,False,183.0,180,41.77603,-87.77378,Chicago
705920127669105187,401.0,5,Entire home/apt,2.0,3.0,2.0,undefined,2,True,4.96,True,136.0,313,41.8811582,-87.63163139999999,Chicago
706088035897468344,401.0,4,Entire home/apt,3.0,3.0,2.0,undefined,32,False,5.0,,16.0,229,41.8820807,-87.6529663,Chicago
706424149782137120,127.0,2,Entire home/apt,1.0,1.0,1.0,undefined,2,True,4.72,False,3545.0,354,41.83436,-87.68252,Chicago
706520595283864738,313.0,6,Entire home/apt,2.0,3.0,2.0,undefined,2,False,4.89,True,1.0,123,41.94473,-87.65602,Chicago
706616723626653247,374.0,5,Entire home/apt,2.0,3.0,2.0,undefined,2,True,4.89,True,136.0,320,41.8811582,-87.63163139999999,Chicago
706996622858575642,232.0,2,Entire home/apt,1.0,1.0,1.0,undefined,32,True,,False,,207,41.8860812,-87.63422229999998,Chicago
707169667473381435,519.0,10,Entire home/apt,3.0,5.0,2.0,undefined,2,False,4.92,True,2.0,332,41.93011,-87.64674,Chicago
708700256475353305,67.0,2,Private room,1.0,1.0,1.0,undefined,2,False,4.84,True,6.0,338,41.89437,-87.66289,Chicago
709249451427450374,258.0,2,Entire home/apt,1.0,1.0,1.0,undefined,32,True,5.0,False,,238,41.87710939999999,-87.6338518,Chicago
709250431473460227,216.0,2,Entire home/apt,1.0,1.0,1.0,undefined,32,True,,False,,334,41.8860812,-87.63422229999998,Chicago
709253996205145218,216.0,2,Entire home/apt,1.0,1.0,1.0,undefined,32,True,,False,,204,41.88501,-87.64403,Chicago
709620597296272459,94.0,2,Entire home/apt,1.0,1.0,1.0,undefined,2,False,4.96,True,6.0,324,41.78253535566382,-87.61313449722721,Chicago
709996877409952910,173.0,2,Entire home/apt,1.0,1.0,1.0,undefined,32,True,5.0,False,,208,41.8693843,-87.6660517,Chicago
710820308716380980,260.0,3,Entire home/apt,1.0,1.0,1.0,undefined,32,False,5.0,False,24.0,361,41.9032387,-87.63486329999999,Chicago
710829994571668284,234.0,3,Entire home/apt,0.0,1.0,1.0,undefined,32,False,5.0,False,24.0,365,41.903335,-87.63416199999999,Chicago
710833156787651100,103.0,2,Entire home/apt,1.0,1.0,1.0,undefined,3,False,4.99,True,1.0,308,41.89884,-87.69051,Chicago
710836543165696851,260.0,3,Entire home/apt,1.0,1.0,1.0,undefined,32,False,,False,24.0,344,41.903335,-87.63416199999999,Chicago
710842868920389085,390.0,4,Entire home/apt,2.0,2.0,2.0,undefined,32,False,5.0,False,24.0,333,41.903335,-87.63416199999999,Chicago
710847797387159574,390.0,4,Entire home/apt,2.0,2.0,2.0,undefined,32,False,,False,24.0,365,41.903335,-87.63416199999999,Chicago
710992199750939461,160.0,5,Entire home/apt,2.0,3.0,1.0,undefined,3,False,4.25,True,18.0,361,41.9775526,-87.6934405,Chicago
711486142430161172,119.0,4,Entire home/apt,2.0,2.0,2.0,undefined,1,True,4.96,True,1.0,321,41.93902072335032,-87.72160082742192,Chicago
711542495666889849,45.0,2,Private room,1.0,1.0,1.0,undefined,2,False,4.61,False,6.0,172,41.94579,-87.65938,Chicago
711614204226516428,163.0,10,Entire home/apt,4.0,4.0,2.0,undefined,2,False,4.59,False,1.0,347,41.72396,-87.57278,Chicago
711763282583895447,262.0,12,Entire home/apt,5.0,5.0,3.5,undefined,1,False,4.77,False,2.0,59,41.87582,-87.6815,Chicago
711835451777313359,194.0,8,Entire home/apt,2.0,3.0,2.0,undefined,2,True,4.82,True,80.0,350,41.85385,-87.62332,Chicago
711841142491970819,154.0,4,Entire home/apt,0.0,1.0,1.0,undefined,2,True,4.75,True,80.0,323,41.85433,-87.62337,Chicago
712064164914500549,52.0,2,Entire home/apt,1.0,1.0,1.0,undefined,180,False,4.0,False,1.0,261,41.84117,-87.62184,Chicago
712149877484288800,49.0,2,Private room,1.0,1.0,1.0,undefined,2,False,4.98,True,6.0,336,41.89382,-87.6627,Chicago
712258331700270816,892.0,9,Entire home/apt,5.0,5.0,3.5,undefined,3,False,4.88,True,4.0,21,41.90871,-87.68168,Chicago
712321671247375946,83.0,2,Private room,1.0,2.0,1.0,undefined,32,False,5.0,True,6.0,331,41.81786,-87.61329,Chicago
712338897268771053,259.0,2,Entire home/apt,1.0,2.0,1.0,undefined,32,True,,False,1.0,365,41.96215,-87.65365,Chicago
712446961560328553,142.0,4,Entire home/apt,0.0,2.0,1.0,undefined,2,True,4.69,True,80.0,333,41.8555,-87.6249,Chicago
712453913018677418,95.0,4,Entire home/apt,2.0,2.0,1.0,undefined,32,False,5.0,False,3.0,197,41.9330454,-87.6686985,Chicago
712590589578321610,226.0,8,Entire home/apt,3.0,0.0,1.5,undefined,2,False,5.0,True,1.0,129,41.7083,-87.5671062,Chicago
713572268062604292,161.0,5,Entire home/apt,2.0,4.0,1.0,undefined,3,False,4.79,True,1.0,313,41.94818129999999,-87.798254,Chicago
714510629528811186,152.0,3,Entire home/apt,1.0,1.0,1.0,undefined,60,False,5.0,True,123.0,345,41.88912,-87.61484,Chicago
714670954953850372,347.0,16,Entire home/apt,4.0,11.0,2.5,undefined,2,True,4.94,True,7.0,148,41.88619389999999,-87.70511859999999,Chicago
714788753096173742,190.0,6,Entire home/apt,2.0,3.0,2.0,undefined,2,True,4.79,True,80.0,348,41.85587,-87.6232,Chicago
714911269300311047,184.0,2,Entire home/apt,1.0,1.0,1.0,undefined,32,True,5.0,False,,330,41.94517299999999,-87.641759,Chicago
714911926018490296,194.0,2,Entire home/apt,0.0,1.0,1.0,undefined,32,True,5.0,False,,227,41.8763,-87.65371999999999,Chicago
715006895492434464,110.0,6,Entire home/apt,2.0,2.0,1.0,undefined,32,True,,False,2.0,365,41.7270344,-87.6437414,Chicago
715052573659056691,153.0,6,Entire home/apt,2.0,3.0,1.0,undefined,2,True,4.65,False,3545.0,351,42.01673,-87.66499,Chicago
715151172173176559,49.0,4,Private room,2.0,3.0,1.0,undefined,32,False,4.86,False,10.0,364,41.75078,-87.55723,Chicago
715429213182671649,204.0,8,Entire home/apt,3.0,4.0,1.0,undefined,2,False,4.93,True,3.0,327,41.93745,-87.71629,Chicago
715787546779520102,200.0,2,Entire home/apt,1.0,1.0,1.0,undefined,32,True,,False,,295,41.8670646,-87.6231114,Chicago
716059641319014048,233.0,6,Entire home/apt,3.0,3.0,2.5,undefined,3,False,4.87,True,2.0,235,41.9369,-87.71073,Chicago
716145205114834057,195.0,6,Entire home/apt,2.0,3.0,2.0,undefined,2,True,4.63,True,80.0,337,41.85541,-87.62537,Chicago
716506356530532499,365.0,8,Entire home/apt,3.0,5.0,3.5,undefined,4,False,4.71,False,3.0,98,41.9345,-87.66417,Chicago
716537890901266345,244.0,2,Entire home/apt,0.0,1.0,1.0,undefined,32,True,,False,,298,41.885209,-87.6471114,Chicago
716540000651002900,337.0,4,Entire home/apt,2.0,2.0,2.0,undefined,32,True,,False,,30,41.885209,-87.6471114,Chicago
716540562912475512,282.0,4,Entire home/apt,2.0,2.0,2.0,undefined,32,True,3.0,False,,137,41.9194968,-87.6629995,Chicago
716723580140686876,138.0,5,Entire home/apt,2.0,2.0,1.0,undefined,1,True,4.84,True,1.0,285,41.92083,-87.68783,Chicago
716758032710845880,575.0,7,Entire home/apt,3.0,4.0,3.0,undefined,2,True,4.88,True,136.0,288,41.8949969,-87.6537109,Chicago
716797913778103603,573.0,7,Entire home/apt,3.0,4.0,2.5,undefined,2,True,4.89,True,136.0,298,41.8949969,-87.6537109,Chicago
717257767258978204,125.0,4,Entire home/apt,2.0,2.0,1.0,undefined,1,False,4.97,True,15.0,316,41.97563,-87.68725,Chicago
717314595329064364,214.0,2,Entire home/apt,1.0,1.0,1.0,undefined,32,True,,False,,347,41.8860812,-87.63422229999998,Chicago
717315262308574985,184.0,2,Entire home/apt,0.0,1.0,1.0,undefined,32,True,5.0,False,,240,41.8860812,-87.63422229999998,Chicago
717316294001772534,240.0,2,Entire home/apt,1.0,1.0,1.0,undefined,32,True,,False,,176,41.8850096,-87.6440271,Chicago
717316854254786746,213.0,2,Entire home/apt,1.0,1.0,1.0,undefined,32,True,,False,,208,41.8850096,-87.6440271,Chicago
717319571924675195,203.0,2,Entire home/apt,1.0,1.0,1.0,undefined,32,True,,False,,236,41.86350729999999,-87.62375089999999,Chicago
717422695249162359,449.0,5,Entire home/apt,2.0,3.0,2.0,undefined,2,True,4.95,True,136.0,316,41.89742529999999,-87.63089509999999,Chicago
717735802037241047,515.0,10,Entire home/apt,5.0,7.0,4.0,undefined,3,False,4.93,True,3.0,302,41.97648,-87.76757,Chicago
718074898901873093,164.0,2,Entire home/apt,1.0,1.0,1.0,undefined,2,False,4.93,True,4.0,236,41.91046043115699,-87.67398256197129,Chicago
718715028757698900,63.0,6,Private room,1.0,4.0,1.0,undefined,32,False,4.68,True,8.0,365,41.79241,-87.67217,Chicago
718984408702112637,71.0,5,Entire home/apt,2.0,3.0,1.0,undefined,32,False,5.0,True,5.0,297,41.94024,-87.71737,Chicago
719144162937963429,65.0,3,Entire home/apt,1.0,1.0,1.0,undefined,2,False,4.73,True,2.0,73,41.91239,-87.74966,Chicago
719446044442476192,197.0,5,Entire home/apt,3.0,3.0,2.0,undefined,4,False,4.97,True,4.0,239,41.81625,-87.60634,Chicago
719652102267175094,346.0,4,Entire home/apt,2.0,2.0,1.0,undefined,32,False,5.0,False,2.0,253,41.79191,-87.5967,Chicago
719749238296573887,708.0,15,Entire home/apt,4.0,8.0,3.5,undefined,2,False,4.98,True,1.0,234,41.93189,-87.71155,Chicago
719806785283511982,115.0,4,Entire home/apt,2.0,2.0,1.0,undefined,3,False,4.81,True,3.0,161,41.81072,-87.62671,Chicago
720122094955376213,234.0,2,Entire home/apt,1.0,1.0,1.0,undefined,32,True,,False,,201,41.8850096,-87.6440271,Chicago
720123220668892033,256.0,4,Entire home/apt,2.0,2.0,2.0,undefined,32,True,,False,,274,41.8634989,-87.62704269999999,Chicago
720192909448709963,70.0,6,Entire home/apt,3.0,3.0,1.0,undefined,2,False,4.65,False,88.0,169,41.9111,-87.72365,Chicago
720229053203041079,288.0,4,Entire home/apt,2.0,2.0,2.0,undefined,1,False,4.94,True,4.0,135,41.88305580000001,-87.62577309999999,Chicago
720451607248729413,484.0,12,Entire home/apt,5.0,6.0,3.5,undefined,3,False,4.73,False,1.0,93,41.93186,-87.68555,Chicago
721077249779726934,325.0,6,Entire home/apt,3.0,3.0,2.0,undefined,33,False,5.0,True,2.0,294,41.91746295162638,-87.70227684222792,Chicago
721147372931860464,232.0,6,Entire home/apt,2.0,3.0,2.0,undefined,2,True,4.81,True,80.0,343,41.8544,-87.62332,Chicago
721164843661234870,183.0,6,Entire home/apt,2.0,3.0,2.0,undefined,2,True,4.81,False,46.0,313,41.85318,-87.6243,Chicago
721594156553924755,366.0,6,Entire home/apt,3.0,3.0,2.0,undefined,1,False,4.95,True,1.0,308,41.94133,-87.66427,Chicago
721653073458172332,161.0,5,Entire home/apt,2.0,2.0,2.0,undefined,2,True,4.92,True,4.0,317,41.94717,-87.65416,Chicago
721669384101486660,304.0,8,Entire home/apt,3.0,4.0,3.0,undefined,2,True,4.6,False,1.0,252,41.879393,-87.770192,Chicago
721913745405730446,143.0,6,Entire home/apt,3.0,3.0,1.0,undefined,32,False,5.0,True,5.0,244,41.85541,-87.65004,Chicago
722377812602020518,169.0,6,Entire home/apt,2.0,3.0,2.0,undefined,2,False,4.82,True,29.0,289,41.87723,-87.62901,Chicago
722392209236655356,71.0,2,Private room,1.0,1.0,1.0,undefined,1,False,5.0,False,1.0,265,41.92958,-87.72231,Chicago
722450361673837045,293.0,6,Entire home/apt,2.0,4.0,1.0,undefined,2,True,4.92,True,9.0,279,41.8541323,-87.6228171,Chicago
722536167234313103,152.0,4,Entire home/apt,2.0,3.0,2.0,undefined,3,False,4.74,,39.0,326,41.89731,-87.66875,Chicago
722579844750662375,123.0,2,Entire home/apt,1.0,1.0,1.0,undefined,2,False,5.0,True,1.0,142,41.91766726373297,-87.67552638086838,Chicago
723055137391647718,212.0,4,Entire home/apt,1.0,3.0,1.5,undefined,2,False,4.9,True,1.0,350,41.90406,-87.66306,Chicago
724451633415618342,260.0,2,Entire home/apt,1.0,1.0,1.0,undefined,32,True,,False,,178,41.8860812,-87.63422229999998,Chicago
724452312730860957,315.0,4,Entire home/apt,2.0,2.0,2.0,undefined,32,True,5.0,False,,177,41.8850096,-87.6440271,Chicago
724473491511744445,105.0,3,Entire home/apt,1.0,2.0,1.0,undefined,2,True,4.82,True,1.0,328,41.91405611436056,-87.7180378285015,Chicago
724644315146483381,52.0,5,Private room,1.0,1.0,1.0,undefined,2,False,4.73,False,6.0,210,41.9457,-87.65767,Chicago
724650026938156385,50.0,3,Private room,1.0,1.0,1.0,undefined,2,False,4.72,False,6.0,147,41.9441,-87.65939,Chicago
724654441154176614,141.0,4,Entire home/apt,2.0,2.0,1.0,undefined,2,True,4.98,True,2.0,265,41.95016,-87.70768,Chicago
724666564871215377,52.0,3,Private room,0.0,1.0,1.0,undefined,2,False,4.77,False,6.0,166,41.94414,-87.65815,Chicago
724675483669048710,130.0,2,Entire home/apt,1.0,1.0,1.0,undefined,3,False,4.99,True,1.0,115,41.96885996475175,-87.68621509475558,Chicago
724720526787219300,123.0,4,Entire home/apt,2.0,3.0,1.0,undefined,1,False,5.0,,39.0,282,41.92715981401366,-87.76217989737172,Chicago
725326694509362182,143.0,4,Entire home/apt,2.0,2.0,1.0,undefined,2,False,5.0,True,1.0,23,41.90083,-87.66913,Chicago
725428843001466241,113.0,7,Entire home/apt,3.0,4.0,1.0,undefined,32,False,4.9,False,1.0,297,41.8182,-87.61987,Chicago
726146691063905537,98.0,3,Entire home/apt,1.0,3.0,1.0,undefined,2,False,4.81,,4.0,126,41.9218471,-87.6528857,Chicago
726205745099066764,379.0,5,Entire home/apt,2.0,3.0,2.0,undefined,2,True,4.67,True,136.0,330,41.8811582,-87.63163139999999,Chicago
726517017209207196,100.0,3,Entire home/apt,1.0,1.0,1.0,undefined,1,True,4.78,False,14.0,339,41.844225364848064,-87.64059679708753,Chicago
726651059701206290,120.0,4,Entire home/apt,2.0,2.0,1.0,undefined,2,True,4.62,False,14.0,338,41.84313,-87.64062,Chicago
726880869430966691,75.0,2,Private room,1.0,1.0,1.0,undefined,3,False,4.91,True,2.0,250,41.96374,-87.72778,Chicago
727147879640855163,50.0,2,Private room,1.0,1.0,1.0,undefined,32,False,3.67,False,2.0,365,41.85309,-87.69585,Chicago
727270203481266850,217.0,2,Entire home/apt,1.0,1.0,1.0,undefined,32,True,,False,,283,41.8670646,-87.6231114,Chicago
727272726697238593,193.0,2,Entire home/apt,0.0,1.0,1.0,undefined,32,True,,False,,168,41.8670646,-87.6231114,Chicago
727273274638959654,196.0,2,Entire home/apt,1.0,1.0,1.0,undefined,32,True,5.0,False,,331,41.8925035,-87.61628259999999,Chicago
727780301866909100,102.0,4,Entire home/apt,2.0,2.0,1.0,undefined,2,True,5.0,True,1.0,276,41.97862,-87.6663,Chicago
729076742967757802,103.0,3,Entire home/apt,1.0,1.0,1.0,undefined,2,True,4.59,False,14.0,308,41.84333,-87.64006,Chicago
729421891567680274,208.0,2,Entire home/apt,1.0,1.0,1.0,undefined,32,True,,False,,205,41.8860812,-87.63422229999998,Chicago
730295139231154546,307.0,4,Entire home/apt,2.0,2.0,2.0,undefined,32,True,,False,,292,41.885209,-87.6471114,Chicago
730295621370147216,196.0,2,Entire home/apt,1.0,1.0,1.0,undefined,32,True,5.0,False,,0,41.885569,-87.63473669999996,Chicago
730492477503214237,125.0,4,Entire home/apt,2.0,2.0,1.0,undefined,32,True,5.0,True,3.0,187,41.94984,-87.70603,Chicago
731106751133261984,89.0,4,Private room,2.0,4.0,1.0,undefined,1,False,4.86,True,2.0,357,41.85295,-87.67883,Chicago
731425353851120932,199.0,5,Entire home/apt,2.0,2.0,2.0,undefined,1,True,4.96,True,2.0,317,42.00531507010429,-87.65878658741713,Chicago
731642022392703093,344.0,4,Entire home/apt,2.0,2.0,2.0,undefined,32,True,,False,,362,41.8634989,-87.62704269999999,Chicago
731757196133700686,85.0,4,Entire home/apt,2.0,2.0,1.0,undefined,32,False,4.8,False,1.0,333,41.91063,-87.69294,Chicago
731919700243917043,167.0,5,Entire home/apt,2.0,2.0,2.0,undefined,2,False,4.91,True,2.0,81,41.9217601,-87.6648439,Chicago
731944283816893042,72.0,2,Entire home/apt,0.0,1.0,1.0,undefined,32,True,4.67,False,34.0,363,41.76682,-87.56685,Chicago
732701752035637488,159.0,4,Entire home/apt,2.0,2.0,1.0,undefined,32,False,5.0,True,6.0,318,41.93923,-87.71549,Chicago
732705786053843671,124.0,3,Entire home/apt,1.0,1.0,1.0,undefined,2,False,4.78,,17.0,3,41.91968136068386,-87.7156842656135,Chicago
732862193675402517,108.0,5,Entire home/apt,2.0,2.0,2.0,undefined,32,False,5.0,True,6.0,219,41.81604035498979,-87.61324146304696,Chicago
733280380926817650,151.0,5,Entire home/apt,2.0,3.0,1.0,undefined,1,True,4.78,True,2.0,326,41.9004622,-87.6648366,Chicago
733337042355126980,76.0,6,Entire home/apt,2.0,2.0,1.0,undefined,32,True,4.59,False,1.0,357,41.88679,-87.71364,Chicago
733526745375574371,152.0,2,Entire home/apt,1.0,1.0,1.0,undefined,32,False,5.0,False,9.0,262,41.9113818,-87.6735333,Chicago
733600260203332988,281.0,10,Entire home/apt,3.0,4.0,2.0,undefined,2,True,4.85,True,80.0,344,41.855,-87.62326,Chicago
734035064351747901,317.0,8,Entire home/apt,4.0,4.0,3.5,undefined,2,False,4.98,True,2.0,313,41.89705,-87.66369,Chicago
734508343348621586,254.0,4,Entire home/apt,2.0,2.0,2.0,undefined,32,True,5.0,False,,277,41.8772287,-87.6290111,Chicago
734508776332652530,239.0,2,Entire home/apt,1.0,1.0,1.0,undefined,32,True,,False,,152,41.890516,-87.635955,Chicago
734712505340095433,45.0,1,Private room,1.0,1.0,1.0,undefined,15,False,5.0,False,8.0,224,41.878536146557785,-87.68236039652399,Chicago
734851598384432592,81.0,2,Entire home/apt,1.0,1.0,1.0,undefined,2,False,4.77,False,28.0,252,42.00954,-87.6664,Chicago
734856118611594699,111.0,4,Entire home/apt,2.0,2.0,2.0,undefined,2,True,4.63,False,28.0,260,41.99949,-87.69024,Chicago
734864587556619066,79.0,2,Entire home/apt,1.0,1.0,1.0,undefined,2,True,4.72,False,28.0,260,41.96115,-87.75431,Chicago
734866721750281735,89.0,2,Entire home/apt,1.0,1.0,1.0,undefined,2,True,4.61,False,28.0,262,41.96101,-87.75603,Chicago
734871188071815020,106.0,4,Entire home/apt,2.0,2.0,1.0,undefined,2,True,4.73,False,28.0,350,42.01342,-87.66633,Chicago
734894870683504598,375.0,10,Entire home/apt,3.0,7.0,2.5,undefined,3,True,4.91,True,2.0,321,41.89892,-87.63955,Chicago
734907252307506510,481.0,8,Entire home/apt,4.0,4.0,3.5,undefined,2,True,4.8,False,1.0,335,41.81445,-87.60904,Chicago
734910571075793031,86.0,2,Private room,1.0,1.0,1.0,undefined,32,False,4.5,False,3.0,364,41.84524,-87.62685,Chicago
735649773988074686,59.0,2,Private room,1.0,2.0,1.5,undefined,2,True,4.78,True,16.0,358,41.83167,-87.61827,Chicago
735910472409450524,209.0,2,Entire home/apt,1.0,1.0,1.0,undefined,32,True,5.0,False,,298,41.86350729999999,-87.62375089999999,Chicago
735912665129409829,217.0,4,Entire home/apt,2.0,2.0,1.0,undefined,32,True,4.0,False,,156,41.8772287,-87.6290111,Chicago
736054780995720114,28.0,2,Private room,1.0,1.0,1.0,undefined,32,False,4.53,False,5.0,92,41.70631,-87.53875,Chicago
736139586535629706,225.0,4,Entire home/apt,2.0,2.0,1.0,undefined,3,False,4.75,False,1.0,360,41.7732335265441,-87.57752849145746,Chicago
736954705853246580,387.0,4,Entire home/apt,2.0,2.0,1.0,undefined,2,False,4.94,True,23.0,92,41.8820807,-87.6529663,Chicago
737004540213972225,190.0,6,Entire home/apt,3.0,3.0,1.0,undefined,2,False,4.98,True,2.0,143,41.9950896,-87.6626404,Chicago
737014095257706505,158.0,3,Private room,1.0,2.0,1.0,undefined,32,False,5.0,False,1.0,363,41.9333289,-87.714925,Chicago
737185061644187397,38.0,2,Private room,1.0,1.0,1.0,undefined,2,False,4.67,False,5.0,7,41.82716,-87.64611,Chicago
737412541519216538,153.0,2,Entire home/apt,1.0,1.0,1.0,undefined,32,True,,False,,157,41.8676695,-87.62611919999999,Chicago
737413069070682659,229.0,2,Entire home/apt,1.0,1.0,1.0,undefined,32,True,,False,,298,41.890516,-87.635955,Chicago
737588777872244509,111.0,4,Entire home/apt,2.0,2.0,1.0,undefined,32,False,5.0,False,4.0,364,41.87126,-87.69007,Chicago
737600228577337279,151.0,6,Entire home/apt,3.0,3.0,2.0,undefined,1,False,4.92,True,15.0,277,41.89189902241642,-87.65620845365463,Chicago
737827317300733485,164.0,4,Entire home/apt,2.0,2.0,1.0,undefined,3,False,4.86,True,11.0,73,41.9142294,-87.70063859999999,Chicago
738694323815423085,171.0,4,Entire home/apt,2.0,2.0,1.0,undefined,32,False,4.63,True,6.0,365,41.9554,-87.71765,Chicago
739147795364466355,172.0,4,Entire home/apt,2.0,2.0,2.0,undefined,2,False,4.94,True,1.0,356,41.7625463,-87.589974,Chicago
739568753122540479,210.0,2,Entire home/apt,1.0,1.0,1.0,undefined,32,True,,False,,298,41.890516,-87.635955,Chicago
739569040469489456,225.0,2,Entire home/apt,1.0,1.0,1.0,undefined,32,True,,False,,298,41.890516,-87.635955,Chicago
739875623853025154,181.0,8,Entire home/apt,4.0,5.0,1.0,undefined,2,False,4.88,True,13.0,72,41.9098,-87.71447,Chicago
740070176566069119,143.0,2,Entire home/apt,1.0,1.0,1.0,undefined,2,True,4.84,False,28.0,255,41.94458,-87.64653,Chicago
740309132579541993,183.0,2,Entire home/apt,1.0,1.0,1.0,undefined,32,True,,False,,143,41.8676695,-87.62611919999999,Chicago
740394102673810428,192.0,4,Entire home/apt,3.0,3.0,1.0,undefined,1,False,4.93,True,1.0,256,41.991471,-87.67150149999999,Chicago
740404553369590115,176.0,4,Entire home/apt,2.0,2.0,1.0,undefined,2,False,4.89,True,2.0,338,41.8923669,-87.68236320000001,Chicago
740508688975639404,161.0,5,Entire home/apt,2.0,2.0,1.0,undefined,3,True,4.95,True,7.0,349,41.9008931,-87.6708079,Chicago
740739231822822685,183.0,8,Entire home/apt,3.0,3.0,2.0,undefined,3,False,4.91,False,3.0,32,41.83007,-87.61746,Chicago
740757974325646774,1724.0,16,Entire home/apt,9.0,19.0,7.5,undefined,2,False,5.0,True,41.0,61,41.88927,-87.65131,Chicago
740776888820274217,133.0,4,Entire home/apt,2.0,2.0,1.0,undefined,2,False,4.97,False,1.0,324,41.97662,-87.67151,Chicago
740796048847530432,257.0,8,Entire home/apt,4.0,5.0,1.0,undefined,3,False,4.72,True,3.0,304,41.94978,-87.65532,Chicago
741122102516089950,158.0,7,Entire home/apt,3.0,4.0,1.0,undefined,3,False,4.94,True,3.0,144,41.8523417,-87.67612369999999,Chicago
741580514546954777,129.0,4,Entire home/apt,2.0,3.0,1.0,undefined,4,False,4.79,True,1.0,253,41.85346,-87.67024,Chicago
742048096050574739,266.0,6,Entire home/apt,3.0,3.0,2.0,undefined,2,False,5.0,True,1.0,307,41.99397,-87.6839442,Chicago
742430341145010501,203.0,4,Entire home/apt,1.0,2.0,1.0,undefined,2,False,4.93,True,9.0,289,41.854115188894,-87.62279435992241,Chicago
742442299404533266,273.0,4,Entire home/apt,1.0,1.0,1.0,undefined,32,False,4.88,True,9.0,0,41.854115188894,-87.62279435992241,Chicago
742513462056502075,184.0,4,Entire home/apt,2.0,2.0,1.0,undefined,32,True,,False,,279,41.8676695,-87.62611919999999,Chicago
742601894228151789,340.0,12,Entire home/apt,4.0,4.0,3.0,undefined,2,False,4.73,False,32.0,354,41.90921,-87.66501,Chicago
742657514854211452,70.0,2,Private room,1.0,2.0,1.0,undefined,32,False,5.0,True,6.0,331,41.81825,-87.61446,Chicago
742804723691529137,343.0,6,Entire home/apt,3.0,4.0,1.0,undefined,3,False,5.0,True,1.0,67,41.9528527,-87.6705389,Chicago
743015205727648504,276.0,8,Entire home/apt,3.0,4.0,3.0,undefined,3,False,4.85,True,2.0,22,41.93956,-87.65962,Chicago
743313038489033876,112.0,4,Entire home/apt,2.0,2.0,1.0,undefined,32,False,4.84,True,5.0,218,41.89128152804551,-87.71353909634323,Chicago
743407887551229557,32.0,1,Private room,1.0,2.0,1.5,undefined,5,False,4.14,False,7.0,341,41.73804,-87.5663,Chicago
743490629366967417,171.0,3,Entire home/apt,1.0,2.0,1.0,undefined,2,False,5.0,True,1.0,235,41.94602,-87.70354,Chicago
744084115528123216,170.0,6,Entire home/apt,3.0,4.0,2.0,undefined,2,False,4.93,True,1.0,327,41.9333913,-87.68920840000001,Chicago
744664821738227617,305.0,4,Entire home/apt,2.0,2.0,2.0,undefined,32,True,,False,,216,41.898904,-87.62797,Chicago
744665474756630102,219.0,2,Entire home/apt,1.0,1.0,1.0,undefined,32,True,,False,,157,41.890516,-87.635955,Chicago
744883162640629081,90.0,1,Private room,1.0,1.0,1.0,undefined,60,False,,False,1.0,358,41.85937,-87.6247,Chicago
744889179453188418,90.0,2,Entire home/apt,0.0,1.0,1.0,undefined,1,True,4.8,False,17.0,354,41.95989,-87.75394,Chicago
744935648948869793,284.0,12,Entire home/apt,5.0,7.0,3.5,undefined,32,False,,False,91.0,180,41.7473,-87.61277,Chicago
744949323107286779,167.0,10,Entire home/apt,5.0,6.0,2.0,undefined,32,False,5.0,False,91.0,180,41.97724,-87.80679,Chicago
744956512166164522,147.0,6,Entire home/apt,3.0,4.0,1.0,undefined,1,True,4.81,False,17.0,349,41.85938,-87.66399,Chicago
744991031118934029,147.0,4,Entire home/apt,1.0,3.0,1.0,undefined,2,False,4.95,True,1.0,206,41.91886,-87.71955,Chicago
745004823798209785,92.0,2,Entire home/apt,1.0,1.0,1.0,undefined,32,False,5.0,True,4.0,40,41.9747175,-87.6912778,Chicago
745041703941982859,190.0,4,Entire home/apt,1.0,1.0,1.0,undefined,32,False,5.0,False,22.0,97,41.88529,-87.62044,Chicago
745491337096154741,662.0,10,Entire home/apt,4.0,5.0,3.0,undefined,2,False,5.0,True,2.0,73,41.89149,-87.67797,Chicago
745596621504676789,96.0,2,Private room,1.0,1.0,1.0,undefined,32,True,4.67,True,7.0,233,41.782567531625205,-87.72503849118948,Chicago
745634262297310801,100.0,6,Entire home/apt,2.0,3.0,1.0,undefined,2,False,4.84,True,3.0,8,41.90030655213782,-87.69787240688831,Chicago
745634270816918956,61.0,3,Entire home/apt,1.0,1.0,1.0,undefined,2,False,4.86,True,3.0,21,41.92927,-87.7631,Chicago
745700021251652788,284.0,12,Entire home/apt,5.0,6.0,3.5,undefined,32,False,,False,183.0,110,41.74809,-87.61455,Chicago
745893069877701966,22.0,2,Private room,1.0,1.0,1.0,undefined,32,False,4.08,False,5.0,57,41.70719,-87.53667,Chicago
745901942830422419,22.0,1,Private room,1.0,1.0,1.0,undefined,32,False,3.88,False,5.0,82,41.70638,-87.53857,Chicago
745902529441815922,40.0,2,Private room,1.0,1.0,1.0,undefined,32,False,5.0,False,5.0,319,41.70627,-87.53867,Chicago
745925164737911235,97.0,5,Entire home/apt,2.0,2.0,2.0,undefined,32,False,5.0,True,6.0,331,41.81664,-87.61531,Chicago
745984908602258238,77.0,4,Entire home/apt,2.0,2.0,1.0,undefined,2,False,4.72,False,5.0,307,41.97497527865324,-87.77636362517232,Chicago
746363778642070592,145.0,4,Entire home/apt,2.0,2.0,1.0,undefined,2,False,4.84,True,2.0,55,41.91663,-87.69262,Chicago
746601502466774651,170.0,4,Entire home/apt,1.0,1.0,1.0,undefined,32,False,,False,22.0,364,41.88698,-87.62099,Chicago
746618158006531618,151.0,4,Entire home/apt,1.0,1.0,1.0,undefined,32,False,5.0,False,22.0,363,41.88743,-87.61946,Chicago
746826570251666140,174.0,2,Entire home/apt,1.0,1.0,1.0,undefined,32,True,,False,,334,41.8772287,-87.6290111,Chicago
746982296201916619,423.0,8,Entire home/apt,3.0,3.0,3.0,undefined,3,True,4.74,False,57.0,147,41.86374,-87.62365,Chicago
747134626137040628,362.0,5,Entire home/apt,2.0,3.0,2.0,undefined,2,True,4.9,True,136.0,349,41.8764586,-87.6555539,Chicago
747246918141531203,362.0,5,Entire home/apt,2.0,3.0,2.0,undefined,2,True,4.8,True,136.0,353,41.8764586,-87.6555539,Chicago
747368338986412029,36.0,1,Private room,1.0,1.0,1.0,undefined,2,False,4.76,True,8.0,326,42.0133054,-87.683784,Chicago
747702333999717077,318.0,10,Entire home/apt,4.0,5.0,2.0,undefined,2,True,3.91,False,3545.0,359,41.75028,-87.61221,Chicago
748624782439426360,30.0,1,Private room,1.0,1.0,1.0,undefined,1,True,4.43,False,8.0,338,41.82903932146929,-87.65095326078165,Chicago
748671507545699034,386.0,5,Entire home/apt,2.0,3.0,2.0,undefined,2,True,4.83,True,136.0,356,41.8764586,-87.6555539,Chicago
748717713439890869,416.0,5,Entire home/apt,2.0,3.0,2.0,undefined,2,True,4.77,True,136.0,324,41.8764586,-87.6555539,Chicago
748752917418373635,364.0,5,Entire home/apt,2.0,3.0,2.0,undefined,2,True,4.74,True,136.0,336,41.8764586,-87.6555539,Chicago
749405907882970935,133.0,3,Entire home/apt,1.0,1.0,1.0,undefined,32,False,,False,13.0,70,41.97661,-87.65166,Chicago
749449055071539252,44.0,1,Private room,1.0,1.0,1.0,undefined,1,True,4.43,False,17.0,348,41.84981,-87.63591,Chicago
750021824599680179,115.0,3,Private room,1.0,2.0,1.0,undefined,3,False,4.96,True,1.0,121,41.96405,-87.66997,Chicago
750068938134941199,126.0,2,Entire home/apt,1.0,1.0,1.0,undefined,2,False,5.0,False,1.0,71,41.9355,-87.71956,Chicago
750635726221315406,309.0,5,Entire home/apt,2.0,2.0,1.0,undefined,3,False,4.95,True,5.0,297,41.95155,-87.6558908,Chicago
751348457343283999,134.0,2,Entire home/apt,1.0,1.0,1.0,undefined,2,False,4.94,False,1.0,97,41.9184,-87.68058,Chicago
751379612278165352,130.0,4,Entire home/apt,2.0,2.0,1.0,undefined,2,True,4.6,False,1.0,76,41.88073,-87.69679,Chicago
751408979157217444,141.0,3,Entire home/apt,1.0,1.0,1.0,undefined,2,False,4.99,False,3.0,40,41.81483,-87.61829,Chicago
751742096611773345,180.0,5,Entire home/apt,2.0,2.0,2.0,undefined,1,False,5.0,True,6.0,365,41.87377,-87.68878,Chicago
751937736968700082,182.0,2,Entire home/apt,1.0,1.0,1.0,undefined,32,True,,False,,264,41.8676695,-87.62611919999999,Chicago
752378098361825648,201.0,6,Entire home/apt,3.0,4.0,1.5,undefined,2,False,4.81,False,8.0,331,41.85362031990688,-87.63386698710428,Chicago
752796561030096362,276.0,6,Entire home/apt,3.0,3.0,1.0,undefined,1,True,4.97,True,6.0,348,41.91561,-87.67378,Chicago
752845581184221318,270.0,13,Entire home/apt,3.0,4.0,2.5,undefined,2,False,4.98,True,3.0,343,41.95895,-87.8434,Chicago
753554370582467298,145.0,4,Entire home/apt,1.0,2.0,1.0,undefined,1,False,4.74,False,4.0,174,41.99944,-87.66194,Chicago
753572273135997260,30.0,2,Private room,1.0,1.0,1.0,undefined,2,False,4.49,False,7.0,360,41.7456221547512,-87.56981870793459,Chicago
753717204722214062,176.0,9,Entire home/apt,4.0,6.0,2.0,undefined,2,True,4.84,True,2.0,249,41.9295712,-87.69788539999999,Chicago
753768081593665503,197.0,12,Entire home/apt,5.0,10.0,2.0,undefined,1,False,4.64,True,4.0,357,41.82418,-87.66777,Chicago
754352717808596712,182.0,3,Entire home/apt,1.0,2.0,1.0,undefined,2,False,4.97,,6.0,317,41.98153,-87.66191,Chicago
755019082851354363,217.0,10,Entire home/apt,4.0,4.0,3.0,undefined,3,False,4.98,True,15.0,332,41.90064,-87.69738,Chicago
755037821878724162,144.0,4,Entire home/apt,0.0,2.0,1.0,undefined,2,True,4.8,True,80.0,324,41.85431,-87.62332,Chicago
755050877692431406,830.0,11,Entire home/apt,4.0,8.0,3.5,undefined,3,True,4.96,False,7.0,339,41.88969,-87.65236,Chicago
755124493078918445,198.0,2,Entire home/apt,1.0,1.0,1.0,undefined,3,True,4.95,True,7.0,343,41.90194,-87.67159,Chicago
755746084290452869,800.0,12,Entire home/apt,7.0,10.0,3.5,undefined,3,False,4.96,True,1.0,258,41.9799,-87.65779,Chicago
755789541680782901,160.0,2,Entire home/apt,1.0,1.0,1.0,undefined,32,False,5.0,True,3.0,206,41.9040204,-87.6326926,Chicago
755870898747172601,333.0,5,Entire home/apt,2.0,3.0,2.0,undefined,2,False,4.94,True,2.0,228,41.79394,-87.59033,Chicago
755934562888126191,167.0,4,Entire home/apt,2.0,2.0,2.5,undefined,29,False,5.0,True,3.0,87,41.94085,-87.65898,Chicago
756569713594312837,155.0,4,Entire home/apt,2.0,2.0,1.0,undefined,3,True,4.89,True,1.0,95,41.94085,-87.72147,Chicago
756864129367543529,345.0,8,Entire home/apt,5.0,6.0,3.0,undefined,2,False,4.98,True,1.0,318,41.73692,-87.55919,Chicago
757070710390059559,131.0,4,Entire home/apt,2.0,2.0,1.0,undefined,3,True,4.84,,4.0,259,41.82922530671223,-87.68211382286282,Chicago
757124927463777871,197.0,4,Entire home/apt,2.0,2.0,1.0,undefined,32,True,,False,,278,41.8676695,-87.62611919999999,Chicago
757256633941807830,129.0,4,Entire home/apt,1.0,3.0,1.0,undefined,1,True,4.77,False,2.0,36,41.92277977211583,-87.68786709755659,Chicago
757728403318360160,174.0,2,Entire home/apt,0.0,1.0,1.0,undefined,32,True,,False,,236,41.86350729999999,-87.62375089999999,Chicago
757855631547862796,198.0,6,Entire home/apt,3.0,3.0,1.5,undefined,3,False,4.98,True,3.0,334,41.85539,-87.65377,Chicago
757971058903624445,121.0,4,Entire home/apt,2.0,2.0,1.0,undefined,5,False,5.0,True,1.0,63,41.9167058,-87.6725663,Chicago
758072223330776518,57.0,2,Private room,1.0,1.0,1.0,undefined,2,False,4.73,False,8.0,358,41.9667552142062,-87.7210504769387,Chicago
758081123003767867,110.0,3,Entire home/apt,2.0,2.0,1.0,undefined,32,False,5.0,True,19.0,358,42.0085682,-87.6704349,Chicago
758094546115213846,56.0,2,Private room,1.0,1.0,1.0,undefined,2,False,4.7,False,8.0,362,41.96856540608227,-87.7215203336952,Chicago
758609536590788728,130.0,3,Entire home/apt,1.0,1.0,1.0,undefined,179,True,,False,2.0,296,41.948693474706914,-87.73542181645534,Chicago
758717518435561349,142.0,5,Entire home/apt,2.0,3.0,1.0,undefined,2,False,4.84,True,1.0,112,41.94051,-87.70798,Chicago
758822458231171083,1078.0,15,Entire home/apt,6.0,9.0,6.0,undefined,2,False,5.0,True,136.0,365,41.8811582,-87.63163139999999,Chicago
758907337720590101,1721.0,16,Entire home/apt,8.0,12.0,8.0,undefined,2,False,4.33,True,136.0,364,41.8811582,-87.63163139999999,Chicago
759487582117796552,558.0,8,Entire home/apt,3.0,5.0,2.0,undefined,2,True,4.89,True,136.0,303,41.88872,-87.64663,Chicago
759519262986933792,384.0,6,Entire home/apt,2.0,4.0,2.0,undefined,2,True,4.8,True,136.0,285,41.8887227,-87.6466284,Chicago
759905757307684524,211.0,2,Entire home/apt,1.0,1.0,1.0,undefined,32,True,,False,,304,41.890516,-87.635955,Chicago
759907109454730854,171.0,2,Entire home/apt,0.0,1.0,1.0,undefined,32,True,5.0,False,,195,41.86350729999999,-87.62375089999999,Chicago
759907391316637197,175.0,2,Entire home/apt,1.0,1.0,1.0,undefined,32,True,4.5,False,,102,41.86350729999999,-87.62375089999999,Chicago
759909758935173285,174.0,2,Entire home/apt,1.0,1.0,1.0,undefined,32,True,5.0,False,,38,41.86350729999999,-87.62375089999999,Chicago
760159982210300664,113.0,4,Entire home/apt,2.0,2.0,1.0,undefined,3,False,4.78,False,1.0,321,41.96736345433594,-87.69154354232788,Chicago
760348409256483116,89.0,2,Entire home/apt,1.0,1.0,1.0,undefined,2,False,4.94,True,30.0,319,41.962037,-87.6670071,Chicago
760854585897769463,60.0,1,Private room,1.0,1.0,1.0,undefined,32,False,5.0,,10.0,332,41.93416,-87.71059,Chicago
760985260337363062,121.0,3,Entire home/apt,1.0,1.0,1.0,undefined,2,False,4.93,True,1.0,28,41.7946456,-87.5930904,Chicago
761033002793394902,236.0,4,Entire home/apt,1.0,1.0,1.5,undefined,32,False,,False,1.0,362,41.90813,-87.63028,Chicago
761071522423068825,119.0,4,Entire home/apt,2.0,2.0,1.0,undefined,3,False,4.0,False,4.0,26,42.01011,-87.67391,Chicago
761559137835061640,152.0,8,Entire home/apt,3.0,4.0,3.0,undefined,4,False,4.62,False,1.0,215,41.97146,-87.76541,Chicago
762097694224726347,168.0,2,Entire home/apt,0.0,1.0,1.0,undefined,32,True,5.0,False,,188,41.8860812,-87.63422229999998,Chicago
762190630064709336,109.0,4,Entire home/apt,2.0,2.0,1.0,undefined,32,False,5.0,True,4.0,321,41.91021,-87.68584,Chicago
762352511071081007,137.0,7,Entire home/apt,3.0,5.0,2.0,undefined,3,False,4.84,True,2.0,222,41.7971432675832,-87.62304501944337,Chicago
762808858713908103,217.0,2,Entire home/apt,1.0,1.0,1.0,undefined,32,True,,False,,335,41.885209,-87.6471114,Chicago
763187886068295971,607.0,14,Entire home/apt,4.0,5.0,2.5,undefined,2,False,4.74,True,2.0,237,41.92265,-87.65416,Chicago
763829472178132757,38.0,4,Entire home/apt,2.0,2.0,1.0,undefined,33,True,,False,4.0,270,41.70283,-87.60201,Chicago
763832593500849642,550.0,7,Entire home/apt,3.0,4.0,3.0,undefined,2,True,4.87,True,136.0,316,41.8949969,-87.6537109,Chicago
763887328758676705,134.0,3,Entire home/apt,1.0,1.0,1.0,undefined,2,False,4.94,False,1.0,343,41.93396,-87.72085,Chicago
764556394279120790,1179.0,14,Entire home/apt,6.0,8.0,5.5,undefined,3,False,4.75,True,136.0,365,41.8949969,-87.6537109,Chicago
764576255652833213,181.0,3,Entire home/apt,1.0,2.0,1.0,undefined,4,False,5.0,False,2.0,292,41.91129590041312,-87.6774775904005,Chicago
764593141171260084,1767.0,16,Entire home/apt,9.0,12.0,8.5,undefined,3,False,4.8,True,136.0,362,41.8949969,-87.6537109,Chicago
764599477754096242,109.0,4,Entire home/apt,2.0,2.0,1.0,undefined,2,False,4.96,False,1.0,288,41.93889394124207,-87.67093995622423,Chicago
764622652958240880,1844.0,16,Entire home/apt,9.0,13.0,7.0,undefined,3,False,4.8,True,136.0,354,41.8887227,-87.6466284,Chicago
764834629776020980,35.0,1,Private room,1.0,1.0,2.0,undefined,1,True,4.5,False,8.0,351,41.84607,-87.64722,Chicago
764999315145981520,194.0,2,Entire home/apt,0.0,1.0,1.0,undefined,32,True,,False,,246,41.8670646,-87.6231114,Chicago
765378899319829745,120.0,4,Entire home/apt,2.0,2.0,1.0,undefined,2,False,4.74,False,2.0,360,41.92942156950349,-87.72458027236875,Chicago
765477129323682949,195.0,8,Entire home/apt,2.0,3.0,2.0,undefined,2,True,4.79,True,80.0,339,41.85542,-87.62539,Chicago
765716553214035947,212.0,2,Entire home/apt,1.0,1.0,1.0,undefined,32,True,,False,,312,41.9029299,-87.6441632,Chicago
765858270291974118,92.0,4,Entire home/apt,2.0,2.0,1.0,undefined,3,False,4.94,True,1.0,229,41.96257,-87.77756,Chicago
766056605942339033,125.0,4,Entire home/apt,1.0,3.0,1.0,undefined,2,False,4.88,True,1.0,61,41.91824137516668,-87.69449380190396,Chicago
766092656582103547,190.0,8,Entire home/apt,2.0,3.0,2.0,undefined,2,True,4.75,True,80.0,333,41.85571,-87.62334,Chicago
766499608228095208,114.0,4,Entire home/apt,2.0,3.0,1.0,undefined,2,True,4.91,True,1.0,255,41.99402,-87.70631,Chicago
766705080479926021,115.0,4,Entire home/apt,2.0,2.0,1.0,undefined,32,False,4.86,False,2.0,309,41.98336,-87.67013,Chicago
766818920059799843,75.0,4,Entire home/apt,3.0,3.0,1.0,undefined,32,False,5.0,True,2.0,309,41.777679555103525,-87.6034220836726,Chicago
767555849085171400,181.0,7,Entire home/apt,3.0,4.0,1.0,undefined,2,False,4.98,False,1.0,349,41.9341476729531,-87.69311081534426,Chicago
767783533472740645,122.0,4,Entire home/apt,2.0,2.0,1.0,undefined,32,False,5.0,False,4.0,311,41.9826278,-87.7778129,Chicago
768017798932845929,46.0,2,Private room,1.0,1.0,0.0,undefined,1,False,4.87,True,2.0,344,41.7015092,-87.5295414,Chicago
768267132306262584,249.0,6,Entire home/apt,2.0,3.0,2.0,undefined,32,True,5.0,False,1.0,365,41.80819,-87.62409,Chicago
769831627582069520,211.0,6,Entire home/apt,2.0,2.0,2.0,undefined,2,True,4.87,True,80.0,329,41.85395,-87.62532,Chicago
769917916142259276,175.0,8,Entire home/apt,3.0,4.0,1.5,undefined,32,False,4.91,False,2.0,179,41.86704865251533,-87.70350256215133,Chicago
770062747399563893,474.0,4,Entire home/apt,2.0,2.0,2.0,undefined,32,True,5.0,True,79.0,190,41.89097,-87.62285,Chicago
770277529175795790,278.0,5,Entire home/apt,2.0,2.0,1.0,undefined,1,True,4.86,False,1.0,165,41.89917001866856,-87.6682399945217,Chicago
770448806852730022,186.0,12,Entire home/apt,4.0,4.0,1.0,undefined,2,True,4.5,False,5.0,350,41.68416,-87.67335,Chicago
770523073506526538,105.0,2,Entire home/apt,1.0,1.0,1.5,undefined,2,True,4.92,True,2.0,229,41.81534,-87.61641,Chicago
770955055252576991,515.0,10,Entire home/apt,5.0,5.0,3.5,undefined,3,True,4.54,False,1.0,351,41.856616696620094,-87.65248769447835,Chicago
771239119413540300,324.0,14,Entire home/apt,7.0,7.0,4.0,undefined,3,False,4.72,False,1.0,100,41.9416,-87.76558,Chicago
771635681418578134,134.0,6,Entire home/apt,3.0,3.0,1.0,undefined,3,False,4.95,True,1.0,87,41.92707,-87.7357,Chicago
771689364336750824,172.0,6,Entire home/apt,2.0,2.0,2.0,undefined,3,False,4.97,True,1.0,132,41.91523616314063,-87.70765255449219,Chicago
771833143252848397,70.0,6,Entire home/apt,1.0,2.0,1.0,undefined,1,False,4.85,True,18.0,162,41.93495,-87.72365,Chicago
772022042817683681,116.0,7,Entire home/apt,1.0,2.0,1.5,undefined,2,False,4.83,True,4.0,338,41.85504,-87.66976,Chicago
772383533038998287,40.0,3,Entire home/apt,1.0,2.0,1.0,undefined,32,False,5.0,,3.0,183,41.9306,-87.71996,Chicago
772523063169772272,1179.0,14,Entire home/apt,6.0,8.0,5.5,undefined,3,False,5.0,True,136.0,365,41.8949969,-87.6537109,Chicago
772761488160509011,71.0,1,Private room,1.0,1.0,1.0,undefined,2,False,4.92,True,3.0,245,41.93766585612336,-87.6538147777319,Chicago
773214911162646829,77.0,2,Private room,1.0,1.0,1.0,undefined,2,False,4.92,True,3.0,242,41.9375873,-87.65380569999999,Chicago
773277395382707715,74.0,1,Private room,1.0,1.0,1.0,undefined,2,False,4.95,True,3.0,345,41.9375873,-87.65380569999999,Chicago
773908539670296526,148.0,6,Entire home/apt,3.0,3.0,1.0,undefined,1,False,4.86,False,20.0,333,41.93573,-87.64797,Chicago
774597192856116627,53.0,2,Private room,1.0,1.0,1.0,undefined,32,True,4.33,False,56.0,314,41.87094,-87.65396,Chicago
774617913244848660,171.0,6,Entire home/apt,3.0,3.0,1.0,undefined,2,False,4.73,True,11.0,113,41.94589796458483,-87.77272231039511,Chicago
774706280523096121,203.0,4,Entire home/apt,2.0,2.0,1.0,undefined,1,False,5.0,False,1.0,19,41.94156,-87.72304,Chicago
776322746144071304,367.0,6,Entire home/apt,0.0,1.0,0.0,undefined,1,True,4.44,False,6.0,340,41.90753165897841,-87.66718659549952,Chicago
776336628989254573,137.0,6,Entire home/apt,3.0,4.0,1.0,undefined,1,True,4.66,False,1.0,323,41.99428,-87.707,Chicago
776573115534267510,190.0,2,Entire home/apt,1.0,1.0,1.0,undefined,32,True,,False,,185,41.8772287,-87.6290111,Chicago
776741327606724223,267.0,6,Entire home/apt,2.0,3.0,2.0,undefined,3,False,4.82,,39.0,296,41.89347,-87.62769,Chicago
777034792047052261,24.0,2,Private room,2.0,2.0,1.0,undefined,33,True,,False,4.0,365,41.70288,-87.60216,Chicago
777051892890379932,255.0,8,Entire home/apt,4.0,4.0,1.0,undefined,2,False,4.89,True,1.0,3,41.9691492,-87.7198028,Chicago
777081569923692574,194.0,3,Entire home/apt,2.0,2.0,1.0,undefined,2,False,4.94,True,1.0,263,41.73475,-87.58472,Chicago
777399024172389904,236.0,2,Entire home/apt,1.0,1.0,1.0,undefined,32,True,5.0,False,,152,41.898904,-87.62797,Chicago
777399577291286339,195.0,2,Entire home/apt,1.0,1.0,1.0,undefined,32,True,,False,,302,41.8945286,-87.63340520000003,Chicago
777496291747246525,254.0,10,Entire home/apt,3.0,4.0,2.0,undefined,2,True,4.83,True,80.0,339,41.85567,-87.62502,Chicago
777508171927458329,50.0,2,Private room,1.0,1.0,2.5,undefined,1,False,4.84,True,10.0,331,41.88415,-87.71015,Chicago
777531915103176211,140.0,4,Entire home/apt,1.0,2.0,1.0,undefined,2,False,4.99,False,1.0,27,41.8945032,-87.6633481,Chicago
777548831904551888,225.0,8,Entire home/apt,3.0,4.0,3.0,undefined,2,False,4.96,True,1.0,357,41.82814968179045,-87.61867275264682,Chicago
778523378410939381,184.0,2,Entire home/apt,0.0,1.0,1.0,undefined,2,False,4.95,True,1.0,0,41.93375331177288,-87.65248586560669,Chicago
778686487878089624,305.0,6,Entire home/apt,3.0,4.0,1.0,undefined,2,False,5.0,False,1.0,312,41.9215356,-87.7312906,Chicago
779012977237420486,140.0,4,Entire home/apt,1.0,2.0,1.0,undefined,32,False,4.51,False,1.0,365,41.8532276,-87.6268499,Chicago
779847692816018201,91.0,4,Entire home/apt,2.0,2.0,1.0,undefined,2,False,4.68,False,5.0,323,41.92383,-87.69369,Chicago
779923069020350721,88.0,6,Entire home/apt,2.0,2.0,1.0,undefined,2,False,4.65,False,88.0,169,41.7949,-87.61664,Chicago
780431576971958994,232.0,8,Entire home/apt,3.0,4.0,3.0,undefined,2,False,4.87,True,1.0,334,41.95666,-87.78441,Chicago
780444774240062817,274.0,8,Entire home/apt,3.0,4.0,2.0,undefined,1,False,4.81,True,3.0,145,41.98940332602662,-87.70243127941808,Chicago
781066042735737365,89.0,6,Entire home/apt,2.0,3.0,1.0,undefined,1,False,4.88,True,18.0,346,41.82384,-87.70089,Chicago
781186064034113431,220.0,4,Private room,1.0,2.0,1.0,undefined,1,True,4.84,True,18.0,53,41.88413,-87.63025,Chicago
781240611652369638,101.0,5,Entire home/apt,3.0,3.0,1.0,undefined,3,True,4.86,True,1.0,242,41.856417679395015,-87.6564166828743,Chicago
781756975718097383,250.0,4,Entire home/apt,2.0,2.0,2.0,undefined,1,False,,False,1.0,360,41.82824,-87.60451,Chicago
781892187390860266,106.0,2,Private room,2.0,1.0,1.0,undefined,32,False,,False,1.0,358,41.94343,-87.73007,Chicago
781987855586644266,324.0,14,Entire home/apt,6.0,9.0,5.0,undefined,2,True,4.8,True,1.0,81,41.81628,-87.6208,Chicago
782446409146218784,260.0,4,Entire home/apt,1.0,1.0,1.0,undefined,32,False,,False,24.0,326,41.9032387,-87.63486329999999,Chicago
782525235032023073,911.0,12,Entire home/apt,2.0,8.0,2.0,undefined,2,False,4.84,True,1.0,30,41.93490580790782,-87.6459328476846,Chicago
782631935395854850,131.0,3,Entire home/apt,1.0,1.0,1.0,undefined,2,False,5.0,False,1.0,46,41.92097254410717,-87.70311221256823,Chicago
784000151755154810,119.0,6,Entire home/apt,2.0,3.0,2.0,undefined,2,False,4.96,False,12.0,30,41.8793253,-87.6819041,Chicago
784193936878363811,160.0,2,Entire home/apt,1.0,1.0,1.0,undefined,32,False,5.0,True,3.0,315,41.90521,-87.63152,Chicago
785423932330914663,216.0,2,Entire home/apt,1.0,1.0,1.0,undefined,32,True,,False,,323,41.890516,-87.635955,Chicago
785426710087480770,197.0,2,Entire home/apt,1.0,1.0,1.0,undefined,32,True,5.0,False,,350,41.8945286,-87.63340520000003,Chicago
785426990771160204,207.0,2,Entire home/apt,1.0,1.0,1.0,undefined,32,True,,False,,86,41.8945286,-87.63340520000003,Chicago
785428954368670590,244.0,2,Entire home/apt,1.0,1.0,1.0,undefined,32,True,,False,,324,41.890516,-87.635955,Chicago
785429252974057580,323.0,4,Entire home/apt,2.0,2.0,2.0,undefined,32,True,4.0,False,,234,41.8911616,-87.62226299999999,Chicago
785429618431075490,207.0,2,Entire home/apt,1.0,1.0,1.0,undefined,32,True,,False,,341,41.8945286,-87.63340520000003,Chicago
785429886476112156,293.0,2,Entire home/apt,1.0,1.0,1.0,undefined,32,True,,False,,281,41.8945286,-87.63340520000003,Chicago
785430167716769323,293.0,2,Entire home/apt,1.0,1.0,1.0,undefined,32,True,,False,,355,41.8945286,-87.63340520000003,Chicago
786314859980446423,396.0,6,Entire home/apt,3.0,4.0,2.0,undefined,2,False,4.76,True,29.0,262,41.8986092,-87.6206819,Chicago
786499125056084115,269.0,5,Entire home/apt,2.0,3.0,1.0,undefined,2,False,4.95,True,1.0,166,41.93894,-87.65524,Chicago
786697287888008909,209.0,2,Entire home/apt,1.0,1.0,1.0,undefined,32,True,5.0,False,,326,41.8945286,-87.63340520000003,Chicago
787566054027005762,319.0,6,Entire home/apt,2.0,3.0,1.0,undefined,32,True,,False,3545.0,363,41.88513,-87.74932,Chicago
787663525904232072,322.0,4,Entire home/apt,2.0,2.0,2.0,undefined,1,False,5.0,False,3.0,365,41.87614721397627,-87.68946806997629,Chicago
787823387803441547,181.0,5,Entire home/apt,2.0,3.0,1.0,undefined,32,False,4.75,True,6.0,352,41.93819,-87.66647,Chicago
788314640784579135,121.0,4,Entire home/apt,2.0,2.0,1.5,undefined,32,True,3.5,False,3545.0,359,41.70462,-87.61095,Chicago
788314790952481922,128.0,5,Entire home/apt,3.0,3.0,1.0,undefined,32,True,1.0,False,3545.0,363,41.87249,-87.71522,Chicago
789833800906973766,81.0,2,Entire home/apt,0.0,2.0,1.0,undefined,1,False,4.78,False,1.0,10,42.0032561,-87.67020029999999,Chicago
790419796797569208,119.0,4,Entire home/apt,1.0,1.0,1.0,undefined,32,True,,True,5.0,145,41.92688,-87.709671,Chicago
790680128488448674,1058.0,15,Entire home/apt,6.0,9.0,6.0,undefined,2,False,5.0,True,136.0,364,41.8764586,-87.6555539,Chicago
790707413840697517,1443.0,16,Entire home/apt,8.0,12.0,8.0,undefined,3,False,5.0,True,136.0,364,41.8764586,-87.6555539,Chicago
790871331049494974,202.0,8,Entire home/apt,3.0,4.0,2.0,undefined,2,True,4.83,,32.0,142,41.9979464,-87.66407389999999,Chicago
790883578380308463,167.0,6,Entire home/apt,3.0,3.0,2.0,undefined,2,True,4.82,,32.0,155,41.99878411831698,-87.66375526429614,Chicago
791095286589727449,217.0,2,Entire home/apt,1.0,1.0,1.0,undefined,32,True,,False,,340,41.8911616,-87.62226299999999,Chicago
791098295374217170,342.0,4,Entire home/apt,2.0,2.0,2.0,undefined,32,True,,False,,116,41.8911616,-87.62226299999999,Chicago
791460640504372746,108.0,4,Entire home/apt,2.0,2.0,2.0,undefined,2,False,4.75,False,3.0,324,41.86133168177298,-87.70581375807524,Chicago
792011009005802909,95.0,8,Private room,2.0,4.0,1.0,undefined,32,False,,False,2.0,264,41.79669927615561,-87.73202065396728,Chicago
792077784641835604,126.0,6,Entire home/apt,3.0,3.0,2.0,undefined,32,False,5.0,True,2.0,355,41.79283790426646,-87.61727798803057,Chicago
792540789158442641,200.0,2,Entire home/apt,1.0,1.0,1.0,undefined,32,True,3.33,False,,0,41.8945286,-87.63340520000003,Chicago
792997816213147018,221.0,4,Entire home/apt,2.0,4.0,1.0,undefined,32,False,,False,1.0,365,41.96977,-87.65353,Chicago
793494058458745362,500.0,10,Entire home/apt,4.0,5.0,3.0,undefined,1,True,,False,2.0,360,41.85818027349205,-87.64664831207952,Chicago
793519585729936101,232.0,4,Private room,1.0,2.0,1.0,undefined,1,True,4.76,True,18.0,60,41.88538372043955,-87.62984037821218,Chicago
794269127115279841,87.0,1,Private room,1.0,1.0,1.0,undefined,60,False,,False,1.0,90,41.7934587,-87.5946779,Chicago
794432943433581906,192.0,6,Entire home/apt,3.0,3.0,2.5,undefined,6,False,4.94,True,3.0,14,41.8484587506757,-87.68523189085427,Chicago
795099860511357681,150.0,2,Private room,1.0,1.0,1.0,undefined,2,False,5.0,False,5.0,321,41.92418058244831,-87.69367877941414,Chicago
795378398401248815,150.0,2,Private room,1.0,1.0,1.0,undefined,2,False,4.38,False,5.0,320,41.92548,-87.69586,Chicago
796407726018721299,232.0,2,Private room,1.0,1.0,1.0,undefined,1,True,4.75,True,18.0,61,41.883912348741696,-87.62969354144141,Chicago
796465765285127869,232.0,2,Private room,1.0,1.0,1.0,undefined,1,True,4.83,True,18.0,66,41.88386255848874,-87.63009639524205,Chicago
796465880869883962,232.0,2,Private room,1.0,1.0,1.0,undefined,1,True,4.73,True,18.0,62,41.88407983227038,-87.62811298077611,Chicago
796502673687573569,232.0,2,Private room,1.0,1.0,1.0,undefined,1,True,4.93,True,18.0,60,41.88531185092463,-87.62800989833387,Chicago
796577437412249252,136.0,2,Entire home/apt,1.0,1.0,1.0,undefined,2,True,4.54,False,5.0,45,41.95447550889623,-87.67043441248222,Chicago
796603565653623748,80.0,5,Entire home/apt,2.0,2.0,1.0,undefined,2,False,4.54,False,5.0,332,41.89904,-87.75435,Chicago
796884430156054658,234.0,2,Entire home/apt,1.0,1.0,1.0,undefined,32,True,,False,,262,41.8950138,-87.62791490000001,Chicago
796884763450914647,226.0,2,Entire home/apt,1.0,1.0,1.0,undefined,32,True,5.0,False,,321,41.8945286,-87.63340520000003,Chicago
796886940740501619,222.0,2,Entire home/apt,1.0,1.0,1.0,undefined,32,True,,False,,111,41.8860812,-87.63422229999998,Chicago
797240135572507251,217.0,10,Entire home/apt,4.0,4.0,2.0,undefined,2,True,4.81,True,6.0,334,41.8935875,-87.6617254,Chicago
797366668806692109,89.0,4,Entire home/apt,2.0,2.0,1.0,undefined,2,False,4.88,False,1.0,57,41.78203946605952,-87.61392391427937,Chicago
797862274646922471,91.0,2,Private room,1.0,1.0,2.0,undefined,32,False,5.0,False,1.0,365,41.67934489239559,-87.62586559052387,Chicago
798035438434398838,157.0,3,Entire home/apt,2.0,2.0,1.0,undefined,2,False,4.98,True,1.0,218,41.9823189,-87.67370919999999,Chicago
798550379778693100,109.0,4,Entire home/apt,2.0,2.0,1.0,undefined,1,False,4.94,True,1.0,244,41.97356674231713,-87.71683394908906,Chicago
798593024970947062,171.0,2,Entire home/apt,1.0,1.0,1.0,undefined,28,False,4.83,True,2.0,207,41.911658161235614,-87.64754421472807,Chicago
799968905188661289,149.0,4,Entire home/apt,2.0,2.0,1.0,undefined,2,False,4.89,False,2.0,211,41.99126188937719,-87.67162565141916,Chicago
801373794766236676,110.0,4,Entire home/apt,1.0,1.0,1.0,undefined,1,False,4.84,True,1.0,347,41.94246,-87.7496,Chicago
801512085106777604,232.0,2,Private room,1.0,1.0,1.0,undefined,1,True,4.76,True,18.0,61,41.88540882301161,-87.62790300382814,Chicago
802052397517471268,135.0,4,Entire home/apt,2.0,1.0,1.0,undefined,3,True,4.91,True,6.0,255,41.82778,-87.617747,Chicago
802090370275514063,197.0,3,Entire home/apt,1.0,1.0,1.0,undefined,32,False,,False,3.0,89,41.89235095584614,-87.61815156193146,Chicago
802156212507389800,165.0,5,Entire home/apt,3.0,3.0,1.0,undefined,30,False,4.81,True,3.0,225,41.79126,-87.62173,Chicago
802414610756875783,62.0,2,Private room,1.0,1.0,2.0,undefined,5,False,4.91,True,11.0,360,41.84857,-87.68483,Chicago
802996947331300153,40.0,2,Private room,1.0,1.0,1.0,undefined,32,False,5.0,False,1.0,276,41.86328,-87.65766,Chicago
803188058217186711,196.0,6,Entire home/apt,2.0,3.0,2.0,undefined,2,True,4.75,True,80.0,345,41.85406901236931,-87.62551252454055,Chicago
803386242543628655,229.0,2,Entire home/apt,1.0,1.0,1.0,undefined,32,True,5.0,False,,306,41.8911616,-87.62226299999999,Chicago
804340058010355222,84.0,6,Entire home/apt,2.0,3.0,1.0,undefined,2,True,4.9,False,1.0,271,41.94997,-87.66394,Chicago
804355070868142573,177.0,6,Entire home/apt,3.0,3.0,1.0,undefined,2,False,4.83,True,13.0,74,41.99214871572978,-87.77786306163152,Chicago
805171539410388266,93.0,9,Entire home/apt,3.0,4.0,1.0,undefined,32,False,,,3.0,360,41.92376,-87.72496,Chicago
805305533860390099,268.0,10,Entire home/apt,3.0,7.0,2.0,undefined,2,True,4.92,True,2.0,296,41.88719,-87.64688,Chicago
805599838927456688,205.0,2,Entire home/apt,1.0,1.0,1.0,undefined,32,True,5.0,False,,187,41.8945286,-87.63340520000003,Chicago
806472697827145411,240.0,6,Entire home/apt,3.0,3.0,2.0,undefined,2,False,5.0,False,1.0,255,41.79224,-87.62163,Chicago
807233671529659173,479.0,12,Entire home/apt,4.0,5.0,2.0,undefined,1,True,4.64,False,18.0,254,41.9458768,-87.6503851,Chicago
807875149223438312,87.0,3,Entire home/apt,1.0,1.0,1.0,undefined,2,False,4.54,False,1.0,64,41.87155674839788,-87.7297335084374,Chicago
808108595377919122,1261.0,14,Entire home/apt,6.0,8.0,6.0,undefined,2,False,5.0,True,136.0,362,41.8949969,-87.6537109,Chicago
808457668793356731,260.0,2,Entire home/apt,1.0,1.0,1.0,undefined,32,True,,False,,99,41.8911616,-87.62226299999999,Chicago
808910288031913668,214.0,8,Entire home/apt,2.0,3.0,2.0,undefined,2,True,4.65,True,80.0,349,41.855753337435466,-87.62502147550161,Chicago
809333652092651306,413.0,8,Entire home/apt,5.0,5.0,3.0,undefined,3,False,5.0,True,2.0,188,41.8376284,-87.61857789999999,Chicago
809622218552631721,380.0,7,Entire home/apt,2.0,5.0,2.0,undefined,2,False,4.95,True,3.0,262,41.9446835,-87.65820930000001,Chicago
810145263361455922,81.0,10,Entire home/apt,3.0,5.0,2.5,undefined,32,True,5.0,False,4.0,180,41.907565669463885,-87.64273762295144,Chicago
810644580230760321,288.0,2,Entire home/apt,1.0,1.0,1.0,undefined,32,True,5.0,False,,358,41.8670646,-87.6231114,Chicago
810903797176815984,338.0,6,Entire home/apt,3.0,3.0,2.0,undefined,2,False,5.0,False,1.0,326,41.96620312977344,-87.71067652619966,Chicago
811376906079417326,255.0,2,Entire home/apt,1.0,1.0,1.5,undefined,32,True,,False,,206,41.8911616,-87.62226299999999,Chicago
811377707909850214,244.0,2,Entire home/apt,1.0,1.0,1.5,undefined,32,True,,False,,278,41.8911616,-87.62226299999999,Chicago
811511088781175842,230.0,4,Entire home/apt,1.0,1.0,1.0,undefined,32,True,5.0,True,65.0,362,41.8913478,-87.6373584,Chicago
811537270467013788,488.0,8,Entire home/apt,3.0,3.0,2.0,undefined,2,False,4.79,True,17.0,310,41.951536,-87.6534684,Chicago
811648329048018347,76.0,2,Private room,1.0,1.0,1.0,undefined,1,False,4.83,True,3.0,139,41.98987,-87.70395,Chicago
811733169686724230,119.0,4,Entire home/apt,2.0,2.0,2.0,undefined,7,False,4.88,False,1.0,279,41.77621070794764,-87.59877510093821,Chicago
811967469446163482,208.0,5,Entire home/apt,2.0,2.0,2.0,undefined,1,False,4.2,False,1.0,170,41.93326,-87.80583,Chicago
812497751740798714,497.0,14,Entire home/apt,3.0,7.0,3.0,undefined,2,False,4.94,True,41.0,85,41.9116,-87.63618,Chicago
812588698213960144,172.0,4,Entire home/apt,2.0,2.0,1.0,undefined,32,False,4.6,False,2.0,166,41.966839,-87.668056,Chicago
813156041604916901,82.0,2,Private room,1.0,1.0,2.0,undefined,1,True,4.86,True,2.0,288,41.87748,-87.69289,Chicago
814188550107137307,72.0,3,Private room,1.0,3.0,1.0,undefined,30,True,4.88,False,5.0,334,41.83422,-87.68357,Chicago
814198516176531410,63.0,3,Private room,1.0,2.0,1.0,undefined,30,True,4.76,False,5.0,316,41.83461447898152,-87.68331851647712,Chicago
814456266170506844,493.0,14,Entire home/apt,7.0,9.0,6.0,undefined,2,False,4.91,True,1.0,168,41.91461850014266,-87.68714311917972,Chicago
814512232908890198,166.0,5,Entire home/apt,2.0,2.0,1.0,undefined,2,True,4.52,False,11.0,330,41.84663759584124,-87.70475228655046,Chicago
815565248302037425,43.0,1,Private room,1.0,1.0,1.0,undefined,1,True,4.47,False,17.0,329,41.84972499191549,-87.63411544640506,Chicago
815938170026864626,219.0,4,Entire home/apt,2.0,2.0,1.0,undefined,2,True,4.8,False,28.0,240,41.941982,-87.6520537,Chicago
816071875145690665,191.0,6,Entire home/apt,2.0,3.0,2.0,undefined,2,True,4.93,True,80.0,350,41.85422,-87.62518,Chicago
816159326445503733,41.0,1,Private room,1.0,1.0,2.0,undefined,32,False,5.0,True,1.0,302,41.87228349102826,-87.68892718550882,Chicago
816631703010132041,100.0,2,Entire home/apt,1.0,1.0,1.0,undefined,2,True,4.78,False,5.0,53,41.9551851,-87.6694237,Chicago
816790956271021405,255.0,8,Entire home/apt,4.0,5.0,2.0,undefined,2,False,4.9,True,30.0,339,41.94938,-87.67061,Chicago
817646634236562901,90.0,4,Entire home/apt,0.0,2.0,1.0,undefined,30,False,4.93,False,2.0,354,41.781399426035165,-87.60068167507012,Chicago
817962128383116667,198.0,4,Entire home/apt,2.0,2.0,2.0,undefined,3,False,4.89,False,2.0,65,41.89985,-87.69669,Chicago
818016335910777519,180.0,4,Entire home/apt,2.0,2.0,1.0,undefined,2,False,4.94,True,1.0,41,41.900302,-87.679382,Chicago
819654142015953826,113.0,4,Entire home/apt,2.0,2.0,1.0,undefined,2,True,4.63,False,28.0,253,42.0154497,-87.66453299999999,Chicago
819679354816985239,437.0,7,Entire home/apt,3.0,3.0,2.0,undefined,2,False,4.95,True,1.0,307,41.890205,-87.661281,Chicago
819785499829050358,80.0,2,Private room,3.0,3.0,1.0,undefined,1,False,5.0,True,3.0,159,42.00262499999999,-87.666,Chicago
820317740562229595,85.0,3,Entire home/apt,2.0,2.0,1.0,undefined,33,False,,False,1.0,267,41.93426161619023,-87.71884576496247,Chicago
821114357206992348,172.0,8,Entire home/apt,2.0,3.0,2.0,undefined,2,True,4.71,True,80.0,340,41.85518865829032,-87.62538386431704,Chicago
822354268493840061,370.0,11,Entire home/apt,5.0,7.0,4.0,undefined,2,False,4.86,True,1.0,127,41.82333,-87.633,Chicago
822380676502753162,129.0,6,Entire home/apt,3.0,3.0,1.0,undefined,2,False,4.92,True,2.0,215,41.92499,-87.71955,Chicago
822441825495688392,230.0,3,Entire home/apt,1.0,1.0,1.0,undefined,32,True,5.0,True,65.0,362,41.8913478,-87.6373584,Chicago
822519156174601489,115.0,4,Entire home/apt,1.0,2.0,1.0,undefined,2,True,4.72,,32.0,150,42.011868,-87.666904,Chicago
822574581430147478,230.0,4,Entire home/apt,2.0,2.0,1.0,undefined,2,False,5.0,True,1.0,56,41.9793748,-87.66999899999999,Chicago
822590156223178532,115.0,4,Entire home/apt,1.0,2.0,1.0,undefined,2,False,4.88,True,1.0,338,41.834969,-87.657402,Chicago
822653851012929669,162.0,5,Entire home/apt,2.0,4.0,1.0,undefined,3,False,4.67,False,1.0,357,41.96623497440028,-87.71529950698822,Chicago
822719660459550574,155.0,4,Entire home/apt,1.0,2.0,1.0,undefined,32,False,5.0,True,105.0,361,41.88607,-87.62588,Chicago
822724197395569750,140.0,10,Entire home/apt,3.0,7.0,2.0,undefined,2,False,4.39,False,8.0,261,41.8219346328227,-87.62290288531833,Chicago
822741493341705998,124.0,4,Entire home/apt,1.0,4.0,1.0,undefined,5,False,4.82,,3.0,254,41.9451990972299,-87.67913571176786,Chicago
823239405203252910,230.0,6,Entire home/apt,2.0,2.0,1.0,undefined,3,False,4.53,False,4.0,306,41.9501804,-87.6541232,Chicago
823273576559656432,174.0,6,Entire home/apt,3.0,4.0,2.0,undefined,1,False,4.95,False,2.0,329,41.96745586548561,-87.70880093687829,Chicago
823933346092222069,275.0,9,Entire home/apt,1.0,4.0,1.5,undefined,2,False,4.63,False,5.0,173,41.92846,-87.66367,Chicago
824613697329849098,140.0,16,Entire home/apt,4.0,5.0,2.0,undefined,2,False,4.92,False,88.0,168,41.85688,-87.64204,Chicago
824899143409141471,68.0,2,Private room,1.0,1.0,1.5,undefined,2,True,4.59,True,10.0,356,41.88594,-87.70564,Chicago
825392040226364970,144.0,5,Entire home/apt,2.0,2.0,1.0,undefined,2,False,4.9,True,2.0,93,41.79476,-87.62802,Chicago
826036071911122222,75.0,4,Entire home/apt,1.0,2.0,1.0,undefined,15,False,,False,1.0,161,41.8619122,-87.62357420000001,Chicago
826169652046388400,176.0,4,Entire home/apt,2.0,2.0,2.0,undefined,2,False,4.79,False,1.0,195,41.8100578232032,-87.61511240490972,Chicago
826202255500238246,135.0,7,Entire home/apt,3.0,4.0,1.0,undefined,2,True,4.98,True,1.0,347,41.93866,-87.70076,Chicago
826845999960303927,392.0,8,Entire home/apt,4.0,5.0,2.5,undefined,3,False,4.96,True,1.0,59,41.93798919192974,-87.65334205518035,Chicago
826875962550662839,240.0,6,Entire home/apt,4.0,4.0,1.0,undefined,32,True,,True,5.0,270,41.75325,-87.55056,Chicago
826909411087389923,85.0,2,Private room,1.0,1.0,1.0,undefined,2,False,4.88,False,12.0,349,41.97162,-87.71325,Chicago
828223193431882832,68.0,1,Private room,1.0,1.0,1.0,undefined,20,False,4.7,False,3.0,204,41.9676036491658,-87.65893714703908,Chicago
828252445771384757,233.0,2,Entire home/apt,0.0,1.0,1.0,undefined,32,False,5.0,True,30.0,323,41.8882948,-87.6462779,Chicago
828271247179704213,160.0,4,Entire home/apt,2.0,2.0,1.0,undefined,2,False,5.0,True,1.0,265,41.710857116158486,-87.64712317896202,Chicago
828348415319716243,233.0,2,Entire home/apt,1.0,1.0,1.0,undefined,32,False,,True,30.0,365,41.8882948,-87.6462779,Chicago
828359826502562197,285.0,3,Entire home/apt,1.0,1.0,1.0,undefined,32,False,,True,30.0,365,41.8882948,-87.6462779,Chicago
828361734550821101,233.0,2,Entire home/apt,0.0,1.0,1.0,undefined,32,False,4.0,True,30.0,365,41.8882948,-87.6462779,Chicago
828372613145965893,233.0,2,Entire home/apt,0.0,1.0,1.0,undefined,32,True,,True,30.0,365,41.8882948,-87.6462779,Chicago
828374129360312840,285.0,3,Entire home/apt,1.0,1.0,1.0,undefined,32,False,,True,30.0,365,41.8882948,-87.6462779,Chicago
828417860340180137,129.0,6,Entire home/apt,3.0,3.0,1.0,undefined,2,False,4.75,True,13.0,83,41.99008253714072,-87.77657074392948,Chicago
828473527937784539,575.0,6,Entire home/apt,3.0,3.0,3.0,undefined,32,False,,True,30.0,364,41.8882948,-87.6462779,Chicago
828473628942219824,305.0,4,Private room,2.0,2.0,2.0,undefined,32,True,,True,30.0,365,41.8882948,-87.6462779,Chicago
828480276017584508,105.0,2,Entire home/apt,0.0,1.0,1.0,undefined,2,True,4.74,False,28.0,255,41.9626656,-87.7559615,Chicago
828567290919810654,220.0,6,Entire home/apt,2.0,3.0,2.0,undefined,32,False,,False,22.0,364,41.88678711192357,-87.62006152421236,Chicago
828943483786403326,320.0,4,Entire home/apt,2.0,2.0,2.0,undefined,32,False,4.0,True,30.0,365,41.8882948,-87.6462779,Chicago
828949232132275695,285.0,3,Entire home/apt,1.0,2.0,1.0,undefined,32,False,4.0,True,30.0,365,41.8882948,-87.6462779,Chicago
828954692811952085,285.0,3,Entire home/apt,1.0,2.0,1.0,undefined,32,False,,True,30.0,365,41.8882948,-87.6462779,Chicago
829013445773562476,575.0,6,Entire home/apt,3.0,3.0,2.0,undefined,32,False,,True,30.0,364,41.8882948,-87.6462779,Chicago
829018133443339150,305.0,4,Entire home/apt,2.0,2.0,2.0,undefined,32,False,5.0,True,30.0,365,41.8882948,-87.6462779,Chicago
829027478161126941,305.0,4,Entire home/apt,2.0,2.0,2.0,undefined,32,True,,True,30.0,336,41.8882948,-87.6462779,Chicago
829036069122276397,320.0,4,Entire home/apt,2.0,2.0,2.0,undefined,32,False,,True,30.0,365,41.8882948,-87.6462779,Chicago
829043669154862268,320.0,4,Entire home/apt,2.0,2.0,2.0,undefined,32,False,5.0,True,30.0,329,41.8882948,-87.6462779,Chicago
829051045245683600,320.0,4,Entire home/apt,2.0,3.0,2.0,undefined,32,False,,True,30.0,365,41.8882948,-87.6462779,Chicago
829090403466534399,250.0,7,Entire home/apt,3.0,4.0,2.0,undefined,3,False,4.96,True,1.0,65,41.8015265518073,-87.64463660799517,Chicago
829897346331499609,340.0,7,Entire home/apt,4.0,4.0,2.5,undefined,2,False,4.95,True,2.0,29,41.79903,-87.59024,Chicago
830032482919888467,177.0,4,Entire home/apt,1.0,2.0,1.0,undefined,32,False,5.0,False,22.0,177,41.8869919,-87.6250007,Chicago
830082381552366749,162.0,4,Entire home/apt,1.0,2.0,1.0,undefined,32,False,,False,22.0,361,41.89779792702074,-87.63158929900578,Chicago
830486347621437741,385.0,7,Entire home/apt,3.0,4.0,2.0,undefined,4,False,4.98,True,3.0,320,41.8859279,-87.652031,Chicago
830706771268743770,154.0,4,Entire home/apt,1.0,2.0,1.0,undefined,32,False,,False,22.0,358,41.89716953498158,-87.6332754949635,Chicago
831314821531801640,167.0,6,Entire home/apt,2.0,3.0,1.0,undefined,1,True,4.96,True,1.0,265,41.901983,-87.68056419999999,Chicago
831660569363863566,211.0,4,Entire home/apt,2.0,2.0,1.0,undefined,32,True,4.0,False,,55,41.9937216,-87.6600059,Chicago
832083406902654521,235.0,8,Entire home/apt,2.0,4.0,2.0,undefined,2,False,4.97,True,12.0,356,41.88219,-87.68172,Chicago
832509225508617765,63.0,2,Private room,1.0,1.0,1.5,undefined,2,True,4.78,True,10.0,354,41.88600211749608,-87.70569260724702,Chicago
832515914377872868,52.0,1,Private room,1.0,1.0,1.5,undefined,2,True,4.92,True,10.0,356,41.88451146147257,-87.7069805100656,Chicago
832521000962952627,50.0,1,Private room,1.0,1.0,1.5,undefined,2,True,4.78,True,10.0,356,41.88461274007662,-87.70764014467748,Chicago
832522640524232781,62.0,2,Private room,1.0,1.0,1.5,undefined,2,True,4.9,True,10.0,352,41.88683148171242,-87.70586897006149,Chicago
832524016996416395,53.0,1,Private room,1.0,1.0,1.5,undefined,2,True,4.9,True,10.0,358,41.884636407143454,-87.7070841658966,Chicago
832530322574536381,110.0,5,Entire home/apt,3.0,3.0,2.0,undefined,32,False,,False,5.0,365,41.775624,-87.59582010000001,Chicago
832728479157812136,121.0,2,Entire home/apt,1.0,1.0,1.0,undefined,4,False,4.95,False,3.0,177,41.8460281,-87.6560033,Chicago
832769814566740250,160.0,4,Entire home/apt,1.0,2.0,1.0,undefined,1,False,4.68,False,2.0,51,41.8676695,-87.62611919999999,Chicago
832777325608001941,158.0,6,Entire home/apt,3.0,4.0,1.0,undefined,2,False,4.96,True,2.0,60,41.8472589083168,-87.65568279518119,Chicago
832851395489863197,249.0,9,Entire home/apt,2.0,4.0,2.0,undefined,2,False,4.99,True,12.0,350,41.88169,-87.68171,Chicago
833284728623688460,392.0,16,Entire home/apt,8.0,10.0,6.0,undefined,3,False,4.67,False,1.0,85,41.9386314,-87.7025105,Chicago
833411324472756978,128.0,6,Entire home/apt,3.0,3.0,1.0,undefined,32,False,4.91,False,1.0,154,41.93847254562017,-87.77183692967924,Chicago
834154510098180933,145.0,5,Entire home/apt,2.0,0.0,2.0,undefined,1,False,4.65,False,3.0,16,41.88257,-87.70342,Chicago
834288904236760884,264.0,7,Entire home/apt,4.0,4.0,2.0,undefined,1,True,4.44,False,3.0,359,41.78577629999999,-87.6677831,Chicago
834625681430286121,200.0,4,Entire home/apt,1.0,2.0,1.0,undefined,1,False,4.82,True,2.0,249,41.89484,-87.66035,Chicago
834849801853132851,185.0,10,Entire home/apt,5.0,0.0,2.0,undefined,2,False,4.59,False,2.0,87,41.7289475,-87.62203559999999,Chicago
834954569986827745,138.0,6,Entire home/apt,3.0,3.0,2.0,undefined,2,True,4.88,True,4.0,341,41.93168275414173,-87.71673093844244,Chicago
834985028869992919,234.0,6,Entire home/apt,2.0,3.0,2.0,undefined,3,True,4.63,False,2.0,277,41.89430896335623,-87.6346377360517,Chicago
835410998810832575,238.0,6,Entire home/apt,3.0,2.0,3.0,undefined,10,False,5.0,True,5.0,197,41.8819315,-87.6527984,Chicago
835622439521407464,162.0,6,Entire home/apt,3.0,5.0,1.0,undefined,2,False,4.88,False,2.0,136,41.9764716517363,-87.8345174185344,Chicago
835723640904788938,490.0,7,Entire home/apt,2.0,5.0,2.5,undefined,5,False,4.96,True,53.0,53,41.87301,-87.62656,Chicago
836107571644297879,115.0,5,Entire home/apt,1.0,3.0,1.0,undefined,2,False,4.91,True,2.0,353,41.82346542762683,-87.60626148947884,Chicago
836112928860519418,253.0,6,Entire home/apt,2.0,3.0,1.5,undefined,5,False,4.91,True,53.0,58,41.87263410927552,-87.62598004507339,Chicago
836120781617232751,836.0,12,Entire home/apt,4.0,8.0,4.0,undefined,4,False,4.75,True,53.0,129,41.87293,-87.62622,Chicago
836782194065722277,188.0,2,Entire home/apt,1.0,1.0,1.0,undefined,4,True,4.86,True,11.0,331,41.8919196,-87.6290468,Chicago
836887784531029634,133.0,4,Entire home/apt,2.0,3.0,1.0,undefined,3,False,5.0,True,1.0,233,41.9290524,-87.6945362,Chicago
836990389915065775,162.0,5,Entire home/apt,3.0,4.0,1.0,undefined,2,False,4.88,True,2.0,72,41.85619695848067,-87.66271301070473,Chicago
837055212890041785,295.0,6,Entire home/apt,2.0,3.0,2.0,undefined,6,False,4.91,True,61.0,254,41.86428,-87.62277,Chicago
837119558217187857,238.0,5,Entire home/apt,2.0,3.0,2.0,undefined,6,False,4.9,True,61.0,254,41.86454499522825,-87.62470977968914,Chicago
837129757536564907,135.0,4,Entire home/apt,3.0,2.0,1.0,undefined,2,False,4.94,False,2.0,168,41.9622475,-87.7036943,Chicago
837171839162275677,524.0,12,Entire home/apt,4.0,9.0,3.5,undefined,2,True,4.93,True,7.0,154,41.8831625,-87.6947563,Chicago
837651273534264559,280.0,4,Entire home/apt,1.0,2.0,1.0,undefined,1,True,4.48,False,73.0,330,41.883807483523015,-87.66276861940396,Chicago
837654001202334074,302.0,2,Entire home/apt,0.0,1.0,1.0,undefined,1,True,4.56,False,73.0,336,41.8835,-87.6639,Chicago
837659616246978644,151.0,2,Entire home/apt,0.0,1.0,1.0,undefined,1,True,4.68,False,73.0,348,41.88515834103844,-87.66426026163477,Chicago
837796526847874975,349.0,6,Entire home/apt,3.0,3.0,2.0,undefined,2,False,4.89,False,12.0,338,41.9714841,-87.71306589999999,Chicago
838125655658022105,262.0,4,Entire home/apt,2.0,2.0,2.0,undefined,32,True,,False,,54,41.94517299999999,-87.641759,Chicago
838238125450257841,149.0,2,Entire home/apt,0.0,0.0,1.0,undefined,4,True,4.89,True,11.0,292,41.8919196,-87.6290468,Chicago
838689973912642220,307.0,8,Entire home/apt,3.0,4.0,2.0,undefined,2,False,4.79,False,12.0,164,41.93788423073875,-87.66723114623642,Chicago
838842840540884922,171.0,6,Entire home/apt,3.0,3.0,1.0,undefined,2,False,4.89,True,13.0,308,41.94182,-87.67927,Chicago
839201761909683221,153.0,4,Entire home/apt,1.0,2.0,1.0,undefined,32,False,5.0,False,22.0,173,41.88654838816896,-87.6258285198723,Chicago
839218835205937508,163.0,4,Entire home/apt,1.0,2.0,1.0,undefined,32,False,,False,22.0,263,41.88739,-87.62388,Chicago
839725681928791729,66.0,2,Private room,1.0,1.0,1.0,undefined,2,False,4.67,True,6.0,323,41.77458932398466,-87.61117443947033,Chicago
839844389002713421,324.0,2,Entire home/apt,1.0,1.0,1.0,undefined,32,True,,True,79.0,182,41.89303,-87.62019,Chicago
839864768220749471,423.0,12,Entire home/apt,3.0,3.0,2.0,undefined,3,False,5.0,False,1.0,266,41.9464895,-87.7290835,Chicago
839894873570616302,68.0,4,Private room,1.0,3.0,1.0,undefined,2,False,4.56,False,1.0,230,41.9215553,-87.7447439,Chicago
839896538843378470,172.0,2,Entire home/apt,1.0,1.0,0.0,undefined,32,True,,True,79.0,319,41.88528449308195,-87.62435037766848,Chicago
840548866970800543,292.0,6,Entire home/apt,2.0,2.0,1.0,undefined,2,True,4.92,True,2.0,252,41.95656054565615,-87.66802479377142,Chicago
840681511842586631,143.0,3,Entire home/apt,1.0,2.0,1.0,undefined,2,False,4.96,True,1.0,135,41.97964287392527,-87.67338149328916,Chicago
840709362315832755,513.0,12,Entire home/apt,5.0,5.0,3.0,undefined,2,True,4.74,True,80.0,328,41.85413599531337,-87.62544574489908,Chicago
840714681196454177,637.0,12,Entire home/apt,5.0,5.0,3.0,undefined,2,True,4.86,True,80.0,333,41.85379,-87.62487,Chicago
840721359660109298,625.0,12,Entire home/apt,5.0,5.0,3.0,undefined,2,True,4.75,True,80.0,326,41.85405,-87.62321,Chicago
840730480966735071,550.0,12,Entire home/apt,6.0,6.0,4.0,undefined,2,True,4.82,True,80.0,315,41.85587,-87.62513,Chicago
840885374558932170,198.0,15,Entire home/apt,4.0,6.0,2.0,undefined,2,False,4.54,False,3.0,35,41.73891,-87.6393,Chicago
840887469414002508,243.0,4,Entire home/apt,1.0,2.0,1.0,undefined,2,False,4.97,True,11.0,255,41.896848,-87.66411939999999,Chicago
841275905426651420,102.0,5,Entire home/apt,2.0,1.0,1.0,undefined,3,False,4.89,True,2.0,20,41.96141377112773,-87.71171024641913,Chicago
841456778849150827,178.0,6,Entire home/apt,3.0,3.0,2.0,undefined,1,False,4.65,False,2.0,329,41.96991,-87.67076,Chicago
841470096685898619,66.0,2,Private room,1.0,1.0,1.0,undefined,2,False,4.92,True,6.0,297,41.77590966351402,-87.61284369966182,Chicago
841470846225476229,151.0,4,Entire home/apt,1.0,2.0,1.0,undefined,32,False,,False,22.0,178,41.88699943697145,-87.61912553680403,Chicago
841494990111499700,192.0,4,Entire home/apt,2.0,2.0,1.0,undefined,32,False,4.6,False,4.0,319,41.97128,-87.70191,Chicago
841653025955157554,59.0,2,Private room,1.0,1.0,1.0,undefined,2,False,4.7,True,6.0,322,41.77545,-87.61319,Chicago
841936404963037569,95.0,15,Entire home/apt,4.0,6.0,3.0,undefined,1,False,4.84,True,2.0,178,41.9350714,-87.7159068,Chicago
842193665210357079,163.0,4,Entire home/apt,1.0,2.0,1.0,undefined,32,False,,False,22.0,359,41.88706,-87.61919,Chicago
842200217049516969,152.0,4,Entire home/apt,1.0,2.0,1.0,undefined,32,False,,False,22.0,176,41.89781,-87.63273,Chicago
842203175224828183,679.0,12,Entire home/apt,6.0,6.0,3.0,undefined,2,True,4.77,True,80.0,326,41.853885661158905,-87.62335771598437,Chicago
842221658848190882,173.0,4,Entire home/apt,1.0,2.0,1.0,undefined,32,False,5.0,True,149.0,179,41.88798,-87.6261,Chicago
842311097895369481,210.0,5,Entire home/apt,3.0,4.0,1.0,undefined,2,False,4.98,True,1.0,295,41.98733,-87.69643,Chicago
842740048010437980,156.0,6,Entire home/apt,3.0,3.0,2.0,undefined,32,True,5.0,False,7.0,365,41.78522900000001,-87.6241739,Chicago
842749728060157787,175.0,6,Entire home/apt,4.0,5.0,2.0,undefined,2,False,4.67,False,1.0,322,41.9184266,-87.7124331,Chicago
842773426769995380,130.0,4,Entire home/apt,2.0,2.0,1.5,undefined,32,False,4.75,False,7.0,175,41.78522900000001,-87.6241739,Chicago
842980541370347260,95.0,3,Entire home/apt,2.0,2.0,1.0,undefined,2,True,4.94,True,1.0,230,41.80989135213034,-87.72299678843156,Chicago
843028644486260666,129.0,4,Entire home/apt,2.0,2.0,1.0,undefined,32,False,5.0,True,19.0,365,41.65851989999999,-87.5461816,Chicago
843359859423747623,24.0,2,Private room,1.0,2.0,1.0,undefined,1,False,2.33,False,23.0,241,41.75657,-87.58315,Chicago
843363792290207058,24.0,2,Private room,1.0,1.0,1.0,undefined,3,False,3.8,False,23.0,260,41.754449374677726,-87.58490524042591,Chicago
843367130852015100,33.0,2,Private room,1.0,1.0,1.0,undefined,3,False,4.14,False,23.0,254,41.75457749660377,-87.58358312995826,Chicago
843662826998729515,351.0,6,Entire home/apt,3.0,4.0,3.5,undefined,4,False,4.94,True,1.0,161,41.93298114603744,-87.70315607076819,Chicago
843717931038778177,87.0,2,Private room,1.0,1.0,1.0,undefined,1,True,4.72,False,6.0,309,41.90634,-87.66666,Chicago
843839624399626666,31.0,1,Private room,1.0,1.0,1.5,undefined,32,False,5.0,False,16.0,365,41.78701821256535,-87.66277430093047,Chicago
844180940631891272,103.0,4,Entire home/apt,1.0,1.0,1.0,undefined,90,False,,False,1.0,179,41.90319177098768,-87.63392028445983,Chicago
844199899790461053,63.0,2,Entire home/apt,1.0,1.0,1.0,undefined,1,False,4.9,True,1.0,255,41.96956637871648,-87.78071563429174,Chicago
844341785896722119,255.0,7,Entire home/apt,3.0,4.0,3.0,undefined,2,False,5.0,True,5.0,130,41.92409,-87.71307,Chicago
845630127026134316,299.0,6,Entire home/apt,2.0,2.0,2.5,undefined,32,False,5.0,False,3.0,89,41.87852,-87.66698,Chicago
845798863461567579,571.0,16,Entire home/apt,6.0,10.0,2.0,undefined,2,False,4.99,True,4.0,284,41.95694,-87.66865,Chicago
846216471589763319,253.0,10,Entire home/apt,4.0,4.0,2.0,undefined,2,False,4.98,,5.0,336,42.010077060238,-87.67903593160544,Chicago
846283820544298090,126.0,4,Entire home/apt,2.0,3.0,1.0,undefined,1,False,4.94,True,15.0,305,41.892833821556565,-87.67774892418184,Chicago
847192738485309695,164.0,4,Entire home/apt,1.0,2.0,1.0,undefined,32,False,,False,22.0,361,41.89571507267535,-87.63161850059625,Chicago
847370053184181700,113.0,4,Private room,2.0,2.0,2.0,undefined,1,False,4.67,False,1.0,48,41.75155,-87.57697,Chicago
847393611138706973,306.0,10,Entire home/apt,5.0,5.0,2.0,undefined,2,False,4.86,True,13.0,70,41.9454,-87.73423,Chicago
847586523954020563,206.0,2,Entire home/apt,1.0,1.0,1.0,undefined,32,True,,False,,297,41.9080259,-87.62638960000001,Chicago
847825159250157798,248.0,4,Entire home/apt,2.0,2.0,2.0,undefined,3,False,4.93,True,2.0,342,41.8822197,-87.69497020000001,Chicago
847830236387301505,52.0,6,Entire home/apt,2.0,5.0,1.0,undefined,32,False,5.0,False,3.0,282,41.84188,-87.65866,Chicago
848179166474321942,194.0,8,Entire home/apt,2.0,3.0,2.0,undefined,2,True,4.83,True,80.0,351,41.85351893388901,-87.62548244598182,Chicago
848326436070591181,181.0,2,Entire home/apt,1.0,1.0,1.0,undefined,32,True,2.5,False,,84,41.8925035,-87.61628259999999,Chicago
848473435359340191,155.0,2,Entire home/apt,2.0,2.0,1.0,undefined,3,False,4.87,False,7.0,168,41.9179845,-87.6803709,Chicago
848528220657588295,129.0,4,Entire home/apt,3.0,5.0,2.5,undefined,32,False,4.97,True,1.0,318,41.95144,-87.65593,Chicago
848586552420970104,230.0,4,Entire home/apt,1.0,2.0,1.0,undefined,32,True,4.5,True,65.0,362,41.8913478,-87.6373584,Chicago
848686323393976699,186.0,4,Entire home/apt,1.0,2.0,1.0,undefined,3,False,4.97,False,2.0,322,42.01550579371808,-87.6669511508238,Chicago
848697836662635757,118.0,6,Entire home/apt,3.0,4.0,1.0,undefined,2,True,4.91,True,3.0,121,41.88982884042968,-87.68325641717739,Chicago
848783157994318942,81.0,3,Private room,4.0,2.0,1.0,undefined,1,True,4.86,False,6.0,260,41.90690577624572,-87.66795048111732,Chicago
848823504564754000,217.0,12,Entire home/apt,4.0,6.0,2.0,undefined,2,False,4.86,True,74.0,322,41.99412,-87.66095,Chicago
848982732370093638,220.0,2,Entire home/apt,1.0,1.0,1.0,undefined,32,True,3.0,False,,285,41.9839704,-87.655453,Chicago
849580927818399066,109.0,4,Entire home/apt,2.0,2.0,1.5,undefined,2,True,4.7,False,28.0,252,42.0127382,-87.68175099999999,Chicago
849587105956871776,86.0,2,Entire home/apt,1.0,1.0,1.0,undefined,2,True,4.57,False,28.0,257,42.0157737,-87.66467519999999,Chicago
849900737008649278,166.0,6,Entire home/apt,3.0,3.0,2.0,undefined,32,False,5.0,False,1.0,329,41.9554629,-87.6468967,Chicago
850226601621268113,296.0,16,Entire home/apt,4.0,9.0,3.0,undefined,2,True,4.9,True,2.0,352,41.93178676290752,-87.65362064315966,Chicago
850893661205743382,183.0,9,Entire home/apt,4.0,5.0,2.5,undefined,2,False,4.74,False,1.0,148,41.77195,-87.5709,Chicago
851445222944778050,106.0,10,Entire home/apt,4.0,5.0,1.0,undefined,2,False,4.57,,9.0,11,41.91158,-87.70685,Chicago
852324441790108863,372.0,6,Entire home/apt,3.0,3.0,3.0,undefined,2,False,4.88,True,1.0,167,41.80751,-87.611766,Chicago
852898501736077137,234.0,4,Entire home/apt,0.0,1.0,1.0,undefined,32,True,5.0,False,24.0,365,41.9032387,-87.63486329999999,Chicago
853539824874139802,179.0,4,Entire home/apt,2.0,2.0,1.0,undefined,1,False,4.96,True,3.0,25,41.93703,-87.66685,Chicago
853599394666049715,142.0,4,Entire home/apt,1.0,3.0,1.0,undefined,1,False,4.73,True,1.0,347,41.82029329795291,-87.6105906706665,Chicago
853610740524849113,40.0,2,Private room,1.0,1.0,2.0,undefined,1,False,4.52,False,7.0,332,41.94665193965305,-87.71259678836059,Chicago
853848485359778128,411.0,6,Entire home/apt,2.0,2.0,2.0,undefined,2,False,4.95,True,43.0,119,41.89956,-87.62189,Chicago
854222884197878937,199.0,5,Entire home/apt,2.0,2.0,1.0,undefined,2,False,4.83,True,1.0,267,41.7164528,-87.6191971,Chicago
854332684291409436,170.0,4,Entire home/apt,2.0,2.0,1.0,undefined,2,False,4.94,False,3.0,292,41.91770594394291,-87.70277843413332,Chicago
854533832293417361,384.0,16,Entire home/apt,4.0,10.0,2.0,undefined,2,False,4.98,True,5.0,313,41.9392428,-87.6422525,Chicago
854579524905866500,145.0,4,Entire home/apt,1.0,2.0,1.0,undefined,32,False,5.0,True,149.0,91,41.88745,-87.62454,Chicago
854838829532805248,110.0,6,Entire home/apt,3.0,3.0,2.5,undefined,2,False,4.6,False,1.0,338,41.75325301061231,-87.64438418500639,Chicago
855057258065037120,100.0,2,Entire home/apt,1.0,1.0,1.0,undefined,1,True,4.84,True,7.0,22,41.9551526,-87.6694809,Chicago
855099989384899334,261.0,4,Entire home/apt,2.0,0.0,2.5,undefined,2,False,5.0,True,1.0,222,41.9639506,-87.6826421,Chicago
855178518937083755,112.0,2,Entire home/apt,1.0,1.0,1.0,undefined,1,True,4.79,True,7.0,21,41.95582330586237,-87.66843232674005,Chicago
855376203394835115,195.0,8,Entire home/apt,2.0,3.0,2.0,undefined,2,True,4.87,True,80.0,342,41.85361,-87.62455,Chicago
855678022513997841,92.0,2,Entire home/apt,1.0,1.0,1.0,undefined,2,True,4.91,True,30.0,342,41.96097558853919,-87.66796415134755,Chicago
855686503709210948,487.0,12,Entire home/apt,4.0,6.0,3.5,undefined,2,False,4.97,True,43.0,129,41.9026828617223,-87.67517290089653,Chicago
855756311859188826,51.0,2,Private room,1.0,1.0,1.0,undefined,2,False,4.79,False,6.0,90,41.77345,-87.63445,Chicago
855793496096661543,38.0,2,Private room,1.0,1.0,1.0,undefined,2,False,4.7,False,6.0,263,41.77161334496751,-87.63340399978942,Chicago
855957811810607023,40.0,2,Private room,1.0,1.0,1.0,undefined,2,False,4.78,False,6.0,84,41.77347,-87.63453,Chicago
855992077852850944,44.0,2,Private room,1.0,1.0,1.0,undefined,2,False,4.85,False,6.0,83,41.77313,-87.63489,Chicago
855999780840293282,47.0,2,Private room,1.0,1.0,1.0,undefined,2,False,4.87,False,6.0,85,41.77351,-87.63316,Chicago
856059776143534166,165.0,6,Entire home/apt,3.0,3.0,2.0,undefined,3,False,4.78,True,2.0,358,41.8818954,-87.7694606,Chicago
856080991268335070,138.0,4,Entire home/apt,2.0,2.0,1.0,undefined,3,True,4.94,True,2.0,345,41.88053295325809,-87.7699166689929,Chicago
856467809893977646,115.0,5,Entire home/apt,3.0,3.0,1.0,undefined,1,False,4.45,True,2.0,140,41.74183578277683,-87.55982789341638,Chicago
856623501806058171,244.0,6,Entire home/apt,2.0,3.0,2.0,undefined,2,False,4.78,True,29.0,292,41.87723,-87.62901,Chicago
856685275666500590,149.0,2,Entire home/apt,1.0,1.0,1.0,undefined,1,False,4.96,True,2.0,249,41.94482,-87.68347,Chicago
857286894309411023,239.0,6,Entire home/apt,3.0,4.0,3.0,undefined,2,True,4.74,,32.0,157,41.8563213,-87.6560896,Chicago
857897314396385090,229.0,10,Entire home/apt,2.0,5.0,2.0,undefined,2,True,4.44,False,3545.0,266,41.88597,-87.74832,Chicago
857919831773530996,397.0,12,Entire home/apt,5.0,6.0,2.0,undefined,2,True,4.78,False,46.0,349,41.8559,-87.62531,Chicago
858045090931060087,150.0,10,Entire home/apt,3.0,4.0,1.5,undefined,2,False,4.8,True,2.0,337,41.79491226119964,-87.62085780501366,Chicago
858106736841519114,1403.0,8,Entire home/apt,4.0,4.0,3.5,undefined,1,False,5.0,False,7.0,54,41.90852,-87.6321,Chicago
858155471219612792,269.0,10,Entire home/apt,4.0,5.0,2.0,undefined,2,False,4.8,False,4.0,251,41.89541,-87.67964,Chicago
858606588258932755,74.0,2,Private room,1.0,1.0,1.0,undefined,1,True,4.85,True,7.0,354,41.80423421377105,-87.60280592202308,Chicago
858703236133238528,160.0,4,Entire home/apt,2.0,2.0,1.0,undefined,4,False,4.92,False,2.0,361,41.937308,-87.7788152,Chicago
858774110188496351,447.0,7,Entire home/apt,2.0,5.0,2.0,undefined,2,True,4.95,True,136.0,285,41.8963634,-87.6266788,Chicago
858774390888375065,444.0,7,Entire home/apt,2.0,5.0,2.0,undefined,1,True,4.63,True,136.0,325,41.8963634,-87.6266788,Chicago
858785227989913028,37.0,1,Private room,1.0,1.0,1.0,undefined,2,False,4.89,True,8.0,350,42.01393,-87.68306,Chicago
858920029791793458,103.0,5,Entire home/apt,2.0,2.0,1.0,undefined,1,False,3.5,False,3.0,86,41.93293123432919,-87.7076964957055,Chicago
859323906970385877,274.0,2,Entire home/apt,1.0,1.0,1.0,undefined,32,True,,False,,357,41.9080259,-87.62638960000001,Chicago
859347500083030819,244.0,4,Private room,1.0,4.0,1.0,undefined,1,True,4.72,False,51.0,32,41.89312,-87.62759,Chicago
859506987389521859,26.0,1,Private room,1.0,1.0,1.0,undefined,7,False,4.67,False,9.0,144,41.85172165532074,-87.67201120896677,Chicago
860195499625473435,176.0,4,Entire home/apt,1.0,2.0,1.0,undefined,32,False,,True,149.0,142,41.88656635945366,-87.62413415766893,Chicago
860214782884758417,706.0,12,Entire home/apt,5.0,8.0,2.0,undefined,2,False,4.93,False,32.0,332,41.94542430913235,-87.65544981717905,Chicago
860929722137588376,110.0,4,Entire home/apt,3.0,1.0,1.5,undefined,2,False,5.0,True,4.0,87,41.68885718876015,-87.60632953615136,Chicago
861418729016993006,132.0,4,Entire home/apt,1.0,1.0,1.0,undefined,1,True,4.92,,22.0,152,41.8805,-87.64267,Chicago
862023955300889411,339.0,6,Entire home/apt,2.0,2.0,2.0,undefined,2,False,4.95,False,2.0,3,41.95256,-87.6638,Chicago
862168546136138144,139.0,2,Entire home/apt,2.0,2.0,1.0,undefined,3,False,4.85,True,3.0,218,41.856187,-87.66487509999999,Chicago
862919192998753246,175.0,3,Entire home/apt,1.0,1.0,1.0,undefined,32,True,5.0,True,2.0,212,41.9054286,-87.6319398,Chicago
862924603981060307,218.0,2,Entire home/apt,1.0,1.0,1.0,undefined,32,True,5.0,False,,129,41.886064,-87.624718,Chicago
863182382072254344,286.0,4,Entire home/apt,1.0,2.0,1.0,undefined,32,False,,False,24.0,365,41.9032387,-87.63486329999999,Chicago
863194390325837220,390.0,4,Entire home/apt,2.0,3.0,2.0,undefined,32,False,,False,24.0,365,41.9032387,-87.63486329999999,Chicago
863636371747014418,152.0,4,Entire home/apt,1.0,2.0,1.0,undefined,32,False,,False,22.0,364,41.886024310393765,-87.62455888939076,Chicago
864102419716009980,80.0,2,Private room,1.0,1.0,1.0,undefined,32,False,4.81,True,10.0,182,41.888901108463465,-87.63225973610889,Chicago
864468892539701928,225.0,6,Entire home/apt,3.0,3.0,1.5,undefined,2,False,5.0,False,2.0,257,41.75547,-87.70742,Chicago
864527642059448923,224.0,4,Entire home/apt,1.0,2.0,1.0,undefined,1,True,4.84,False,18.0,242,41.94527958965612,-87.6599414659398,Chicago
864678201599352230,111.0,2,Entire home/apt,0.0,1.0,1.0,undefined,32,False,3.0,False,1.0,359,41.92030015783255,-87.63955036852249,Chicago
864717656930745311,132.0,4,Entire home/apt,2.0,2.0,1.0,undefined,7,False,5.0,False,2.0,120,41.93203591823272,-87.6540362257459,Chicago
864802925328873602,198.0,2,Entire home/apt,1.0,1.0,1.0,undefined,3,False,4.94,True,23.0,84,41.88261,-87.65188,Chicago
865111955592268477,236.0,6,Entire home/apt,3.0,3.0,2.0,undefined,1,False,4.88,True,3.0,358,41.88821,-87.71676,Chicago
865359577497782592,143.0,4,Entire home/apt,1.0,2.0,1.0,undefined,2,False,4.95,True,1.0,18,41.99128367959612,-87.66519778316565,Chicago
865887464040028165,308.0,6,Entire home/apt,3.0,3.0,2.0,undefined,2,True,5.0,,2.0,85,41.90179366829448,-87.67758834465648,Chicago
866592893678443205,147.0,4,Entire home/apt,1.0,1.0,1.0,undefined,2,False,4.76,False,13.0,332,41.90092649904573,-87.63420549379292,Chicago
866658352968565189,376.0,16,Entire home/apt,6.0,9.0,4.0,undefined,2,False,4.96,True,1.0,338,41.9142468,-87.7316553,Chicago
866750471253080309,405.0,6,Entire home/apt,3.0,4.0,1.0,undefined,2,False,4.99,True,1.0,149,41.9137127,-87.64136669999999,Chicago
866916481195578374,121.0,6,Entire home/apt,3.0,3.0,1.0,undefined,1,False,5.0,False,2.0,264,41.77383570233633,-87.61385470325246,Chicago
866934987567728953,169.0,4,Entire home/apt,2.0,2.0,2.0,undefined,32,False,,False,1.0,365,41.85752016383709,-87.65870846807957,Chicago
867246577438703595,445.0,7,Entire home/apt,2.0,5.0,2.0,undefined,3,True,4.83,True,136.0,316,41.8963634,-87.6266788,Chicago
867391291341640738,89.0,6,Entire home/apt,3.0,4.0,1.0,undefined,2,False,4.66,False,15.0,326,41.76384,-87.60246,Chicago
867393727443549310,746.0,14,Entire home/apt,4.0,9.0,2.5,undefined,1,True,4.93,False,4.0,337,41.91506129216806,-87.68786706586056,Chicago
867478558835439380,622.0,8,Entire home/apt,3.0,5.0,2.5,undefined,3,True,4.73,True,136.0,313,41.8963634,-87.6266788,Chicago
867482915989142375,803.0,14,Entire home/apt,4.0,10.0,4.0,undefined,2,False,4.63,True,136.0,360,41.8963634,-87.6266788,Chicago
868075243974482141,351.0,6,Entire home/apt,3.0,8.0,2.0,undefined,1,True,4.97,False,5.0,74,41.95036,-87.65299,Chicago
868465022719822037,242.0,10,Entire home/apt,2.0,6.0,2.0,undefined,2,False,4.93,True,12.0,363,41.88148212188867,-87.68349060504812,Chicago
868475899478993572,235.0,8,Entire home/apt,2.0,4.0,2.0,undefined,2,False,4.98,True,12.0,365,41.88191,-87.68145,Chicago
868479328856816706,280.0,10,Entire home/apt,2.0,6.0,2.0,undefined,2,False,4.98,True,12.0,364,41.882005022223005,-87.68319235451155,Chicago
868626170726003858,206.0,2,Entire home/apt,1.0,1.0,1.0,undefined,32,True,4.0,False,,116,41.8670646,-87.6231114,Chicago
868631342820982306,205.0,2,Entire home/apt,1.0,1.0,1.0,undefined,32,True,5.0,False,,200,41.886064,-87.624718,Chicago
868822636678763616,95.0,3,Private room,3.0,1.0,2.0,undefined,2,False,4.83,False,4.0,353,41.81661915757147,-87.5986486177164,Chicago
869629465773314100,95.0,5,Entire home/apt,2.0,3.0,2.0,undefined,32,False,5.0,False,4.0,302,41.8738544273578,-87.6850328889451,Chicago
870171985949477977,400.0,6,Entire home/apt,2.0,2.0,2.0,undefined,2,False,5.0,True,1.0,348,41.950484,-87.655919,Chicago
870947328157412960,247.0,6,Entire home/apt,3.0,3.0,3.0,undefined,3,True,4.96,True,3.0,356,41.93236658340683,-87.68649514764547,Chicago
871168007617851047,131.0,4,Entire home/apt,2.0,2.0,1.0,undefined,2,False,4.86,True,6.0,345,41.83992,-87.64246,Chicago
871295168030647381,570.0,12,Entire home/apt,6.0,6.0,4.0,undefined,2,True,4.89,True,80.0,326,41.85495209671524,-87.62541074248028,Chicago
871556379122079264,1068.0,16,Entire home/apt,4.0,8.0,2.5,undefined,2,False,5.0,True,1.0,114,41.89562,-87.6551,Chicago
871704134665304671,177.0,5,Entire home/apt,2.0,3.0,1.0,undefined,2,False,5.0,True,1.0,22,41.90947567228414,-87.67191360883243,Chicago
871723429809670757,177.0,5,Entire home/apt,3.0,3.0,1.0,undefined,32,False,5.0,True,4.0,192,41.9293352,-87.70525099999999,Chicago
871771610794809480,211.0,7,Entire home/apt,3.0,4.0,1.0,undefined,32,False,4.94,True,6.0,121,41.95457479446211,-87.71689452453253,Chicago
871812066093206518,77.0,4,Entire home/apt,2.0,2.0,1.0,undefined,2,True,4.55,False,15.0,332,41.756144,-87.6104514,Chicago
872075732208775750,145.0,5,Entire home/apt,2.0,2.0,1.0,undefined,1,False,4.95,True,2.0,135,41.9675044,-87.74374949999999,Chicago
872583654225293161,945.0,14,Entire home/apt,4.0,7.0,3.5,undefined,2,False,5.0,True,5.0,363,41.89105,-87.67985,Chicago
873159647913423434,61.0,2,Private room,1.0,1.0,1.0,undefined,32,False,4.67,False,2.0,269,41.7624082,-87.5646539,Chicago
873159658220492277,56.0,2,Private room,1.0,1.0,1.0,undefined,32,False,4.33,False,2.0,269,41.7624082,-87.5646539,Chicago
873178387278861832,116.0,2,Private room,1.0,1.0,1.0,undefined,2,False,4.95,True,1.0,57,41.93631764835209,-87.66219566486411,Chicago
873296328560041690,177.0,12,Entire home/apt,3.0,4.0,1.0,undefined,3,True,4.75,False,9.0,237,41.92627,-87.69101,Chicago
874055052093127167,119.0,6,Entire home/apt,3.0,3.0,1.0,undefined,2,True,4.83,True,3.0,184,41.891495331180806,-87.68535713262406,Chicago
875409205851931422,119.0,4,Entire home/apt,1.0,1.0,1.0,undefined,28,False,5.0,True,3.0,242,41.89262,-87.66762,Chicago
875469008216961892,202.0,4,Entire home/apt,2.0,2.0,2.0,undefined,32,False,5.0,True,2.0,155,41.9155383,-87.679831,Chicago
875474837499200684,78.0,4,Entire home/apt,2.0,3.0,1.0,undefined,3,False,4.33,False,1.0,126,41.73037202258877,-87.66128090784574,Chicago
875813802496264458,113.0,2,Entire home/apt,1.0,2.0,1.0,undefined,4,False,4.88,True,2.0,315,41.938870771184,-87.70574615055266,Chicago
876055023387126629,304.0,9,Entire home/apt,3.0,5.0,2.0,undefined,2,True,4.89,True,1.0,346,41.94212,-87.73206,Chicago
876460369207261687,303.0,10,Entire home/apt,4.0,6.0,3.0,undefined,3,False,4.95,True,1.0,101,41.9046,-87.66308,Chicago
876674873427823758,96.0,10,Entire home/apt,3.0,5.0,1.0,undefined,1,False,4.87,True,18.0,347,41.8228104,-87.699846,Chicago
876712651291261486,255.0,12,Entire home/apt,4.0,8.0,2.0,undefined,32,True,4.67,False,3545.0,267,41.87859,-87.77262,Chicago
876909021755239519,423.0,16,Entire home/apt,5.0,6.0,3.0,undefined,2,False,5.0,True,6.0,328,41.9916432,-87.6773934,Chicago
877441853714388758,98.0,4,Entire home/apt,2.0,2.0,1.0,undefined,2,True,4.77,True,5.0,183,41.9058259757225,-87.6888035233199,Chicago
877561641890997681,377.0,3,Hotel room,1.0,0.0,1.0,undefined,1,True,4.6,False,4923.0,307,41.89987,-87.62144,Chicago
877657403587993289,83.0,2,Private room,1.0,2.0,1.0,undefined,1,False,4.97,False,5.0,106,42.00052691105666,-87.66481448866662,Chicago
877739471729912742,173.0,3,Entire home/apt,1.0,1.0,1.0,undefined,32,True,,False,3.0,365,41.892931664524944,-87.6157083418562,Chicago
878104893587120556,156.0,6,Entire home/apt,2.0,2.0,1.0,undefined,2,False,4.84,True,1.0,120,42.01388,-87.68577,Chicago
878208604809836365,22.0,1,Shared room,1.0,1.0,2.0,undefined,1,False,4.45,True,20.0,344,42.01569298839194,-87.68731914143763,Chicago
878232910021909634,62.0,2,Private room,1.0,1.0,2.0,undefined,5,False,4.85,True,11.0,360,41.85050952022495,-87.68442925037255,Chicago
878248077330414785,108.0,4,Entire home/apt,1.0,2.0,1.0,undefined,1,False,4.98,True,15.0,309,41.8910070690999,-87.6784121135407,Chicago
879035468285610750,104.0,2,Entire home/apt,1.0,1.0,1.0,undefined,1,False,4.82,False,1.0,148,41.91027393145752,-87.77357366697055,Chicago
879041421089228747,199.0,4,Entire home/apt,2.0,2.0,1.0,undefined,32,False,5.0,False,3.0,355,41.87791079368374,-87.70000544528,Chicago
879239088409080521,36.0,2,Private room,1.0,1.0,1.0,undefined,2,False,4.65,False,3.0,61,41.934109314640224,-87.70752860975746,Chicago
879280682666693862,176.0,4,Entire home/apt,1.0,2.0,1.0,undefined,32,False,,True,105.0,364,41.88748,-87.62083,Chicago
879989032852532095,204.0,8,Entire home/apt,2.0,4.0,2.0,undefined,2,True,4.9,True,80.0,352,41.85405255737509,-87.62549113737933,Chicago
880466579633036096,124.0,4,Entire home/apt,2.0,2.0,1.0,undefined,2,False,4.98,True,1.0,13,41.899750551311335,-87.68394994869892,Chicago
880516430162106428,34.0,1,Private room,1.0,1.0,1.0,undefined,32,False,5.0,False,13.0,81,41.79608,-87.65959,Chicago
880516989957619978,32.0,2,Private room,1.0,1.0,1.0,undefined,32,False,4.75,False,13.0,144,41.79580678438033,-87.66004759304515,Chicago
881065808297939047,26.0,2,Private room,1.0,1.0,1.0,undefined,3,True,2.5,False,23.0,270,41.75492,-87.58365,Chicago
881358620875977025,184.0,6,Entire home/apt,2.0,3.0,2.0,undefined,2,True,4.9,,32.0,163,41.8563213,-87.6560896,Chicago
881493946414606811,63.0,2,Private room,1.0,1.0,1.0,undefined,1,True,4.77,True,7.0,345,41.80248,-87.60243,Chicago
881501234757439024,63.0,2,Private room,1.0,1.0,1.0,undefined,1,True,4.88,True,7.0,338,41.80291,-87.60222,Chicago
881758482387105946,309.0,10,Entire home/apt,4.0,4.0,3.0,undefined,3,True,4.88,True,1.0,361,41.798683328733055,-87.62333618728965,Chicago
881956026361535887,148.0,6,Entire home/apt,3.0,5.0,1.0,undefined,2,False,4.91,True,1.0,195,41.9840467,-87.6716687,Chicago
882058405823900831,166.0,5,Entire home/apt,2.0,4.0,1.0,undefined,2,False,4.98,True,2.0,22,41.8501555,-87.6773563,Chicago
882129239375998594,135.0,4,Entire home/apt,1.0,1.0,1.0,undefined,2,False,4.78,True,1.0,170,41.76673483447057,-87.56918296061643,Chicago
882186352794962538,86.0,6,Entire home/apt,2.0,5.0,2.0,undefined,2,False,4.76,False,1.0,164,42.00357,-87.69858,Chicago
882212649694134413,104.0,4,Entire home/apt,2.0,2.0,1.0,undefined,2,False,4.72,False,5.0,337,41.92541959714492,-87.69548820660364,Chicago
882409852732328510,58.0,2,Private room,1.0,1.0,1.0,undefined,32,True,3.0,False,4.0,365,41.76472619095807,-87.65103678260286,Chicago
882483449809358247,232.0,4,Entire home/apt,2.0,2.0,1.5,undefined,32,True,5.0,False,,0,41.9894945,-87.6557771,Chicago
882518314810628634,29.0,2,Shared room,1.0,6.0,3.0,undefined,32,False,4.33,False,38.0,364,41.75262681404925,-87.65488761954482,Chicago
882794700994439691,109.0,2,Entire home/apt,1.0,1.0,1.0,undefined,32,False,5.0,True,6.0,337,41.9345302,-87.72014320000001,Chicago
882831177126829967,516.0,10,Entire home/apt,4.0,6.0,3.5,undefined,3,False,4.98,True,1.0,240,41.9563035805099,-87.68180696570138,Chicago
883137402588150429,244.0,6,Entire home/apt,2.0,3.0,2.0,undefined,6,False,4.88,True,61.0,327,41.86267494922655,-87.62293311979505,Chicago
883149318101517996,203.0,6,Entire home/apt,2.0,3.0,2.0,undefined,6,False,4.89,True,61.0,247,41.86262,-87.62257,Chicago
883432475221605078,50.0,6,Entire home/apt,2.0,3.0,1.0,undefined,2,True,4.77,True,1.0,336,41.98069,-87.66451,Chicago
883478455662104871,146.0,7,Entire home/apt,3.0,4.0,2.0,undefined,1,False,4.68,False,2.0,344,41.83968,-87.63167,Chicago
883501499698672837,49.0,1,Private room,1.0,1.0,1.0,undefined,32,False,5.0,True,51.0,290,41.85857885097028,-87.66929516639176,Chicago
883545643482655632,51.0,1,Private room,1.0,1.0,1.0,undefined,32,False,5.0,True,51.0,342,41.85883,-87.67083,Chicago
883617605151757675,151.0,6,Entire home/apt,3.0,3.0,1.0,undefined,2,True,4.4,False,3545.0,362,41.72673,-87.61008,Chicago
884049933896242006,85.0,2,Entire home/apt,1.0,1.0,1.0,undefined,32,True,5.0,True,9.0,306,41.95057,-87.65652,Chicago
884208947873631974,336.0,2,Private room,1.0,1.0,1.0,undefined,32,True,,False,1.0,365,41.91017,-87.79651,Chicago
884488646539076768,232.0,2,Entire home/apt,1.0,1.0,1.0,undefined,32,True,,False,,280,41.8850096,-87.6440271,Chicago
884951679986490906,141.0,6,Entire home/apt,2.0,2.0,1.0,undefined,2,True,4.81,False,11.0,346,41.84859,-87.70258,Chicago
885104325159968410,108.0,2,Entire home/apt,1.0,1.0,1.0,undefined,2,True,4.97,True,30.0,333,41.94761,-87.65823,Chicago
885110514696247236,48.0,1,Private room,1.0,1.0,1.0,undefined,32,False,5.0,True,51.0,327,41.85912168011714,-87.66903523273649,Chicago
885315799445182066,142.0,4,Entire home/apt,2.0,2.0,1.0,undefined,2,False,4.91,True,1.0,242,41.9301309498816,-87.72095903797222,Chicago
885364362467911717,117.0,2,Entire home/apt,0.0,1.0,1.0,undefined,32,False,4.5,False,1.0,201,42.01309869828138,-87.66685195519882,Chicago
885668376257061168,241.0,10,Entire home/apt,4.0,5.0,2.0,undefined,2,False,4.91,False,4.0,335,41.89545,-87.67983,Chicago
885767542283284167,102.0,3,Entire home/apt,1.0,2.0,1.0,undefined,3,False,4.73,True,2.0,335,41.89429,-87.67785,Chicago
885843923967649226,36.0,2,Private room,1.0,1.0,1.0,undefined,10,False,5.0,True,2.0,219,41.863768733830376,-87.73188110317875,Chicago
886216778024388990,160.0,5,Entire home/apt,1.0,2.0,1.5,undefined,1,True,4.99,True,2.0,304,41.95314116690816,-87.64974854886532,Chicago
886502718457112534,37.0,1,Private room,1.0,1.0,1.0,undefined,2,False,4.74,True,8.0,354,42.0143,-87.68296,Chicago
886673555577985294,164.0,2,Entire home/apt,0.0,1.0,1.0,undefined,32,True,,False,,328,41.9080259,-87.62638960000001,Chicago
886760623742332015,167.0,2,Entire home/apt,0.0,1.0,1.0,undefined,32,True,4.5,False,,320,41.9080259,-87.62638960000001,Chicago
886768668260097617,200.0,2,Entire home/apt,1.0,1.0,1.0,undefined,32,True,,False,,177,41.9080259,-87.62638960000001,Chicago
886872247715058143,187.0,8,Entire home/apt,2.0,3.0,2.0,undefined,2,True,4.78,True,80.0,342,41.855616460759634,-87.62359931297661,Chicago
887149600567104079,205.0,6,Entire home/apt,1.0,5.0,1.5,undefined,2,False,4.97,True,1.0,34,41.9508752,-87.65628149999999,Chicago
887262473629708724,271.0,8,Entire home/apt,3.0,0.0,2.0,undefined,1,False,4.84,True,5.0,361,41.82222116097876,-87.61659334546633,Chicago
887569464410373355,202.0,2,Entire home/apt,1.0,1.0,1.0,undefined,32,True,,False,,0,41.9080259,-87.62638960000001,Chicago
887657375154296515,89.0,2,Entire home/apt,0.0,1.0,1.0,undefined,2,True,4.69,False,28.0,254,42.0088909,-87.6670962,Chicago
887659847872760176,89.0,2,Entire home/apt,0.0,1.0,1.0,undefined,2,True,4.81,False,28.0,256,42.0088909,-87.6670962,Chicago
887683905867915239,313.0,6,Entire home/apt,4.0,4.0,3.0,undefined,2,False,5.0,True,11.0,57,41.95256,-87.67971,Chicago
887884578137379510,235.0,4,Entire home/apt,2.0,2.0,1.0,undefined,2,False,4.8,True,4.0,291,41.90453,-87.63859,Chicago
888302782916954401,168.0,4,Entire home/apt,2.0,3.0,1.0,undefined,1,False,4.96,True,1.0,221,41.91796759719179,-87.68804233459612,Chicago
888384213321865016,119.0,3,Entire home/apt,1.0,2.0,1.0,undefined,3,True,4.79,False,11.0,17,41.85864234522331,-87.66374247698207,Chicago
888412962571500107,281.0,10,Entire home/apt,3.0,9.0,2.0,undefined,1,False,4.6,,3.0,349,41.83847,-87.6507,Chicago
888970033466730041,29.0,2,Shared room,1.0,6.0,3.0,undefined,32,False,4.5,False,38.0,364,41.75485659988594,-87.65459087115875,Chicago
889022995844018903,119.0,6,Entire home/apt,3.0,3.0,2.0,undefined,1,False,4.73,True,4.0,350,41.96084405928187,-87.76704658832523,Chicago
889292910009850488,125.0,5,Entire home/apt,1.0,2.0,1.0,undefined,2,False,4.98,True,1.0,220,41.91449,-87.68389,Chicago
889363292218853615,268.0,6,Entire home/apt,2.0,3.0,2.0,undefined,1,False,4.84,,12.0,288,41.9437103,-87.655821,Chicago
889712285509752503,312.0,10,Entire home/apt,3.0,5.0,2.0,undefined,2,False,4.91,False,32.0,335,41.93581446207185,-87.65897273007339,Chicago
889756069569763423,362.0,10,Entire home/apt,3.0,5.0,2.5,undefined,1,False,5.0,False,12.0,339,41.89717599999999,-87.6557064,Chicago
889875107763870675,150.0,4,Entire home/apt,2.0,2.0,1.0,undefined,2,False,5.0,False,3.0,95,41.87637603035998,-87.69842037963231,Chicago
890660274564441782,429.0,8,Entire home/apt,3.0,4.0,1.5,undefined,2,False,4.92,False,1.0,91,41.95035306160853,-87.7315475922486,Chicago
890820018010863010,112.0,2,Entire home/apt,1.0,1.0,1.0,undefined,2,True,4.75,False,5.0,225,41.83319602499348,-87.6194016062954,Chicago
891507933940492092,94.0,8,Entire home/apt,2.0,4.0,1.0,undefined,1,False,4.83,True,2.0,244,41.817,-87.69199,Chicago
891944139791116055,188.0,8,Entire home/apt,3.0,3.0,2.0,undefined,1,True,4.62,False,2.0,328,41.8808783,-87.6869842,Chicago
892300665013090229,117.0,5,Entire home/apt,2.0,3.0,1.0,undefined,2,False,4.8,True,2.0,65,41.85399128007675,-87.67041877549889,Chicago
892599651742390800,650.0,8,Entire home/apt,3.0,6.0,2.0,undefined,3,False,,False,1.0,358,42.013938,-87.7070109,Chicago
892692713809959398,124.0,6,Entire home/apt,3.0,4.0,1.0,undefined,2,True,4.77,False,10.0,157,41.82159,-87.62135,Chicago
892860691556845982,57.0,2,Entire home/apt,0.0,2.0,1.0,undefined,1,True,4.47,True,22.0,334,41.89581,-87.65577,Chicago
892923767423038392,80.0,2,Entire home/apt,1.0,1.0,1.0,undefined,2,True,4.54,False,4.0,315,41.8533675,-87.6690821,Chicago
893004246694837011,46.0,2,Private room,1.0,1.0,1.0,undefined,5,False,4.57,True,11.0,344,41.84903,-87.68492,Chicago
893347817779329722,141.0,3,Entire home/apt,2.0,2.0,1.0,undefined,4,True,4.92,False,1.0,256,41.94323,-87.83338,Chicago
893410167893705135,226.0,8,Entire home/apt,3.0,5.0,3.5,undefined,60,False,5.0,False,1.0,335,41.92387,-87.64569,Chicago
894323828435803423,58.0,1,Private room,1.0,1.0,1.0,undefined,2,False,4.25,False,5.0,361,41.72609,-87.60638,Chicago
894330594462035934,680.0,4,Entire home/apt,3.0,3.0,2.0,undefined,32,True,,False,2.0,365,41.86802849434551,-87.68620164307616,Chicago
894347541564904373,43.0,2,Private room,1.0,2.0,1.0,undefined,33,True,,False,4.0,365,41.70259,-87.60348,Chicago
894490633554738241,56.0,4,Private room,1.0,2.0,1.0,undefined,32,True,4.62,True,8.0,335,41.79391615313072,-87.67487106209484,Chicago
894774932883016783,220.0,2,Entire home/apt,1.0,1.0,1.0,undefined,32,True,,False,,171,41.9839704,-87.655453,Chicago
894888182131216687,250.0,3,Entire home/apt,1.0,1.0,1.0,undefined,3,False,4.92,False,1.0,334,41.9215738585084,-87.6502558576035,Chicago
895554734730702580,171.0,6,Entire home/apt,3.0,3.0,2.0,undefined,32,False,4.65,True,6.0,319,41.88094,-87.68451,Chicago
895994885036649235,94.0,4,Entire home/apt,2.0,1.0,1.0,undefined,32,True,4.28,False,18.0,314,41.96274781239468,-87.68342973231175,Chicago
896622548424447244,274.0,8,Entire home/apt,4.0,3.0,3.0,undefined,2,True,4.99,True,1.0,142,41.95075780545525,-87.65794666499903,Chicago
897040971540183175,99.0,4,Entire home/apt,2.0,2.0,1.0,undefined,1,False,4.92,True,2.0,340,41.810314802249394,-87.66687589852239,Chicago
897112829039880213,190.0,4,Entire home/apt,2.0,2.0,1.0,undefined,1,False,4.54,False,3.0,173,41.7554763,-87.5757332,Chicago
897365153497672853,197.0,5,Entire home/apt,2.0,2.0,2.0,undefined,1,False,4.5,True,7.0,365,41.87533716140867,-87.68897724798262,Chicago
897417528609036533,84.0,3,Entire home/apt,1.0,1.0,1.0,undefined,2,False,4.78,True,2.0,76,41.912472987751975,-87.7499288335576,Chicago
897542181554372210,200.0,2,Entire home/apt,1.0,1.0,1.0,undefined,32,True,,False,,102,41.9080259,-87.62638960000001,Chicago
897751089784730313,99.0,4,Entire home/apt,2.0,3.0,1.0,undefined,2,False,4.91,False,2.0,340,41.93782389740788,-87.7245544775653,Chicago
897831204090859929,360.0,2,Entire home/apt,1.0,1.0,1.0,undefined,1,False,4.97,True,3.0,142,41.88739,-87.64973,Chicago
897833280347435563,855.0,12,Entire home/apt,6.0,6.0,4.0,undefined,2,True,4.84,True,80.0,307,41.853693693419096,-87.62344011715805,Chicago
897917748902312174,103.0,2,Entire home/apt,1.0,1.0,1.0,undefined,1,False,4.89,True,1.0,0,42.00927038151074,-87.66276815137677,Chicago
898466186903072118,512.0,12,Entire home/apt,4.0,7.0,4.0,undefined,2,False,4.9,False,32.0,338,41.948941062863454,-87.66062020762388,Chicago
898543788176777504,216.0,8,Entire home/apt,3.0,4.0,2.0,undefined,2,False,4.74,True,1.0,354,41.80476932448033,-87.64340661773544,Chicago
899155407352514427,245.0,4,Entire home/apt,2.0,0.0,1.0,undefined,2,True,4.91,False,1.0,98,41.9175845,-87.67577469999999,Chicago
899292016907591427,111.0,5,Entire home/apt,2.0,3.0,1.0,undefined,1,False,4.94,True,1.0,85,41.94140329058047,-87.71645676344633,Chicago
899370629988417105,60.0,2,Private room,1.0,1.0,2.0,undefined,30,True,4.59,False,12.0,121,41.93621,-87.65948,Chicago
899496155500753527,567.0,8,Entire home/apt,3.0,4.0,2.5,undefined,2,True,4.94,True,14.0,365,41.90615,-87.66807,Chicago
899544156282323531,162.0,4,Entire home/apt,2.0,2.0,2.0,undefined,3,False,4.89,False,7.0,308,41.96971907221744,-87.65222535221923,Chicago
899570857858967003,156.0,5,Entire home/apt,2.0,3.0,1.0,undefined,2,False,4.86,False,2.0,174,41.89753,-87.66402,Chicago
899570869013091129,126.0,5,Entire home/apt,2.0,3.0,1.0,undefined,2,False,4.88,False,2.0,156,41.89701050756248,-87.66523353068847,Chicago
899896319161551202,83.0,1,Private room,1.0,1.0,2.0,undefined,1,False,4.5,False,5.0,360,41.72539196602762,-87.60650427239071,Chicago
899901873122881376,111.0,4,Entire home/apt,2.0,2.0,1.0,undefined,32,True,5.0,False,3545.0,364,41.74503,-87.7026,Chicago
900273084979590877,484.0,8,Entire home/apt,4.0,5.0,3.5,undefined,2,False,4.97,True,1.0,245,41.80359,-87.6119,Chicago
900664326551405325,44.0,2,Private room,1.0,1.0,1.0,undefined,3,False,4.22,False,5.0,364,41.72644320804288,-87.60434900729693,Chicago
900780652938010521,133.0,6,Entire home/apt,2.0,5.0,2.0,undefined,3,False,4.87,True,8.0,348,41.87493,-87.68921,Chicago
901677059567040702,300.0,10,Entire home/apt,4.0,4.0,2.0,undefined,2,False,4.99,True,1.0,341,41.93399187528214,-87.70266954417502,Chicago
902095290928524684,96.0,4,Entire home/apt,1.0,2.0,1.0,undefined,1,False,4.72,False,1.0,130,41.902810047947504,-87.70167712122202,Chicago
902103049718395074,35.0,2,Private room,1.0,1.0,1.0,undefined,32,True,2.0,False,18.0,39,42.01349406126441,-87.66826722718989,Chicago
902142120588141891,98.0,6,Entire home/apt,2.0,2.0,1.0,undefined,2,False,4.83,False,88.0,155,41.79276893758118,-87.61604886421868,Chicago
902145091833204001,272.0,10,Entire home/apt,3.0,7.0,2.0,undefined,2,True,4.72,True,80.0,343,41.85581220644068,-87.6235601896207,Chicago
902273812442510813,48.0,1,Private room,1.0,1.0,1.0,undefined,32,False,5.0,True,51.0,326,41.85914,-87.67045,Chicago
902288828828636529,270.0,7,Entire home/apt,2.0,2.0,1.0,undefined,1,False,5.0,True,3.0,356,41.89465,-87.6898,Chicago
902377066235617518,111.0,4,Entire home/apt,2.0,2.0,1.0,undefined,2,True,4.76,False,11.0,10,41.9119932,-87.6925777,Chicago
902824722083346695,113.0,2,Entire home/apt,1.0,1.0,1.0,undefined,1,False,4.98,True,2.0,95,41.93185005026069,-87.70691574540764,Chicago
903169242383119644,62.0,1,Private room,1.0,0.0,1.0,undefined,2,False,4.95,True,2.0,24,41.85598,-87.66747,Chicago
903591422099598338,328.0,6,Entire home/apt,2.0,4.0,1.0,undefined,2,False,4.89,True,9.0,301,41.85381264600379,-87.62256007249918,Chicago
903818441033819418,124.0,4,Entire home/apt,2.0,2.0,1.0,undefined,2,False,4.92,True,2.0,228,41.77768,-87.61152,Chicago
904234320459893593,46.0,2,Private room,1.0,1.0,1.0,undefined,32,True,4.88,True,8.0,365,41.79245,-87.67482,Chicago
904376450165385857,139.0,12,Entire home/apt,6.0,7.0,2.0,undefined,32,True,4.7,False,2.0,316,41.87079,-87.68479,Chicago
904418978771117050,475.0,12,Entire home/apt,5.0,5.0,3.0,undefined,2,True,4.88,True,80.0,316,41.85356580400239,-87.62516638410449,Chicago
904618469567962173,227.0,4,Entire home/apt,2.0,2.0,1.0,undefined,3,True,4.9,True,4.0,257,41.90533302122145,-87.66639106514144,Chicago
905061654202270134,50000.0,2,Private room,1.0,0.0,1.0,undefined,1,True,5.0,False,3444.0,271,41.89297,-87.61983,Chicago
905062061591633051,50000.0,2,Private room,1.0,0.0,1.0,undefined,1,True,,False,3444.0,271,41.89297,-87.61983,Chicago
905062144960239366,40000.0,2,Private room,1.0,0.0,1.0,undefined,1,True,,False,3444.0,272,41.89297,-87.61983,Chicago
905062563622166187,50000.0,2,Private room,1.0,0.0,1.0,undefined,1,True,,False,3444.0,198,41.89297,-87.61983,Chicago
905062664900490210,50000.0,2,Private room,1.0,0.0,1.0,undefined,1,True,4.88,False,3444.0,198,41.89297,-87.61983,Chicago
905063503492183947,40000.0,4,Private room,1.0,0.0,1.0,undefined,1,True,,False,3444.0,263,41.89297,-87.61983,Chicago
905063580217104742,40000.0,4,Private room,1.0,0.0,1.0,undefined,1,True,,False,3444.0,263,41.89297,-87.61983,Chicago
905063705455501417,40000.0,4,Private room,1.0,0.0,1.0,undefined,1,True,,False,3444.0,263,41.89297,-87.61983,Chicago
905064058428432388,40000.0,4,Private room,1.0,0.0,1.0,undefined,1,True,,False,3444.0,263,41.89297,-87.61983,Chicago
905064212562396056,40000.0,4,Private room,1.0,0.0,1.0,undefined,1,True,,False,3444.0,263,41.89297,-87.61983,Chicago
905064695316701662,40000.0,4,Private room,1.0,0.0,1.0,undefined,1,True,,False,3444.0,266,41.89297,-87.61983,Chicago
905073165997588103,145.0,6,Entire home/apt,2.0,3.0,1.0,undefined,2,True,4.59,False,3545.0,321,42.01687,-87.66478,Chicago
905079624069976498,36.0,1,Private room,1.0,1.0,1.0,undefined,2,False,4.95,True,36.0,354,41.99601406539701,-87.78663839917725,Chicago
905953984552276870,300.0,12,Entire home/apt,4.0,5.0,3.5,undefined,1,False,,,39.0,357,41.82978,-87.61994,Chicago
906087590871201823,110.0,3,Entire home/apt,1.0,2.0,1.0,undefined,2,False,4.84,True,3.0,71,41.92969493172306,-87.76318407558468,Chicago
906125920606364571,65.0,2,Private room,1.0,1.0,2.0,undefined,7,True,4.5,False,12.0,158,41.93404297408418,-87.66044499771279,Chicago
906409545154089516,174.0,4,Entire home/apt,2.0,3.0,2.0,undefined,32,True,4.85,False,3.0,365,41.8189,-87.62186,Chicago
906418845295635367,185.0,2,Entire home/apt,1.0,1.0,1.0,undefined,2,False,4.98,True,1.0,117,41.906681526731205,-87.6812457293272,Chicago
906547707773436357,98.0,6,Entire home/apt,3.0,3.0,2.0,undefined,32,False,5.0,True,15.0,140,41.85653,-87.68175,Chicago
906706795051864773,63.0,5,Entire home/apt,2.0,2.0,1.0,undefined,32,False,5.0,False,5.0,313,41.911758498994885,-87.71648238602765,Chicago
906726971896064888,107.0,4,Entire home/apt,2.0,2.0,1.0,undefined,1,True,4.31,False,5.0,47,41.831444474498056,-87.61831655286457,Chicago
906735457944413780,34.0,3,Private room,1.0,2.0,1.0,undefined,1,False,4.91,True,4.0,312,41.81453423189913,-87.69854446998333,Chicago
906802117186627137,31.0,1,Private room,1.0,1.0,1.0,undefined,1,True,4.74,True,4.0,329,41.81318,-87.69932,Chicago
907138251562451758,362.0,6,Entire home/apt,3.0,3.0,2.0,undefined,2,False,4.97,True,2.0,318,41.9102146,-87.6790541,Chicago
907159283163297665,338.0,6,Entire home/apt,3.0,3.0,3.0,undefined,6,False,5.0,True,2.0,197,41.91602,-87.635896,Chicago
907306273104125830,210.0,5,Entire home/apt,2.0,2.0,2.0,undefined,1,False,4.64,True,6.0,362,41.87549010871541,-87.68908047671933,Chicago
907315274490007987,537.0,15,Entire home/apt,5.0,6.0,2.0,undefined,3,False,4.97,True,16.0,348,41.9068,-87.63489,Chicago
907388547740495271,115.0,6,Entire home/apt,3.0,3.0,1.0,undefined,2,False,4.83,False,10.0,340,41.8202968944643,-87.6192542858031,Chicago
907432502225345917,82.0,6,Private room,1.0,4.0,1.0,undefined,32,False,4.0,True,8.0,365,41.79365335657092,-87.6745036336974,Chicago
907444313104296580,49.0,3,Private room,1.0,4.0,1.0,undefined,32,False,4.5,True,8.0,356,41.79218,-87.67335,Chicago
907458879966031819,63.0,4,Private room,1.0,2.0,1.0,undefined,32,False,4.5,True,8.0,365,41.79189,-87.67413,Chicago
907475998974766052,141.0,4,Entire home/apt,2.0,2.0,1.0,undefined,1,False,5.0,True,11.0,277,41.99885782264631,-87.80041780122136,Chicago
907890802430849926,95.0,4,Entire home/apt,2.0,2.0,1.0,undefined,32,False,4.67,False,1.0,156,41.92679071842476,-87.7153049685685,Chicago
908128997230207425,88.0,4,Entire home/apt,1.0,2.0,1.0,undefined,2,False,4.94,True,1.0,343,42.017741431890414,-87.69327887392802,Chicago
908291853914544842,188.0,6,Entire home/apt,2.0,3.0,1.0,undefined,30,False,4.86,False,2.0,179,41.89518843561131,-87.6266010850668,Chicago
908710283829772383,132.0,8,Entire home/apt,3.0,4.0,2.5,undefined,32,False,4.96,True,2.0,365,41.92119,-87.66055,Chicago
908745761186788374,305.0,4,Entire home/apt,2.0,2.0,2.0,undefined,365,True,,True,30.0,365,41.88737,-87.64694,Chicago
908754869087029201,305.0,4,Entire home/apt,2.0,2.0,2.0,undefined,32,True,,True,30.0,365,41.88926,-87.6454,Chicago
908761754496201687,538.0,6,Entire home/apt,3.0,3.0,2.0,undefined,365,True,,True,30.0,365,41.88797555918372,-87.64725540332132,Chicago
908765197821047767,225.0,3,Entire home/apt,1.0,1.0,1.0,undefined,32,True,,True,30.0,333,41.88735377730899,-87.64597516504631,Chicago
908770008164516239,228.0,2,Entire home/apt,0.0,1.0,1.0,undefined,32,True,,True,30.0,365,41.88883,-87.64528,Chicago
908819647156393784,189.0,6,Entire home/apt,3.0,4.0,1.0,undefined,2,False,4.74,,2.0,157,41.85831,-87.64429,Chicago
908824861521419564,119.0,6,Entire home/apt,2.0,3.0,2.0,undefined,32,True,5.0,True,1.0,184,41.89555,-87.62631,Chicago
908976839770918543,562.0,8,Entire home/apt,3.0,4.0,2.0,undefined,2,True,4.92,True,14.0,364,41.90798,-87.66834,Chicago
908978514210836588,600.0,8,Entire home/apt,3.0,4.0,2.5,undefined,2,True,4.93,True,14.0,360,41.90804532807586,-87.6689924591785,Chicago
909113424985120708,214.0,2,Entire home/apt,1.0,1.0,1.0,undefined,32,True,,False,,343,41.941626,-87.6525329,Chicago
909578658283378016,639.0,14,Entire home/apt,6.0,7.0,5.0,undefined,32,False,4.82,False,1.0,114,41.90288674659653,-87.63663011330766,Chicago
909591160735424661,212.0,5,Private room,1.0,6.0,1.0,undefined,32,True,,False,2.0,365,41.70245,-87.52994,Chicago
910135278436646084,167.0,2,Entire home/apt,1.0,1.0,1.0,undefined,2,False,4.9,True,11.0,173,41.93326,-87.72108,Chicago
910258989284341492,97.0,2,Entire home/apt,1.0,1.0,1.0,undefined,2,False,4.94,True,30.0,323,41.94737603536768,-87.66405570396972,Chicago
910446177868506270,58.0,2,Private room,1.0,2.0,1.0,undefined,1,False,,False,3.0,121,41.75981168503835,-87.57250169316083,Chicago
910446184986141564,86.0,4,Entire home/apt,2.0,2.0,1.0,undefined,1,False,,False,3.0,124,41.76067925005641,-87.5723940539244,Chicago
910737851830178728,222.0,6,Entire home/apt,3.0,4.0,1.0,undefined,1,False,4.85,True,2.0,363,41.96817,-87.71191,Chicago
910867963712347553,393.0,9,Entire home/apt,6.0,7.0,3.0,undefined,2,False,4.59,False,2.0,351,41.77167115672398,-87.61731059039285,Chicago
911003217128528192,255.0,6,Entire home/apt,2.0,3.0,2.0,undefined,3,False,4.87,True,1.0,10,41.90752424617609,-87.68708762204166,Chicago
911708707673479585,286.0,4,Entire home/apt,2.0,2.0,1.0,undefined,3,True,4.83,True,3.0,335,41.9224819,-87.64116489999999,Chicago
911883653190403875,252.0,6,Entire home/apt,3.0,3.0,2.5,undefined,2,True,4.88,,26.0,264,41.89576947629924,-87.67093437877378,Chicago
912190335524249561,29.0,2,Shared room,1.0,6.0,3.0,undefined,32,False,4.67,False,38.0,364,41.75247,-87.65584,Chicago
912253370970448123,207.0,4,Entire home/apt,2.0,3.0,1.5,undefined,2,False,4.44,False,2.0,94,41.81596,-87.61992,Chicago
912347557984790526,75.0,2,Private room,1.0,0.0,1.5,undefined,4,True,4.73,False,56.0,265,41.87219973671607,-87.65295654252752,Chicago
912397711519213633,122.0,5,Private room,2.0,2.0,1.0,undefined,1,False,4.46,True,4.0,356,41.96109,-87.76775,Chicago
912500297664912395,87.0,5,Entire home/apt,2.0,2.0,1.0,undefined,1,False,4.82,True,1.0,240,41.79534,-87.71005,Chicago
912522013503536290,186.0,9,Entire home/apt,3.0,5.0,2.0,undefined,2,False,4.61,False,2.0,334,41.81373924313119,-87.64282811433077,Chicago
912674387121598284,151.0,6,Entire home/apt,2.0,2.0,1.0,undefined,32,True,,False,1.0,365,41.81589,-87.61924,Chicago
912885678182642961,384.0,16,Entire home/apt,3.0,10.0,2.0,undefined,2,False,4.97,True,5.0,303,41.9392428,-87.6422525,Chicago
913148870475206987,76.0,2,Private room,1.0,1.0,1.0,undefined,2,False,4.84,True,10.0,356,41.88492,-87.70734,Chicago
913162040478577071,70.0,2,Private room,1.0,1.0,1.0,undefined,2,False,4.75,True,10.0,352,41.884576110140415,-87.70698843377298,Chicago
913186958646564902,100.0,2,Entire home/apt,1.0,1.0,1.0,undefined,2,False,4.96,True,1.0,291,41.96478326820962,-87.68897997278673,Chicago
913749252939177162,89.0,2,Entire home/apt,0.0,1.0,1.0,undefined,32,False,4.0,True,6.0,317,41.9345302,-87.72014320000001,Chicago
913847216036583256,149.0,5,Entire home/apt,2.0,3.0,1.5,undefined,3,False,4.98,True,1.0,246,41.88293592226125,-87.69862589735162,Chicago
914018747047650657,88.0,2,Private room,1.0,1.0,1.5,undefined,2,False,4.64,,26.0,262,41.9743,-87.66158,Chicago
914667559734022176,108.0,7,Entire home/apt,3.0,4.0,1.0,undefined,4,False,4.91,True,2.0,288,41.93901629811709,-87.70571591521508,Chicago
914707875440241881,80.0,2,Private room,1.0,1.0,1.5,undefined,2,False,4.83,False,1.0,18,41.98366844723243,-87.70313810860725,Chicago
915164671501431449,105.0,2,Entire home/apt,0.0,1.0,1.0,undefined,3,True,4.84,False,5.0,245,41.801258,-87.593035,Chicago
915216880800481965,370.0,16,Entire home/apt,7.0,10.0,4.5,undefined,2,False,4.92,True,74.0,318,41.8446289,-87.6553963,Chicago
915370265035854201,100.0,4,Entire home/apt,1.0,2.0,1.0,undefined,2,True,4.79,True,4.0,72,41.92527263250709,-87.69233369775318,Chicago
915471464535160138,297.0,8,Entire home/apt,2.0,4.0,2.0,undefined,2,False,4.98,True,12.0,352,41.88200369421606,-87.68126199809788,Chicago
916037966784835718,77.0,2,Entire home/apt,1.0,1.0,1.0,undefined,2,True,4.59,False,14.0,350,41.8443076,-87.6394818,Chicago
916058668836854207,81.0,1,Private room,1.0,1.0,1.5,undefined,1,False,4.88,,26.0,259,41.97268163040558,-87.66168970451653,Chicago
916068756723413501,78.0,2,Private room,1.0,1.0,1.5,undefined,1,False,4.27,,26.0,267,41.97449950683982,-87.66193949401865,Chicago
916519697215774767,219.0,12,Entire home/apt,4.0,5.0,3.5,undefined,1,False,4.95,False,11.0,327,41.9092241,-87.68814549999999,Chicago
916658122724773865,80.0,2,Private room,1.0,1.0,1.5,undefined,2,False,4.46,,26.0,263,41.97359,-87.66356,Chicago
916773154920005655,125.0,2,Entire home/apt,1.0,1.0,1.0,undefined,32,False,,False,3.0,317,41.89718,-87.62757,Chicago
917160370919077890,88.0,2,Entire home/apt,1.0,1.0,1.0,undefined,1,True,4.79,True,3.0,324,41.845203821103695,-87.717881010083,Chicago
917237913058067472,154.0,7,Entire home/apt,2.0,3.0,1.0,undefined,32,True,5.0,True,6.0,201,41.90799821242356,-87.68516187796435,Chicago
917275668634888013,88.0,2,Entire home/apt,1.0,1.0,1.0,undefined,1,True,4.87,True,3.0,328,41.84702797656782,-87.71810697403187,Chicago
917294757690602460,107.0,2,Entire home/apt,1.0,1.0,1.0,undefined,3,False,4.95,True,1.0,285,41.93681961810906,-87.81515087141742,Chicago
917436466621451250,111.0,3,Entire home/apt,1.0,1.0,1.0,undefined,2,True,4.59,,4.0,345,41.93559209928696,-87.71262187392419,Chicago
917437798709572810,88.0,2,Entire home/apt,1.0,1.0,1.0,undefined,1,True,4.8,True,3.0,331,41.84531707156003,-87.71594474681244,Chicago
917612454755858521,132.0,2,Entire home/apt,1.0,1.0,1.0,undefined,3,False,4.96,False,1.0,247,41.91594806266122,-87.7069558915872,Chicago
917654077150035379,288.0,6,Entire home/apt,3.0,4.0,2.5,undefined,2,False,4.96,True,5.0,336,41.907517375992384,-87.69029506852908,Chicago
917685628877003189,149.0,10,Entire home/apt,3.0,5.0,2.0,undefined,1,True,4.83,False,5.0,324,41.91097,-87.67878,Chicago
917712480410294812,250.0,8,Entire home/apt,3.0,4.0,2.0,undefined,32,False,,False,2.0,365,41.89517771488853,-87.67965298824322,Chicago
918209006228287352,305.0,8,Entire home/apt,3.0,3.0,2.0,undefined,2,True,4.73,True,80.0,353,41.85352,-87.62397,Chicago
918528521729892810,229.0,4,Entire home/apt,1.0,2.0,1.0,undefined,1,True,4.86,False,4.0,342,41.87207,-87.63192,Chicago
918849406594871841,85.0,5,Entire home/apt,0.0,3.0,1.0,undefined,1,False,4.96,True,15.0,293,41.97614859999999,-87.6864724,Chicago
918910993555179394,40.0,1,Private room,1.0,1.0,1.0,undefined,32,False,5.0,True,2.0,352,41.95953176447593,-87.7316097977373,Chicago
919063331751900827,442.0,16,Entire home/apt,6.0,8.0,3.0,undefined,2,False,4.92,True,1.0,348,41.94662342068132,-87.67019022570602,Chicago
919459461279702440,152.0,6,Entire home/apt,3.0,4.0,1.0,undefined,32,False,4.89,True,2.0,365,41.91084083184605,-87.70783872555177,Chicago
919460707453602335,451.0,5,Entire home/apt,2.0,4.0,2.0,undefined,2,True,4.92,True,136.0,331,41.89742529999999,-87.63089509999999,Chicago
919702078476103189,130.0,5,Entire home/apt,2.0,3.0,1.0,undefined,1,False,5.0,True,1.0,159,41.833075549026624,-87.65472406756878,Chicago
919774791415993184,405.0,16,Entire home/apt,4.0,9.0,3.0,undefined,2,True,4.89,True,41.0,113,41.91166957523215,-87.67443681430862,Chicago
919828414432387669,134.0,2,Entire home/apt,1.0,1.0,1.0,undefined,90,False,,True,5.0,238,41.90217,-87.63285,Chicago
920122490571777905,259.0,6,Entire home/apt,2.0,2.0,1.0,undefined,2,True,4.61,False,182.0,119,41.87201,-87.62605,Chicago
920323916793806757,572.0,6,Entire home/apt,1.0,2.0,1.0,undefined,32,False,,False,1.0,269,41.89263,-87.62715,Chicago
921647918890245463,175.0,6,Entire home/apt,2.0,3.0,1.0,undefined,1,True,4.93,True,4.0,11,41.91195223941105,-87.72643366877458,Chicago
922359021812322766,124.0,2,Private room,1.0,1.0,1.0,undefined,2,False,4.91,True,1.0,150,41.7949231,-87.5936596,Chicago
922676754297614917,136.0,4,Entire home/apt,2.0,2.0,1.0,undefined,2,True,4.95,True,1.0,155,41.86781259625456,-87.68508698465575,Chicago
923183837534655508,76.0,2,Private room,1.0,1.0,2.0,undefined,1,False,4.37,,26.0,248,41.974489796615934,-87.66338968739507,Chicago
923190097747709369,80.0,4,Entire home/apt,1.0,4.0,1.0,undefined,32,True,4.89,True,3.0,153,41.8465294,-87.6185981,Chicago
923305712535273081,172.0,4,Entire home/apt,2.0,3.0,2.0,undefined,2,True,4.7,False,2.0,51,41.91154,-87.69407,Chicago
923359726319388514,33.0,2,Private room,1.0,2.0,1.0,undefined,32,False,3.75,True,3.0,359,41.87004144736211,-87.7198324591159,Chicago
923431067443369152,270.0,4,Entire home/apt,2.0,2.0,2.0,undefined,3,False,4.8,False,1.0,357,41.77618,-87.59703,Chicago
924140192659774581,106.0,3,Entire home/apt,1.0,1.0,1.0,undefined,1,False,4.58,False,2.0,21,41.91320395363213,-87.67110380061989,Chicago
924203651424238737,450.0,3,Entire home/apt,1.0,1.0,1.0,undefined,33,False,5.0,False,3.0,364,41.87113,-87.62338,Chicago
924939734387297120,239.0,8,Entire home/apt,3.0,4.0,1.5,undefined,3,False,4.91,True,1.0,0,41.923507,-87.7010536,Chicago
925052985914700295,277.0,7,Entire home/apt,3.0,4.0,1.0,undefined,1,True,4.83,False,1.0,228,41.90825774898887,-87.69351784139872,Chicago
925280844226539129,153.0,6,Entire home/apt,2.0,2.0,2.0,undefined,2,False,4.84,True,17.0,343,41.89331,-87.65813,Chicago
925411948808477755,125.0,6,Entire home/apt,3.0,4.0,2.0,undefined,2,False,4.35,False,1.0,160,41.86427,-87.6859,Chicago
925556261351906598,100.0,5,Entire home/apt,2.0,3.0,1.0,undefined,1,False,4.9,False,1.0,339,41.6916398,-87.6192743,Chicago
925715499269501550,69.0,2,Private room,1.0,1.0,1.0,undefined,1,True,4.81,True,7.0,347,41.803863773732026,-87.60377902332411,Chicago
925948357964558353,143.0,3,Entire home/apt,1.0,1.0,1.0,undefined,28,False,5.0,True,3.0,173,41.93466,-87.80788,Chicago
926109884132328314,234.0,11,Entire home/apt,4.0,4.0,2.0,undefined,32,False,4.82,True,6.0,235,41.8584033,-87.66894359999999,Chicago
926236733948602403,127.0,4,Entire home/apt,1.0,2.0,1.0,undefined,1,True,4.54,False,2.0,326,41.90875113433512,-87.67186894906922,Chicago
926299988814677474,783.0,10,Entire home/apt,3.0,4.0,2.5,undefined,1,True,4.9,False,3.0,129,41.88983,-87.62792,Chicago
926930442467627347,58.0,1,Private room,1.0,1.0,1.0,undefined,80,False,4.88,True,4.0,160,41.90478948967249,-87.69310800293842,Chicago
927443574197415799,114.0,4,Entire home/apt,1.0,2.0,1.0,undefined,1,True,4.59,True,2.0,253,41.91863,-87.63857,Chicago
927569818160732269,900.0,2,Entire home/apt,1.0,1.0,1.0,undefined,3,False,,False,1.0,365,41.91941,-87.69166,Chicago
927801426800709369,210.0,4,Entire home/apt,2.0,3.0,1.0,undefined,2,False,4.98,True,1.0,64,41.89342360190172,-87.66707675731078,Chicago
928804582269430267,92.0,3,Entire home/apt,2.0,2.0,1.0,undefined,2,True,4.69,False,14.0,301,41.84451540615338,-87.63963200370485,Chicago
929029220989877937,85.0,6,Entire home/apt,3.0,0.0,1.0,undefined,2,False,4.4,False,2.0,258,41.7827264,-87.6135374,Chicago
929101556405194528,123.0,9,Entire home/apt,3.0,4.0,2.5,undefined,3,True,4.78,False,334.0,342,41.9485,-87.7389,Chicago
929107879611514871,82.0,2,Entire home/apt,1.0,1.0,1.0,undefined,2,False,4.71,True,1.0,219,41.97576959974931,-87.70211187267728,Chicago
929115857035872312,242.0,6,Entire home/apt,3.0,4.0,1.0,undefined,2,False,4.86,True,1.0,348,41.83956,-87.63344,Chicago
929185875236631628,109.0,4,Entire home/apt,2.0,2.0,1.0,undefined,1,False,4.82,True,1.0,158,41.97155906524086,-87.78102891186194,Chicago
929220018769945029,102.0,3,Entire home/apt,0.0,2.0,1.0,undefined,1,False,4.98,True,1.0,294,41.89314810340728,-87.6605328978082,Chicago
929716689223008024,225.0,8,Entire home/apt,4.0,4.0,3.0,undefined,1,True,4.97,True,1.0,347,41.799049,-87.757896,Chicago
929960937300024726,94.0,3,Entire home/apt,1.0,1.0,1.0,undefined,2,False,4.87,False,1.0,349,41.9912404,-87.7347932,Chicago
929984030325242056,198.0,4,Entire home/apt,2.0,2.0,1.0,undefined,4,True,5.0,True,2.0,259,41.87782,-87.66501,Chicago
930104688129501068,34.0,1,Private room,1.0,1.0,1.0,undefined,32,False,,False,4.0,365,41.76624,-87.65128,Chicago
930516548753160772,138.0,4,Entire home/apt,2.0,3.0,1.0,undefined,1,False,4.96,True,15.0,311,41.9206994,-87.6961395,Chicago
930691208522941000,83.0,4,Entire home/apt,2.0,2.0,1.0,undefined,2,False,4.89,True,1.0,244,41.931351751749496,-87.72571903940043,Chicago
931380267278138074,144.0,6,Entire home/apt,1.0,4.0,1.0,undefined,1,True,4.76,False,38.0,166,41.88270800000001,-87.6281111,Chicago
932046201339398531,333.0,8,Entire home/apt,4.0,4.0,2.5,undefined,4,False,4.89,True,1.0,198,41.8927084,-87.66065379999999,Chicago
932123301754308451,216.0,6,Entire home/apt,3.0,3.0,1.0,undefined,2,True,4.97,True,3.0,39,41.91213538615566,-87.64102097600698,Chicago
932529709072977891,952.0,6,Entire home/apt,3.0,4.0,3.5,undefined,3,False,4.99,True,5.0,264,41.9002035,-87.6256372,Chicago
932548702047898930,50000.0,2,Hotel room,1.0,0.0,1.0,undefined,1,True,4.56,False,4923.0,362,41.89111,-87.62704,Chicago
932554026259557817,40000.0,10,Hotel room,2.0,0.0,2.0,undefined,1,True,,False,4923.0,340,41.89111,-87.62704,Chicago
932638550832538536,199.0,3,Entire home/apt,1.0,1.0,1.0,undefined,90,False,5.0,False,3.0,358,41.88225,-87.66576,Chicago
932687818991252572,250.0,2,Entire home/apt,1.0,1.0,1.0,undefined,32,True,,False,2.0,365,41.90880075738495,-87.68846249034952,Chicago
932715382817929341,374.0,6,Entire home/apt,3.0,4.0,2.0,undefined,32,True,5.0,False,5.0,297,41.92267796390685,-87.6436919033425,Chicago
932890285662394649,214.0,8,Entire home/apt,3.0,5.0,1.0,undefined,1,False,4.9,False,3.0,309,41.9017647,-87.6775104,Chicago
933355342404502923,173.0,6,Entire home/apt,2.0,3.0,1.0,undefined,2,True,4.71,False,46.0,245,41.855167278742,-87.6239653066795,Chicago
933966507862102380,145.0,6,Entire home/apt,2.0,4.0,1.0,undefined,1,True,4.92,True,1.0,154,41.9731,-87.69029,Chicago
933970988754637851,33.0,2,Private room,1.0,1.0,1.0,undefined,7,True,4.85,False,9.0,46,41.85153,-87.67021,Chicago
934014793160952933,301.0,6,Entire home/apt,3.0,4.0,2.0,undefined,2,False,5.0,True,2.0,218,41.8933129205456,-87.66368609617716,Chicago
934182154632932625,96.0,2,Entire home/apt,1.0,1.0,1.0,undefined,3,False,4.98,True,2.0,130,41.9751532130762,-87.82249247392588,Chicago
934346385651190135,142.0,3,Entire home/apt,1.0,3.0,1.0,undefined,2,False,4.88,False,4.0,365,41.69123626234613,-87.6387396905945,Chicago
934631082343014056,97.0,4,Entire home/apt,2.0,2.0,1.0,undefined,2,False,4.65,False,14.0,337,41.84489934700208,-87.63961369232618,Chicago
934760584015867463,250.0,4,Entire home/apt,1.0,2.0,1.0,undefined,5,False,4.93,False,1.0,270,41.968413384159824,-87.6906724746621,Chicago
934823060637501054,100.0,1,Private room,1.0,1.0,1.5,undefined,2,False,4.71,False,6.0,359,41.80481,-87.62243,Chicago
935459998451079421,177.0,3,Entire home/apt,1.0,2.0,2.0,undefined,2,True,4.7,False,3545.0,332,41.92296,-87.64405,Chicago
935779337743496316,106.0,2,Entire home/apt,1.0,1.0,1.0,undefined,32,False,5.0,True,1.0,178,41.8960075853958,-87.62482600926978,Chicago
936015844848598560,63.0,2,Private room,1.0,1.0,1.0,undefined,2,False,4.76,True,31.0,8,41.83734,-87.65858,Chicago
936470731807712618,225.0,4,Entire home/apt,2.0,2.0,2.0,undefined,32,False,5.0,False,1.0,171,41.87345,-87.68871,Chicago
937525937855444747,175.0,6,Entire home/apt,2.0,3.0,1.0,undefined,1,False,4.97,False,8.0,279,41.90537698084855,-87.665088838275,Chicago
937629276411292143,350.0,2,Entire home/apt,1.0,1.0,1.5,undefined,2,True,4.93,True,5.0,287,41.90058,-87.62675,Chicago
937794550277689154,112.0,4,Entire home/apt,2.0,2.0,1.0,undefined,2,False,4.92,True,30.0,263,41.94749277558385,-87.66400329146104,Chicago
937838887006591990,238.0,8,Entire home/apt,2.0,4.0,2.0,undefined,2,False,4.99,True,12.0,364,41.88037,-87.68177,Chicago
937881001174655810,239.0,8,Entire home/apt,2.0,4.0,2.0,undefined,1,False,4.96,True,12.0,364,41.88001238788911,-87.68010855641397,Chicago
937924535998862317,300.0,12,Entire home/apt,3.0,8.0,2.0,undefined,2,False,4.95,True,12.0,352,41.88215116976632,-87.67983886088366,Chicago
937957375417924447,326.0,12,Entire home/apt,3.0,8.0,2.0,undefined,2,False,4.97,True,12.0,337,41.87994242297822,-87.68177285345894,Chicago
938020847086483781,296.0,12,Entire home/apt,2.0,5.0,2.0,undefined,2,False,4.98,True,12.0,365,41.88072964823387,-87.68154272585741,Chicago
938078824576241606,238.0,10,Entire home/apt,2.0,5.0,2.0,undefined,2,False,4.98,True,12.0,365,41.88172868675823,-87.68134862556632,Chicago
938223813938965974,168.0,6,Entire home/apt,2.0,3.0,1.0,undefined,1,True,4.94,True,28.0,86,41.86454,-87.69494,Chicago
938243412414162988,121.0,4,Entire home/apt,3.0,3.0,1.0,undefined,1,False,4.62,,4.0,78,41.9336789,-87.7040792,Chicago
938327220292651462,135.0,5,Entire home/apt,2.0,0.0,1.0,undefined,1,False,4.68,True,1.0,158,41.91363957502121,-87.79187315809119,Chicago
938454186694611553,124.0,4,Entire home/apt,1.0,1.0,1.0,undefined,1,False,4.97,True,2.0,181,41.96255,-87.73732,Chicago
938458858322796146,199.0,3,Entire home/apt,1.0,1.0,2.0,undefined,2,True,4.96,True,1.0,62,41.7746477,-87.5942938,Chicago
938609141427706305,453.0,15,Entire home/apt,5.0,6.0,3.5,undefined,1,True,4.96,True,1.0,256,41.93726,-87.65736,Chicago
938967363379227372,195.0,3,Entire home/apt,1.0,1.0,1.0,undefined,32,False,,False,1.0,269,41.87535,-87.63003,Chicago
939401148857776968,77.0,2,Entire home/apt,1.0,1.0,1.0,undefined,32,True,4.94,False,3.0,347,41.94545237886264,-87.74847767745962,Chicago
939687528324696640,103.0,2,Entire home/apt,1.0,1.0,1.0,undefined,3,True,4.83,False,5.0,134,41.83110549545359,-87.61832896959729,Chicago
939760869668075579,195.0,2,Entire home/apt,1.0,1.0,1.0,undefined,32,True,,False,,145,41.9080259,-87.62638960000001,Chicago
939771509006389406,500.0,8,Entire home/apt,3.0,4.0,2.0,undefined,32,False,,False,12.0,364,41.9283,-87.69756,Chicago
939795816622522985,132.0,6,Entire home/apt,2.0,1.0,1.0,undefined,32,True,5.0,False,10.0,365,41.75018580595229,-87.55704595639924,Chicago
939880858971577429,268.0,16,Entire home/apt,4.0,8.0,2.0,undefined,2,False,4.6,False,4.0,363,41.68947,-87.63933,Chicago
940173538387146957,73.0,2,Entire home/apt,1.0,1.0,1.0,undefined,2,False,4.6,,4.0,53,41.9336789,-87.7040792,Chicago
940179915626035791,254.0,6,Entire home/apt,2.0,3.0,1.0,undefined,2,False,4.92,True,9.0,15,41.89346533624534,-87.6833700803061,Chicago
940417907294837094,168.0,6,Entire home/apt,2.0,2.0,1.0,undefined,30,False,4.73,False,20.0,269,41.8937489,-87.6299761,Chicago
940563795661048271,459.0,12,Entire home/apt,3.0,8.0,2.5,undefined,1,True,4.97,True,1.0,303,41.93797319085158,-87.78614170236509,Chicago
940646180492591536,222.0,10,Entire home/apt,4.0,5.0,2.0,undefined,1,True,4.75,True,1.0,360,41.78626,-87.61895,Chicago
940763505789746731,29.0,2,Private room,1.0,1.0,1.0,undefined,2,False,4.61,False,18.0,265,41.8089,-87.67009,Chicago
941231194429802379,159.0,6,Entire home/apt,2.0,3.0,1.0,undefined,1,True,4.94,True,28.0,91,41.86468,-87.6962,Chicago
941941413832717205,280.0,2,Entire home/apt,0.0,1.0,1.0,undefined,32,False,5.0,,19.0,175,41.88266,-87.64286,Chicago
941966459267198958,243.0,2,Entire home/apt,0.0,1.0,1.0,undefined,32,False,,False,9.0,174,41.88168483907448,-87.6406213813574,Chicago
942045428572943460,116.0,6,Entire home/apt,2.0,4.0,1.0,undefined,1,True,4.75,False,38.0,194,41.89812,-87.62104,Chicago
942277749731948573,228.0,2,Entire home/apt,1.0,1.0,1.0,undefined,32,True,,True,79.0,0,41.88383922160356,-87.65498292279233,Chicago
942286996749927543,41.0,1,Private room,1.0,1.0,1.0,undefined,1,False,3.38,False,9.0,267,41.82975877226912,-87.64456058756447,Chicago
942287720036315603,71.0,4,Entire home/apt,2.0,3.0,1.0,undefined,32,True,,False,3.0,206,41.93715,-87.68337,Chicago
942304346230048564,221.0,2,Entire home/apt,1.0,1.0,1.0,undefined,32,True,,True,79.0,0,41.88404,-87.65519,Chicago
942321347564298628,275.0,5,Entire home/apt,2.0,2.0,2.0,undefined,32,True,4.0,True,79.0,364,41.88522558014601,-87.653585677936,Chicago
942592783814606468,254.0,4,Entire home/apt,1.0,1.0,1.0,undefined,2,True,4.87,,32.0,135,41.90748773297281,-87.6382713764906,Chicago
942678366214497471,294.0,3,Entire home/apt,1.0,2.0,1.0,undefined,32,False,4.84,,54.0,122,41.90663685354352,-87.63281771181066,Chicago
942710076839528524,50000.0,10,Hotel room,4.0,0.0,2.0,undefined,1,True,4.38,False,4923.0,301,41.89889,-87.62217,Chicago
942710721858261250,50000.0,5,Hotel room,2.0,0.0,1.0,undefined,1,True,4.45,False,4923.0,303,41.89987,-87.62144,Chicago
942711376335581194,50000.0,3,Hotel room,1.0,0.0,1.0,undefined,1,True,3.75,False,4923.0,295,41.89987,-87.62144,Chicago
942711907926709283,412.0,4,Hotel room,1.0,0.0,1.0,undefined,1,True,4.0,False,4923.0,306,41.89987,-87.62144,Chicago
942826554375091343,1526.0,7,Entire home/apt,3.0,4.0,3.5,undefined,2,True,4.63,True,136.0,339,41.88570048731951,-87.62648279193404,Chicago
942839181511659384,1931.0,9,Entire home/apt,4.0,5.0,3.5,undefined,2,True,4.94,True,136.0,340,41.88374622509421,-87.6261285683249,Chicago
943347912568510519,89.0,6,Entire home/apt,3.0,3.0,2.0,undefined,32,False,,True,15.0,81,41.8631945,-87.6954682,Chicago
943350688537048414,98.0,2,Entire home/apt,1.0,2.0,1.0,undefined,2,True,4.17,,3.0,291,41.93457,-87.64625,Chicago
943404865074799612,217.0,4,Entire home/apt,1.0,2.0,1.0,undefined,1,True,4.92,True,49.0,364,41.87019583890765,-87.66172168563735,Chicago
943480956651590901,85.0,2,Entire home/apt,0.0,1.0,1.0,undefined,32,False,4.83,False,5.0,319,41.79234,-87.6551,Chicago
943546735381736371,168.0,2,Entire home/apt,1.0,1.0,1.0,undefined,1,True,4.96,True,49.0,359,41.8692241072463,-87.6627554788562,Chicago
943589569012742676,30.0,3,Private room,1.0,1.0,1.0,undefined,2,True,4.46,False,18.0,264,41.80851,-87.67209,Chicago
943598227875987058,105.0,2,Entire home/apt,1.0,1.0,1.0,undefined,2,True,4.88,,2.0,147,41.83582,-87.62168,Chicago
943627019938676527,30.0,2,Private room,1.0,1.0,1.0,undefined,2,False,4.69,False,18.0,262,41.80851,-87.6724,Chicago
943652415280278639,31.0,2,Private room,1.0,1.0,1.0,undefined,2,False,4.41,False,18.0,264,41.80844,-87.6701,Chicago
943661752071726579,30.0,2,Private room,1.0,1.0,1.0,undefined,2,False,4.71,False,18.0,265,41.80859,-87.67246,Chicago
943669610601675031,31.0,3,Private room,1.0,1.0,1.0,undefined,2,False,4.73,False,18.0,262,41.8068,-87.67248,Chicago
943711818507563017,27.0,1,Private room,1.0,1.0,1.0,undefined,2,False,4.62,False,18.0,265,41.80680057274894,-87.67051870107527,Chicago
944098429214367005,255.0,6,Entire home/apt,2.0,3.0,1.0,undefined,1,True,4.83,True,49.0,357,41.8690804,-87.662734,Chicago
944114254714421453,206.0,4,Entire home/apt,1.0,2.0,1.0,undefined,1,True,5.0,True,49.0,346,41.86843367408565,-87.66342320009366,Chicago
944124188023865850,236.0,4,Entire home/apt,1.0,2.0,1.0,undefined,1,True,4.46,True,49.0,351,41.86813344228732,-87.66365168834895,Chicago
944124230648097655,243.0,4,Entire home/apt,1.0,2.0,1.0,undefined,1,True,4.78,True,49.0,359,41.86925217319918,-87.66270181349192,Chicago
944124263006454777,253.0,6,Entire home/apt,2.0,3.0,1.0,undefined,1,True,4.84,True,49.0,331,41.868605579462205,-87.6638417479137,Chicago
944124311890821852,304.0,5,Entire home/apt,2.0,3.0,2.0,undefined,1,True,4.9,True,49.0,340,41.86868,-87.66194,Chicago
944178460766303499,202.0,2,Entire home/apt,1.0,1.0,1.0,undefined,3,True,4.93,True,4.0,256,41.9065618301985,-87.67092589049619,Chicago
944199588115611657,265.0,6,Entire home/apt,3.0,4.0,2.0,undefined,2,True,4.92,True,8.0,219,41.9074,-87.66474,Chicago
944304071727896369,129.0,2,Entire home/apt,1.0,1.0,1.0,undefined,2,False,4.8,False,2.0,140,41.9329024,-87.6521939,Chicago
944774913547633093,315.0,4,Entire home/apt,1.0,2.0,1.0,undefined,30,True,5.0,False,1.0,264,41.88747447348585,-87.61884640183506,Chicago
944954148541326082,454.0,4,Entire home/apt,2.0,2.0,1.0,undefined,1,True,4.31,False,73.0,305,41.88062,-87.6247,Chicago
945055239242575931,165.0,2,Entire home/apt,1.0,1.0,1.0,undefined,32,False,5.0,False,2.0,49,41.9178809623804,-87.68340251355141,Chicago
945514564163690090,131.0,4,Entire home/apt,2.0,2.0,1.0,undefined,1,False,4.95,False,1.0,216,42.000933348749705,-87.66334954424657,Chicago
945637309318614196,164.0,6,Entire home/apt,2.0,3.0,1.0,undefined,3,True,4.95,True,9.0,346,41.9514879,-87.655377,Chicago
945969361864175386,113.0,3,Entire home/apt,1.0,1.0,1.0,undefined,32,False,5.0,True,6.0,294,41.8715510742118,-87.63430274247072,Chicago
946342407326967504,45.0,3,Private room,1.0,1.0,2.0,undefined,1,False,4.79,True,2.0,260,41.70185,-87.52842,Chicago
946562224628344160,90.0,3,Entire home/apt,2.0,2.0,1.0,undefined,30,False,5.0,True,1.0,138,41.686815208170856,-87.61007278041356,Chicago
946651002906978369,218.0,2,Private room,1.0,1.0,1.0,undefined,1,True,4.64,False,21.0,160,41.89286,-87.62213,Chicago
946948795869099240,136.0,4,Entire home/apt,2.0,2.0,1.0,undefined,2,True,4.97,True,1.0,142,41.9846,-87.66496,Chicago
947090612500128855,124.0,4,Entire home/apt,2.0,2.0,2.0,undefined,32,False,5.0,True,1.0,311,41.92802163194592,-87.7188671124461,Chicago
947435095334106283,856.0,10,Entire home/apt,3.0,5.0,2.0,undefined,2,False,5.0,True,1.0,323,41.88468153055097,-87.63438328157837,Chicago
947581269026310419,117.0,4,Entire home/apt,1.0,2.0,1.0,undefined,32,False,4.9,True,1.0,207,41.89042,-87.62563,Chicago
947741672309816791,93.0,2,Private room,0.0,1.0,1.0,undefined,1,False,4.88,True,8.0,280,41.87368,-87.62639,Chicago
948073378669236963,161.0,5,Entire home/apt,3.0,4.0,1.0,undefined,3,False,4.81,False,2.0,340,41.9135125,-87.7044161,Chicago
948174944305524456,59.0,3,Private room,1.0,2.0,1.5,undefined,1,False,4.9,True,9.0,256,41.85976426336204,-87.69487921861553,Chicago
948188116434450197,71.0,2,Private room,1.0,1.0,1.5,undefined,1,False,4.77,True,9.0,262,41.86022388933143,-87.69508244456865,Chicago
948194364672685048,71.0,3,Private room,1.0,2.0,1.5,undefined,1,False,4.83,True,9.0,260,41.85845,-87.69353,Chicago
948385533066604943,102.0,2,Private room,0.0,1.0,1.0,undefined,1,True,4.85,True,8.0,304,41.8729842,-87.62717959999999,Chicago
948506948618220916,90.0,2,Private room,1.0,1.0,1.0,undefined,32,True,5.0,True,1.0,282,41.9063725,-87.6946856,Chicago
948571208847617317,249.0,6,Entire home/apt,3.0,3.0,1.0,undefined,3,False,4.97,True,6.0,143,41.9773775,-87.666917,Chicago
948807522571127459,58.0,1,Private room,1.0,1.0,1.0,undefined,32,False,,False,1.0,88,41.942187112542726,-87.71565755379676,Chicago
949197283155584669,254.0,5,Entire home/apt,3.0,2.0,1.0,undefined,32,True,,False,1.0,365,41.7523733,-87.5830888,Chicago
950045929169892039,82.0,6,Entire home/apt,3.0,4.0,2.0,undefined,32,True,,False,3545.0,265,41.70243,-87.68059,Chicago
950065846139779573,719.0,13,Entire home/apt,7.0,7.0,3.5,undefined,32,False,4.9,,54.0,241,41.87744264662311,-87.68125400255703,Chicago
950139059189399624,38.0,1,Private room,1.0,1.0,1.0,undefined,2,False,4.82,True,8.0,345,42.01435990692777,-87.68413010027726,Chicago
950158144791759996,75.0,1,Private room,1.0,1.0,1.0,undefined,32,False,5.0,True,2.0,278,41.8961967,-87.6315566,Chicago
950263225371489087,38.0,1,Private room,1.0,1.0,1.0,undefined,32,True,4.19,False,7.0,298,41.83728,-87.66832,Chicago
950632941606379851,191.0,5,Entire home/apt,1.0,3.0,1.0,undefined,2,False,4.88,True,1.0,317,41.894848,-87.6519744,Chicago
950815922184111914,95.0,4,Entire home/apt,1.0,2.0,1.0,undefined,2,False,4.87,True,2.0,185,41.9722107,-87.787623,Chicago
951056034323808676,499.0,4,Entire home/apt,3.0,3.0,2.0,undefined,2,False,,True,23.0,9,41.88132472101797,-87.65347607422666,Chicago
951554213240063822,110.0,2,Entire home/apt,0.0,1.0,1.0,undefined,2,True,4.81,,70.0,225,41.90177,-87.62599,Chicago
951896407126397287,43.0,1,Private room,1.0,1.0,2.0,undefined,1,True,4.09,False,9.0,360,41.829722151288514,-87.64482432117278,Chicago
952322435153505860,171.0,4,Entire home/apt,2.0,2.0,1.0,undefined,3,True,4.88,True,7.0,356,41.9085398,-87.7291254,Chicago
952364778612506804,105.0,4,Entire home/apt,2.0,3.0,1.0,undefined,15,False,4.75,False,4.0,332,41.98262776494379,-87.77781296521425,Chicago
952779676384719562,198.0,2,Entire home/apt,0.0,1.0,1.0,undefined,32,True,5.0,False,,284,41.886064,-87.624718,Chicago
952834179407110318,369.0,8,Entire home/apt,3.0,3.0,2.5,undefined,1,False,4.92,,39.0,311,41.94503370839888,-87.65726777940355,Chicago
952860481233907927,70.0,2,Private room,1.0,1.0,1.0,undefined,1,True,4.86,True,3.0,257,41.806534840467485,-87.60739210993052,Chicago
952914844170942996,153.0,2,Entire home/apt,1.0,1.0,1.0,undefined,1,False,4.79,False,3.0,94,41.90698753584885,-87.6349863390723,Chicago
952983506198471318,67.0,2,Private room,1.0,1.0,1.0,undefined,1,False,,False,2.0,198,41.96269,-87.70273,Chicago
953015761932664098,117.0,3,Entire home/apt,1.0,1.0,1.0,undefined,2,False,4.84,True,2.0,150,41.85173985875386,-87.6795919493278,Chicago
953506407405521475,204.0,2,Entire home/apt,1.0,1.0,1.0,undefined,32,True,,False,,80,41.8849811,-87.66407509999999,Chicago
953665326931235956,242.0,2,Private room,1.0,1.0,1.0,undefined,32,True,,False,1.0,365,41.74915291448515,-87.70686155866683,Chicago
953694919611588142,83.0,6,Entire home/apt,2.0,0.0,1.0,undefined,1,True,4.81,True,6.0,340,41.69285,-87.67223,Chicago
953698536801561183,82.0,4,Entire home/apt,2.0,2.0,1.0,undefined,1,True,4.82,True,6.0,341,41.69082,-87.67216,Chicago
954193016255338306,131.0,5,Entire home/apt,2.0,3.0,1.0,undefined,3,True,4.77,True,2.0,310,41.92933880556829,-87.65672428934461,Chicago
954396051180063078,196.0,8,Entire home/apt,2.0,5.0,2.0,undefined,2,True,4.91,True,80.0,339,41.85526,-87.62526,Chicago
954407125778300257,270.0,4,Entire home/apt,1.0,3.0,1.0,undefined,2,False,4.95,True,136.0,240,41.8949969,-87.6537109,Chicago
954440146699385093,175.0,6,Entire home/apt,3.0,3.0,2.0,undefined,1,False,4.75,True,3.0,65,41.86846705294069,-87.68681748552474,Chicago
954631482828782423,100.0,2,Entire home/apt,0.0,1.0,1.0,undefined,2,True,4.83,,14.0,219,41.93403527294505,-87.65203549541067,Chicago
954985942589756240,190.0,2,Entire home/apt,1.0,1.0,1.0,undefined,1,True,4.77,True,3.0,146,41.90668,-87.63377,Chicago
955190634465301173,149.0,6,Entire home/apt,2.0,3.0,1.0,undefined,2,False,4.62,False,1.0,268,41.70554,-87.64876,Chicago
955302852404139972,34.0,3,Private room,1.0,1.0,1.0,undefined,2,False,4.35,False,11.0,265,41.87331,-87.69271,Chicago
955452935354669394,228.0,4,Entire home/apt,1.0,1.0,1.0,undefined,32,True,4.89,False,2.0,269,41.80507,-87.61366,Chicago
955630429287160164,216.0,2,Entire home/apt,1.0,1.0,1.0,undefined,32,True,5.0,False,,298,41.89678629999999,-87.6317246,Chicago
955808905318536019,246.0,6,Entire home/apt,2.0,4.0,1.0,undefined,2,True,4.74,False,4.0,295,41.90743779733104,-87.66921735324111,Chicago
956005013785068867,329.0,8,Entire home/apt,4.0,5.0,3.0,undefined,2,False,5.0,True,3.0,157,41.77157,-87.57612,Chicago
956586548065375235,115.0,5,Entire home/apt,3.0,3.0,1.0,undefined,60,False,5.0,True,2.0,273,41.967056,-87.7062945,Chicago
956631172832530257,142.0,7,Entire home/apt,3.0,5.0,2.0,undefined,1,False,4.81,True,1.0,234,41.78202,-87.59454,Chicago
956816623768702059,120.0,6,Entire home/apt,3.0,6.0,2.0,undefined,32,False,4.0,False,2.0,269,42.00469946995369,-87.70013931586914,Chicago
957088512113568573,298.0,5,Entire home/apt,2.0,2.0,0.0,undefined,32,True,5.0,True,79.0,127,41.896791,-87.6412457,Chicago
957104939507924328,200.0,2,Entire home/apt,1.0,1.0,1.0,undefined,32,True,5.0,True,79.0,172,41.89578575861415,-87.64054543952653,Chicago
957116437491258474,122.0,8,Entire home/apt,3.0,3.0,1.0,undefined,2,False,4.53,False,2.0,335,41.81897,-87.61419,Chicago
957427481018832213,236.0,10,Entire home/apt,3.0,5.0,2.0,undefined,1,True,4.67,False,2.0,329,41.90716990906174,-87.67225498998049,Chicago
957466095208648293,158.0,4,Entire home/apt,1.0,2.0,1.5,undefined,2,False,4.93,False,1.0,112,41.81535777122984,-87.59535598587082,Chicago
957513758043217551,48.0,2,Private room,1.0,1.0,2.0,undefined,32,False,4.78,True,9.0,167,41.7874,-87.61548,Chicago
957853825395068253,120.0,4,Entire home/apt,2.0,2.0,1.0,undefined,32,False,4.86,True,1.0,262,41.8004,-87.59051,Chicago
957993208500437011,224.0,4,Private room,1.0,2.0,1.0,undefined,1,True,4.76,False,21.0,179,41.89445320851137,-87.6236063610738,Chicago
958108959268052600,271.0,2,Private room,1.0,1.0,1.0,undefined,32,True,,False,2.0,365,41.74977694471917,-87.66702525048255,Chicago
958112700377505402,280.0,6,Entire home/apt,3.0,3.0,1.5,undefined,2,False,4.91,True,1.0,353,41.92919757672259,-87.70724337548018,Chicago
958116598977972819,114.0,4,Entire home/apt,2.0,2.0,1.0,undefined,2,False,5.0,True,1.0,205,41.8262913,-87.6433042,Chicago
958176890537691747,119.0,2,Entire home/apt,1.0,1.0,1.0,undefined,1,False,4.99,True,1.0,301,41.9560699,-87.654185,Chicago
958748653397696305,213.0,5,Entire home/apt,2.0,2.0,2.0,undefined,1,False,4.92,True,61.0,236,41.86427,-87.62252,Chicago
958848887231807179,185.0,3,Entire home/apt,1.0,2.0,1.0,undefined,2,True,4.89,False,3545.0,15,41.91688,-87.64451,Chicago
958906309009493933,716.0,12,Entire home/apt,5.0,6.0,4.0,undefined,3,False,4.98,True,3.0,247,41.93000078178372,-87.69188455257499,Chicago
959066269543855500,290.0,6,Entire home/apt,3.0,3.0,2.0,undefined,90,True,,True,2.0,182,41.87833,-87.66487,Chicago
959178306866388591,326.0,4,Entire home/apt,2.0,2.0,2.0,undefined,32,True,5.0,False,,249,41.886064,-87.624718,Chicago
959179162621184236,170.0,2,Entire home/apt,1.0,1.0,1.0,undefined,32,True,5.0,False,,253,41.8952397,-87.6551692,Chicago
959227872661490794,220.0,2,Private room,1.0,1.0,1.0,undefined,32,True,,False,1.0,365,41.77922443255601,-87.6842469839926,Chicago
959487442352360150,343.0,4,Hotel room,1.0,0.0,1.0,undefined,1,True,4.5,False,4923.0,360,41.89111,-87.62704,Chicago
959571337675133653,72.0,2,Entire home/apt,0.0,1.0,1.0,undefined,2,True,4.79,True,30.0,229,41.96090284969051,-87.66654785299794,Chicago
959712797328042286,176.0,4,Entire home/apt,1.0,1.0,1.0,undefined,32,False,5.0,True,149.0,175,41.885709806498056,-87.6209141508065,Chicago
959931405975444672,234.0,2,Entire home/apt,1.0,1.0,1.0,undefined,32,True,,False,,311,41.89501,-87.62792,Chicago
960123019797576508,110.0,4,Entire home/apt,2.0,2.0,1.0,undefined,2,False,4.91,True,2.0,214,41.93581,-87.70667,Chicago
960158967188957338,174.0,8,Entire home/apt,4.0,4.0,3.0,undefined,2,False,4.6,True,9.0,267,41.9307468586848,-87.73598883917285,Chicago
960263648165502237,271.0,4,Entire home/apt,1.0,1.0,1.0,undefined,32,True,,False,2.0,364,41.8054,-87.61581,Chicago
960287083603386415,138.0,3,Entire home/apt,1.0,1.0,1.0,undefined,2,True,4.57,False,43.0,358,41.95539,-87.64994,Chicago
960952372339129856,115.0,4,Entire home/apt,1.0,3.0,1.0,undefined,2,True,4.62,False,3.0,334,41.8996268065996,-87.66988647405186,Chicago
961553004583891376,251.0,6,Entire home/apt,3.0,4.0,1.0,undefined,2,False,4.62,False,1.0,358,41.7618339760262,-87.56361431384045,Chicago
961820078290644197,128.0,3,Entire home/apt,1.0,1.0,1.0,undefined,32,False,4.67,True,2.0,99,41.89797,-87.63251,Chicago
961831070840090734,161.0,3,Entire home/apt,1.0,1.0,1.0,undefined,1,False,5.0,False,1.0,337,41.911486684672255,-87.66811024379598,Chicago
962349839760085091,107.0,6,Entire home/apt,3.0,3.0,1.0,undefined,2,False,4.95,True,1.0,230,41.79893204798354,-87.7575124815384,Chicago
962572639880769401,212.0,2,Entire home/apt,2.0,2.0,1.0,undefined,183,False,,False,1.0,365,41.89152389928119,-87.61405662280308,Chicago
962973538149687255,113.0,2,Entire home/apt,1.0,1.0,1.0,undefined,3,True,4.45,False,5.0,41,41.83108506353347,-87.61995067265855,Chicago
963069594096249740,106.0,5,Entire home/apt,1.0,2.0,1.0,undefined,32,False,4.71,True,61.0,213,41.88422,-87.63222,Chicago
963133548021652179,109.0,5,Entire home/apt,2.0,2.0,1.0,undefined,32,False,5.0,True,1.0,178,41.9621159,-87.764315,Chicago
963685136094121934,104.0,4,Entire home/apt,1.0,1.0,1.0,undefined,2,False,4.72,False,1.0,91,41.9399056613418,-87.716765211175,Chicago
963701505055635229,200.0,16,Entire home/apt,8.0,9.0,4.5,undefined,32,False,5.0,False,29.0,269,41.9316,-87.66269,Chicago
963740164148759807,51.0,2,Private room,1.0,1.0,2.0,undefined,32,False,4.75,True,9.0,253,41.78737,-87.61711,Chicago
963923803461918421,45.0,1,Entire home/apt,1.0,1.0,1.0,undefined,5,False,4.79,True,2.0,184,41.88140317058017,-87.69749526640773,Chicago
964405578667249957,276.0,2,Private room,1.0,1.0,1.0,undefined,32,True,,False,2.0,365,41.74931591819709,-87.66527447454389,Chicago
964552002835515790,260.0,5,Entire home/apt,2.0,2.0,1.0,undefined,3,False,5.0,False,7.0,232,41.9105673817329,-87.69076433826234,Chicago
964772031713891267,79.0,3,Entire home/apt,1.0,2.0,1.0,undefined,1,False,4.92,True,1.0,334,41.92313144538917,-87.71831099213621,Chicago
964826062062035798,32.0,1,Private room,1.0,1.0,1.5,undefined,5,False,4.0,False,7.0,110,41.7396,-87.56429,Chicago
965210760580826273,48.0,1,Private room,1.0,1.0,2.0,undefined,32,False,4.87,True,9.0,168,41.78911571680794,-87.61506314015394,Chicago
965967215198005689,450.0,14,Entire home/apt,5.0,7.0,3.0,undefined,32,True,4.89,True,12.0,119,41.901756452276544,-87.6640138051785,Chicago
965988700762195395,663.0,12,Entire home/apt,3.0,7.0,2.5,undefined,2,False,,False,7.0,138,41.90907691121808,-87.68923368304968,Chicago
966002292727231451,247.0,15,Entire home/apt,5.0,8.0,3.5,undefined,2,False,4.66,True,74.0,247,41.84775993612809,-87.6764742027118,Chicago
966131842734816579,200.0,5,Private room,1.0,1.0,0.5,undefined,32,True,,False,1.0,365,41.90687862616536,-87.72416224942549,Chicago
966148804844532645,198.0,3,Entire home/apt,1.0,1.0,1.0,undefined,60,True,5.0,True,123.0,333,41.874687484437615,-87.63264115584488,Chicago
967317432760609494,197.0,4,Entire home/apt,2.0,2.0,1.0,undefined,1,False,4.95,False,1.0,324,41.90401,-87.68001,Chicago
967409998575325875,727.0,8,Entire home/apt,4.0,4.0,3.5,undefined,1,False,4.94,True,2.0,146,41.91906366244548,-87.68272746862533,Chicago
968037086260126472,229.0,8,Entire home/apt,3.0,3.0,1.0,undefined,2,True,,False,3545.0,265,41.8859679,-87.74832119999999,Chicago
968097358507575917,131.0,12,Entire home/apt,4.0,5.0,2.0,undefined,1,False,4.74,False,1.0,264,41.900071,-87.75178319999999,Chicago
968139779528332197,93.0,3,Entire home/apt,2.0,2.0,1.0,undefined,32,True,4.75,False,3.0,145,42.01401648916087,-87.6788944682,Chicago
968319771367582441,190.0,3,Entire home/apt,1.0,1.0,1.0,undefined,32,False,5.0,False,2.0,359,41.88498099560948,-87.66407523304224,Chicago
969159516611516032,37.0,2,Private room,1.0,1.0,1.5,undefined,2,False,4.72,False,6.0,81,41.79381,-87.64529,Chicago
969436040740773716,225.0,5,Entire home/apt,3.0,4.0,1.0,undefined,2,False,5.0,True,1.0,115,41.9791895,-87.66574399999999,Chicago
969450026057143973,89.0,4,Entire home/apt,1.0,1.0,1.0,undefined,2,False,4.71,False,1.0,231,41.76196046602533,-87.55753178597404,Chicago
969756474379333345,214.0,6,Entire home/apt,3.0,4.0,2.0,undefined,2,True,4.8,,32.0,142,41.9486792,-87.6727942,Chicago
969768212770420822,205.0,6,Entire home/apt,2.0,3.0,2.0,undefined,5,False,4.82,True,74.0,241,41.88788251991582,-87.64391590264253,Chicago
969770340596412895,114.0,6,Entire home/apt,2.0,3.0,1.0,undefined,2,False,4.65,False,1.0,249,42.018549,-87.666282,Chicago
970238366673217357,101.0,4,Entire home/apt,2.0,2.0,1.0,undefined,3,False,4.87,True,30.0,348,41.94621,-87.66582,Chicago
970240664029000583,387.0,10,Entire home/apt,5.0,5.0,3.0,undefined,1,True,4.71,True,1.0,351,41.83921795567096,-87.64098866666914,Chicago
970295426437880124,50032.0,2,Hotel room,1.0,0.0,1.0,undefined,1,True,4.33,False,4923.0,357,41.88431,-87.63348,Chicago
970390120326033933,81.0,2,Entire home/apt,1.0,0.0,1.5,undefined,2,False,5.0,,6.0,17,41.98815,-87.67324,Chicago
972011959303805892,67.0,2,Private room,1.0,1.0,1.0,undefined,2,False,4.99,True,4.0,258,41.7850366,-87.6105863,Chicago
972041880181560435,188.0,10,Entire home/apt,4.0,3.0,2.0,undefined,1,True,3.6,False,1.0,257,41.72402185148999,-87.62124432820019,Chicago
972689084201693273,135.0,2,Private room,1.0,2.0,1.0,undefined,32,False,,False,2.0,250,42.00545,-87.70107,Chicago
973142993811034666,1079.0,16,Entire home/apt,4.0,11.0,3.0,undefined,3,False,4.98,True,1.0,319,41.89488,-87.65778,Chicago
973692467290595787,242.0,2,Entire home/apt,1.0,1.0,1.0,undefined,32,True,,False,,235,41.9404106,-87.64149839999999,Chicago
973831720936702081,273.0,6,Entire home/apt,2.0,3.0,2.0,undefined,2,False,4.88,,32.0,145,41.9121347,-87.6500129,Chicago
973903636912438854,33.0,2,Private room,1.0,1.0,0.5,undefined,32,False,5.0,False,3.0,139,41.96675,-87.68688,Chicago
974143564029685591,117.0,2,Private room,1.0,1.0,1.0,undefined,2,False,5.0,False,7.0,231,41.90888,-87.67367,Chicago
974518759838488145,120.0,5,Entire home/apt,1.0,3.0,1.0,undefined,32,False,,False,2.0,358,41.966817619146845,-87.70051984985001,Chicago
974738343906554902,96.0,4,Entire home/apt,2.0,2.0,1.0,undefined,2,False,4.93,True,1.0,232,41.84589838167533,-87.70871002027167,Chicago
974786333031073725,407.0,4,Entire home/apt,2.0,2.0,2.0,undefined,3,False,5.0,True,1.0,50,41.9549928,-87.6743137,Chicago
974812916944535155,160.0,3,Entire home/apt,1.0,1.0,1.0,undefined,60,True,5.0,True,123.0,327,41.87309239874907,-87.63277076390835,Chicago
974820853189859012,165.0,3,Entire home/apt,1.0,1.0,1.0,undefined,32,True,5.0,True,123.0,363,41.87321525470226,-87.63289614184566,Chicago
975038581146287656,60.0,3,Entire home/apt,1.0,2.0,1.0,undefined,7,False,4.63,False,18.0,202,41.7530014967945,-87.61449728161097,Chicago
975266361516802437,75.0,1,Private room,1.0,1.0,1.0,undefined,32,False,,False,1.0,269,41.94972,-87.73055,Chicago
975331272734165295,152.0,8,Entire home/apt,3.0,5.0,1.0,undefined,2,False,4.84,True,3.0,324,41.78139,-87.71305,Chicago
975595887036471791,191.0,2,Private room,1.0,1.0,1.0,undefined,32,False,,False,1.0,269,41.86915585385099,-87.62741744573428,Chicago
975802849898108433,346.0,4,Entire home/apt,2.0,2.0,2.0,undefined,32,True,,False,,235,41.9404106,-87.64149839999999,Chicago
975806375396218857,233.0,2,Entire home/apt,1.0,1.0,1.0,undefined,32,True,5.0,False,,321,41.86948,-87.63123,Chicago
975971116134741616,407.0,6,Entire home/apt,3.0,3.0,2.5,undefined,2,False,5.0,True,16.0,353,41.87897,-87.64765,Chicago
976060968448290168,136.0,4,Entire home/apt,0.0,1.0,1.0,undefined,2,False,4.59,False,13.0,336,41.90124788760436,-87.63394118730714,Chicago
976106807063239067,230.0,4,Entire home/apt,1.0,2.0,1.0,undefined,32,True,5.0,True,65.0,362,41.8918321,-87.6381974,Chicago
976753910696675016,217.0,6,Entire home/apt,3.0,4.0,1.0,undefined,2,False,5.0,True,1.0,327,41.9796322,-87.66741780000001,Chicago
976998614768513719,559.0,13,Entire home/apt,5.0,8.0,3.0,undefined,2,False,5.0,True,8.0,341,41.87533346319531,-87.68949168494989,Chicago
977144971555557664,44.0,1,Private room,1.0,1.0,2.0,undefined,1,False,4.7,,53.0,175,41.8259969652096,-87.66915103230994,Chicago
977980712187801208,192.0,2,Entire home/apt,1.0,1.0,1.0,undefined,32,True,,False,,210,41.8694789,-87.6312255,Chicago
978198160675635304,262.0,6,Entire home/apt,3.0,3.0,2.5,undefined,1,False,4.65,True,8.0,86,41.9115834,-87.650014,Chicago
978230041428628189,125.0,2,Entire home/apt,1.0,0.0,1.0,undefined,2,False,4.94,True,1.0,177,41.95425,-87.67258,Chicago
978253016018696339,69.0,9,Entire home/apt,4.0,4.0,2.0,undefined,32,True,,False,1.0,361,41.7742,-87.59669,Chicago
978397894206180234,163.0,6,Entire home/apt,2.0,4.0,1.0,undefined,2,False,4.55,False,15.0,172,41.7645291,-87.60214769999999,Chicago
978572840391078096,179.0,4,Entire home/apt,2.0,3.0,1.0,undefined,2,False,5.0,True,11.0,348,41.95276353150729,-87.6816256811231,Chicago
978916872596928484,377.0,4,Entire home/apt,2.0,2.0,2.0,undefined,32,True,,False,,72,41.94041,-87.6415,Chicago
978917688912469497,222.0,2,Entire home/apt,1.0,1.0,1.0,undefined,32,True,4.0,False,,55,41.9404106,-87.64149839999999,Chicago
979028852250909169,240.0,2,Entire home/apt,1.0,1.0,1.0,undefined,32,True,,True,65.0,362,41.8918321,-87.6381974,Chicago
979117187791196537,161.0,4,Entire home/apt,2.0,2.0,1.0,undefined,2,False,4.79,True,3.0,322,41.8569446,-87.63220749999999,Chicago
979154905534491998,230.0,4,Entire home/apt,1.0,2.0,1.0,undefined,32,True,5.0,True,65.0,362,41.8918321,-87.6381974,Chicago
979156426870612692,81.0,2,Private room,1.0,1.0,1.0,undefined,2,False,5.0,True,1.0,79,41.9023923355802,-87.69367615063454,Chicago
979262522860648784,90.0,1,Private room,1.0,1.0,1.0,undefined,2,False,5.0,False,2.0,115,41.93021,-87.65682,Chicago
979372636395239307,49.0,2,Private room,1.0,1.0,2.0,undefined,32,False,4.91,True,9.0,235,41.78697163846805,-87.61723401970515,Chicago
979498710058505416,196.0,2,Entire home/apt,1.0,1.0,1.0,undefined,32,True,4.0,False,,258,41.8925035,-87.61628259999999,Chicago
979500710213710175,332.0,4,Entire home/apt,2.0,2.0,2.0,undefined,32,True,,False,,125,41.89286,-87.61652,Chicago
979501367221518576,349.0,4,Entire home/apt,2.0,2.0,2.0,undefined,32,True,,False,,324,41.886064,-87.624718,Chicago
979536948521188472,181.0,2,Entire home/apt,1.0,1.0,1.0,undefined,32,True,,False,,279,41.8772287,-87.6290111,Chicago
979640830588596986,415.0,4,Entire home/apt,2.0,2.0,2.0,undefined,32,True,,True,65.0,362,41.8918321,-87.6381974,Chicago
979650669631424404,234.0,3,Entire home/apt,0.0,1.0,1.0,undefined,32,True,5.0,False,24.0,365,41.90262,-87.63365,Chicago
980402385932692294,166.0,12,Entire home/apt,3.0,5.0,1.0,undefined,3,True,4.5,False,9.0,262,41.92615907318038,-87.69060863330517,Chicago
980583175704259146,339.0,6,Entire home/apt,3.0,3.0,2.0,undefined,2,True,4.79,True,29.0,305,41.8772,-87.62909,Chicago
980633130019975644,112.0,5,Entire home/apt,2.0,2.0,1.0,undefined,1,False,4.88,True,3.0,300,41.954805005808026,-87.7168208733201,Chicago
980667439650670827,135.0,3,Entire home/apt,1.0,1.0,1.0,undefined,2,False,4.86,True,2.0,257,41.928556609158335,-87.65021088820274,Chicago
980715889534033387,193.0,14,Entire home/apt,4.0,6.0,2.0,undefined,2,True,4.76,True,31.0,346,41.8304,-87.64993,Chicago
981143820176565547,149.0,5,Entire home/apt,2.0,3.0,1.0,undefined,1,False,4.93,True,15.0,316,41.834556,-87.647657,Chicago
981263020029348689,286.0,4,Entire home/apt,1.0,1.0,1.0,undefined,32,True,,False,24.0,365,41.90246,-87.63544,Chicago
981379900691214951,95.0,6,Entire home/apt,3.0,1.0,1.0,undefined,4,False,3.57,False,18.0,334,42.0056394,-87.67018399999999,Chicago
981535428432836050,140.0,5,Entire home/apt,2.0,1.0,1.0,undefined,2,True,4.73,True,1.0,316,41.90456978244911,-87.66502641141415,Chicago
981737896094261278,202.0,9,Entire home/apt,4.0,6.0,2.0,undefined,28,False,4.9,True,1.0,361,41.72205,-87.62235,Chicago
981766182166814229,81.0,4,Entire home/apt,0.0,0.0,2.0,undefined,32,False,5.0,True,15.0,187,41.8631945,-87.6954682,Chicago
982047472898615918,90.0,4,Entire home/apt,1.0,1.0,1.0,undefined,2,False,4.7,True,2.0,325,41.83157377492659,-87.64797150593475,Chicago
982130633417841549,98.0,4,Entire home/apt,2.0,3.0,1.0,undefined,2,True,4.9,True,1.0,243,41.7108658,-87.6576649,Chicago
982799645715267248,397.0,16,Entire home/apt,6.0,9.0,3.0,undefined,3,True,4.97,True,1.0,350,41.98695,-87.77388,Chicago
982838991729286923,71.0,2,Private room,1.0,1.0,1.0,undefined,2,False,4.93,True,7.0,210,41.78348,-87.60984,Chicago
983001032854485556,81.0,2,Entire home/apt,1.0,1.0,1.0,undefined,32,False,4.25,False,1.0,320,41.85793550328737,-87.62345769261658,Chicago
983337810103355725,113.0,4,Entire home/apt,2.0,2.0,1.0,undefined,32,True,,False,3545.0,364,41.74503,-87.7026,Chicago
983343995333683082,81.0,2,Entire home/apt,0.0,1.0,1.0,undefined,32,True,,False,3545.0,364,41.74503,-87.7026,Chicago
983416938650707865,62.0,1,Private room,1.0,1.0,1.0,undefined,3,False,4.99,True,1.0,342,41.94780311532144,-87.66456720659262,Chicago
983470790158014465,180.0,4,Entire home/apt,3.0,3.0,1.0,undefined,32,False,5.0,True,3.0,271,41.85297,-87.68436,Chicago
983835569734671399,254.0,10,Entire home/apt,3.0,6.0,2.5,undefined,3,False,4.97,True,15.0,307,41.90946,-87.64151,Chicago
983869501052977635,162.0,2,Entire home/apt,1.0,1.0,1.0,undefined,32,True,,False,,177,41.9839704,-87.655453,Chicago
983924810658999469,281.0,2,Entire home/apt,,1.0,1.0,undefined,1,True,4.69,False,73.0,337,41.877194405056336,-87.64293190492279,Chicago
983928337735608768,284.0,2,Entire home/apt,,1.0,1.0,undefined,1,True,4.58,False,73.0,339,41.87840352165632,-87.64305460797776,Chicago
983931226851014355,335.0,2,Entire home/apt,,1.0,1.0,undefined,1,True,4.61,False,73.0,318,41.87828,-87.64096,Chicago
983935111746109244,247.0,2,Entire home/apt,1.0,1.0,1.0,undefined,1,True,4.81,False,73.0,296,41.87671,-87.64263,Chicago
983937828106440192,480.0,4,Entire home/apt,2.0,2.0,1.0,undefined,1,True,4.72,False,73.0,324,41.87869708349643,-87.64274685561331,Chicago
984022031001990537,183.0,8,Entire home/apt,2.0,3.0,2.0,undefined,2,True,4.74,True,80.0,340,41.854185116400345,-87.62319573419164,Chicago
984047990844413639,196.0,2,Private room,1.0,1.0,1.0,undefined,32,False,,False,1.0,269,41.74467348472993,-87.64763087476372,Chicago
984091539639487961,72.0,2,Private room,1.0,1.0,1.0,undefined,1,False,4.69,False,3.0,62,41.929637573428806,-87.69274389329574,Chicago
984361761410056499,88.0,2,Entire home/apt,2.0,0.0,1.0,undefined,32,True,5.0,False,4.0,38,41.92632894262852,-87.7179913093677,Chicago
985403728030502292,85.0,2,Entire home/apt,1.0,1.0,1.0,undefined,1,True,4.82,,14.0,347,41.94779138455693,-87.65956856266521,Chicago
985462509014063833,333.0,4,Entire home/apt,2.0,2.0,2.0,undefined,32,True,5.0,False,,323,41.8694789,-87.6312255,Chicago
985505888827984205,38.0,2,Private room,1.0,1.0,1.0,undefined,2,False,4.59,False,11.0,267,41.87265,-87.69452,Chicago
985576475155209158,385.0,16,Entire home/apt,4.0,8.0,3.5,undefined,2,False,4.9,True,74.0,236,41.90663396747504,-87.6689125615786,Chicago
985644987503681619,144.0,6,Entire home/apt,2.0,3.0,1.0,undefined,2,False,4.82,,17.0,140,41.9190789098556,-87.71535336971283,Chicago
985693847092644089,213.0,10,Entire home/apt,4.0,5.0,2.0,undefined,2,False,4.92,True,74.0,241,41.8944726965772,-87.69301656826167,Chicago
985976215236642076,311.0,4,Entire home/apt,2.0,2.0,2.0,undefined,32,True,,False,,219,41.86948,-87.63123,Chicago
986150561562100137,450.0,8,Entire home/apt,4.0,3.0,3.5,undefined,3,False,5.0,True,1.0,152,41.915811170317184,-87.69367986003171,Chicago
986234545514648179,165.0,8,Entire home/apt,4.0,4.0,2.0,undefined,1,False,5.0,False,1.0,177,41.72148220019132,-87.56880685687065,Chicago
986248720240379523,150.0,3,Entire home/apt,1.0,1.0,1.0,undefined,32,False,,True,131.0,210,41.88668025455863,-87.62441652668579,Chicago
986466892705946127,225.0,4,Entire home/apt,2.0,2.0,2.0,undefined,1,False,4.96,True,1.0,353,42.0115346,-87.68122232329999,Chicago
986931288053955184,322.0,2,Private room,1.0,1.0,1.0,undefined,1,True,4.89,True,4.0,96,41.88731,-87.625688,Chicago
987930050369288890,154.0,4,Entire home/apt,2.0,2.0,1.0,undefined,32,False,4.99,True,1.0,215,41.90992309421147,-87.67265091667963,Chicago
988351517676781590,137.0,2,Entire home/apt,1.0,1.0,1.0,undefined,2,True,4.61,,32.0,161,41.9207185,-87.6387235,Chicago
988559422123922522,128.0,10,Entire home/apt,4.0,5.0,2.0,undefined,32,True,5.0,False,1.0,359,41.94483,-87.65473,Chicago
989185425565820853,330.0,4,Entire home/apt,2.0,2.0,1.5,undefined,1,False,4.9,True,2.0,62,41.90922669274395,-87.67030872409993,Chicago
989773092885458658,103.0,3,Entire home/apt,1.0,1.0,1.0,undefined,15,True,4.58,False,3.0,281,41.77955300000001,-87.60996089999999,Chicago
989800690897281857,153.0,5,Entire home/apt,2.0,3.0,2.0,undefined,32,False,4.75,False,1.0,259,41.88308,-87.68034,Chicago
989852379117318851,275.0,6,Entire home/apt,3.0,5.0,3.5,undefined,2,False,4.91,True,2.0,174,41.88302322117058,-87.69660140259823,Chicago
990084468122202428,62.0,2,Private room,1.0,1.0,1.0,undefined,2,False,4.97,True,7.0,57,41.782341790707584,-87.60781526853825,Chicago
990532335036484448,174.0,7,Entire home/apt,4.0,0.0,2.0,undefined,32,True,,True,69.0,171,41.77469,-87.73272,Chicago
990635231287531532,369.0,5,Entire home/apt,2.0,3.0,2.0,undefined,2,True,4.58,True,136.0,337,41.8767593,-87.6535914,Chicago
990639020469572137,386.0,5,Entire home/apt,2.0,3.0,2.0,undefined,2,True,4.96,True,136.0,322,41.8767593,-87.6535914,Chicago
991358023776720295,363.0,10,Entire home/apt,5.0,5.0,2.0,undefined,2,True,4.69,False,46.0,319,41.85619744284803,-87.62634324821813,Chicago
991389708861768376,60.0,2,Entire home/apt,1.0,1.0,1.0,undefined,32,True,,False,34.0,365,41.764116833808856,-87.56967052944495,Chicago
991623785531977440,117.0,4,Entire home/apt,2.0,2.0,1.0,undefined,2,True,4.88,True,30.0,344,41.95188,-87.66195,Chicago
992072610188719544,237.0,6,Entire home/apt,3.0,3.0,2.0,undefined,2,True,4.93,True,1.0,224,41.85598522815226,-87.63170812563786,Chicago
992586867429228073,180.0,2,Private room,1.0,1.0,1.0,undefined,32,False,,False,1.0,269,41.728403954132986,-87.59848944004379,Chicago
992792110085478641,63.0,3,Entire home/apt,0.0,2.0,1.0,undefined,3,True,5.0,True,97.0,348,41.97266,-87.84377,Chicago
993055932035942460,99.0,2,Entire home/apt,1.0,1.0,1.0,undefined,1,True,4.58,False,18.0,341,41.93325,-87.6644,Chicago
994223686718670828,120.0,4,Entire home/apt,2.0,2.0,1.0,undefined,3,False,2.0,False,3.0,358,41.77101,-87.62439,Chicago
994333546929452791,34.0,2,Private room,1.0,1.0,2.0,undefined,1,False,4.35,False,8.0,356,41.827661297812185,-87.65106878476402,Chicago
994334034943229256,293.0,6,Entire home/apt,2.0,3.0,2.5,undefined,3,False,4.91,True,1.0,86,41.91031,-87.68429,Chicago
994376432971527976,164.0,4,Entire home/apt,1.0,2.0,1.0,undefined,3,False,4.79,True,13.0,123,41.943439,-87.6804581,Chicago
994805854316916295,97.0,2,Private room,1.0,1.0,1.0,undefined,1,False,4.78,False,9.0,240,41.89583,-87.66239,Chicago
995001034813044216,105.0,5,Entire home/apt,2.0,4.0,1.0,undefined,2,False,4.61,False,1.0,243,41.84729,-87.68177,Chicago
995682547534138535,38.0,1,Private room,1.0,1.0,1.0,undefined,2,False,4.82,True,36.0,353,41.99570185838949,-87.78648257666974,Chicago
995788043164689080,175.0,2,Private room,1.0,1.0,1.0,undefined,32,False,,False,1.0,269,41.77596783399599,-87.67551921412655,Chicago
996259576557083493,134.0,4,Entire home/apt,2.0,2.0,1.0,undefined,2,False,4.87,True,2.0,174,41.9475396,-87.70692059999999,Chicago
996585296771700263,244.0,6,Entire home/apt,3.0,3.0,1.0,undefined,2,True,5.0,True,133.0,209,41.7839908466202,-87.61250776282583,Chicago
997143449000174498,38.0,1,Private room,1.0,1.0,1.0,undefined,2,False,4.84,True,36.0,352,41.99365078797926,-87.78644203764206,Chicago
997376671900320269,85.0,2,Private room,1.0,1.0,1.0,undefined,28,False,4.67,False,3.0,90,41.89563843665848,-87.6581408005249,Chicago
997726639485873397,144.0,4,Entire home/apt,2.0,3.0,1.0,undefined,2,False,4.98,False,1.0,295,41.91148529257087,-87.67732754222716,Chicago
997908215520829203,37.0,2,Private room,1.0,1.0,2.0,undefined,1,True,4.27,False,5.0,346,41.82843,-87.64765,Chicago
998028914985819143,46.0,2,Private room,1.0,1.0,1.0,undefined,28,False,4.4,False,3.0,303,41.8963,-87.65592,Chicago
998533689152056607,234.0,3,Entire home/apt,0.0,1.0,1.0,undefined,32,True,5.0,False,24.0,365,41.90239,-87.63595,Chicago
998537233993248035,234.0,3,Entire home/apt,0.0,1.0,1.0,undefined,32,True,,False,24.0,365,41.9038,-87.6359,Chicago
998575092318181185,286.0,4,Entire home/apt,1.0,1.0,1.0,undefined,32,True,5.0,False,24.0,334,41.90393226497847,-87.63602872298746,Chicago
998578246097654202,286.0,4,Entire home/apt,1.0,2.0,1.0,undefined,32,True,,False,24.0,365,41.90421,-87.63586,Chicago
998581515329267729,300.0,6,Entire home/apt,2.0,3.0,1.0,undefined,32,True,,False,24.0,365,41.9032387,-87.63486329999999,Chicago
998600450922814868,300.0,6,Entire home/apt,2.0,3.0,1.0,undefined,32,True,5.0,False,24.0,365,41.903987160766,-87.63600178280932,Chicago
998710344671298575,230.0,4,Entire home/apt,1.0,2.0,1.0,undefined,32,True,,True,65.0,362,41.8918321,-87.6381974,Chicago
998714400308798401,230.0,4,Entire home/apt,1.0,2.0,1.0,undefined,32,True,5.0,True,65.0,362,41.8918321,-87.6381974,Chicago
998722448161736327,230.0,4,Entire home/apt,1.0,2.0,1.0,undefined,32,True,,True,65.0,362,41.8918321,-87.6381974,Chicago
998726909433339601,385.0,4,Entire home/apt,2.0,2.0,2.0,undefined,32,True,5.0,True,65.0,362,41.8918321,-87.6381974,Chicago
998732033813893624,385.0,4,Entire home/apt,2.0,2.0,2.0,undefined,32,False,,True,65.0,362,41.8918321,-87.6381974,Chicago
999188542912186222,385.0,4,Entire home/apt,2.0,2.0,2.0,undefined,32,True,5.0,True,65.0,362,41.8918321,-87.6381974,Chicago
999194511378861707,385.0,4,Entire home/apt,2.0,2.0,2.0,undefined,32,True,,True,65.0,362,41.8918321,-87.6381974,Chicago
999199383091998918,385.0,4,Entire home/apt,2.0,2.0,2.0,undefined,32,True,,True,65.0,362,41.8918321,-87.6381974,Chicago
999214500412295004,385.0,4,Entire home/apt,2.0,2.0,2.0,undefined,32,True,,True,65.0,362,41.8918321,-87.6381974,Chicago
999221300295088630,385.0,4,Entire home/apt,2.0,2.0,2.0,undefined,32,True,,True,65.0,362,41.8918321,-87.6381974,Chicago
999225816350419653,230.0,4,Entire home/apt,1.0,2.0,1.0,undefined,32,True,,True,65.0,362,41.8918321,-87.6381974,Chicago
999230791152312100,215.0,4,Entire home/apt,0.0,1.0,1.0,undefined,32,True,4.0,True,65.0,362,41.8918321,-87.6381974,Chicago
999235911062987747,215.0,4,Entire home/apt,0.0,1.0,1.0,undefined,32,False,3.0,True,65.0,96,41.8918321,-87.6381974,Chicago
999240342598836211,210.0,4,Entire home/apt,0.0,1.0,1.0,undefined,32,True,,True,65.0,362,41.8918321,-87.6381974,Chicago
999244011470337820,210.0,4,Entire home/apt,0.0,1.0,1.0,undefined,32,True,,True,65.0,362,41.8918321,-87.6381974,Chicago
999248574594108699,215.0,4,Entire home/apt,0.0,1.0,1.0,undefined,32,True,5.0,True,65.0,186,41.8918321,-87.6381974,Chicago
999253326109382592,215.0,4,Entire home/apt,0.0,1.0,1.0,undefined,32,True,,True,65.0,362,41.8918321,-87.6381974,Chicago
999257649165646711,215.0,4,Entire home/apt,0.0,1.0,1.0,undefined,32,True,,True,65.0,362,41.8918321,-87.6381974,Chicago
999917012029114193,240.0,2,Entire home/apt,1.0,1.0,1.0,undefined,32,True,,True,65.0,362,41.8918321,-87.6381974,Chicago
999955220930959622,192.0,2,Entire home/apt,1.0,1.0,1.0,undefined,32,True,,True,65.0,362,41.8918321,-87.6381974,Chicago
999960299951243509,240.0,2,Entire home/apt,1.0,1.0,1.0,undefined,32,True,,True,65.0,362,41.8918321,-87.6381974,Chicago
999990253135420490,240.0,2,Entire home/apt,1.0,1.0,1.0,undefined,32,True,,True,65.0,362,41.8918321,-87.6381974,Chicago
1000018146718269696,240.0,2,Entire home/apt,1.0,1.0,1.0,undefined,32,True,,True,65.0,362,41.8918321,-87.6381974,Chicago
1000023572440446781,240.0,2,Entire home/apt,1.0,1.0,1.0,undefined,32,True,,True,65.0,362,41.8918321,-87.6381974,Chicago
1000068661682387599,245.0,2,Entire home/apt,1.0,1.0,1.0,undefined,32,False,,True,65.0,362,41.8918321,-87.6381974,Chicago
1000071427632382596,196.0,5,Entire home/apt,2.0,3.0,2.0,undefined,7,False,4.86,True,61.0,251,41.87121,-87.63161,Chicago
1000108199971755752,240.0,2,Entire home/apt,1.0,1.0,1.0,undefined,32,True,,True,65.0,362,41.8918321,-87.6381974,Chicago
1000115108300320786,230.0,4,Entire home/apt,1.0,2.0,1.0,undefined,32,True,,True,65.0,362,41.8918321,-87.6381974,Chicago
1000136186952796639,230.0,4,Entire home/apt,1.0,2.0,1.0,undefined,32,False,,True,65.0,362,41.8918321,-87.6381974,Chicago
1000150966265954965,415.0,4,Entire home/apt,2.0,2.0,2.0,undefined,32,True,,True,65.0,362,41.8918321,-87.6381974,Chicago
1000162236702710623,332.0,4,Entire home/apt,2.0,2.0,2.0,undefined,32,True,,True,65.0,362,41.8918321,-87.6381974,Chicago
1000208213388959451,95.0,2,Entire home/apt,1.0,1.0,1.0,undefined,32,True,5.0,False,1.0,218,41.918225532271656,-87.6750595164881,Chicago
1000316159112600726,405.0,14,Entire home/apt,4.0,5.0,3.0,undefined,1,False,4.89,True,2.0,82,41.70982914491505,-87.6591142673262,Chicago
1000638599625172847,160.0,4,Entire home/apt,0.0,1.0,1.0,undefined,2,False,4.94,False,13.0,290,41.90118892127315,-87.63290867068756,Chicago
1000697794721640829,90.0,4,Entire home/apt,1.0,1.0,1.0,undefined,32,False,,False,1.0,240,41.90387926844914,-87.64069667932974,Chicago
1000799530108885280,202.0,5,Entire home/apt,2.0,3.0,2.0,undefined,8,False,4.98,True,61.0,97,41.87151126874469,-87.63013166333444,Chicago
1000811217854592600,160.0,4,Entire home/apt,1.0,2.0,1.0,undefined,8,False,4.9,True,61.0,239,41.86859905492409,-87.63057265330784,Chicago
1000908118739582806,92.0,2,Entire home/apt,1.0,0.0,1.0,undefined,4,False,4.89,True,6.0,216,41.9920184,-87.66248069999999,Chicago
1001007129253096858,200.0,10,Entire home/apt,5.0,5.0,1.0,undefined,32,True,,True,4.0,210,41.7487626,-87.5927193,Chicago
1001034193269007286,95.0,4,Entire home/apt,2.0,2.0,1.0,undefined,32,True,5.0,True,4.0,132,41.7991956,-87.68509139999999,Chicago
1001317476385016787,196.0,2,Entire home/apt,1.0,1.0,1.0,undefined,32,True,,False,,276,41.886064,-87.624718,Chicago
1001318211398050461,210.0,2,Entire home/apt,1.0,1.0,1.0,undefined,32,True,,False,,328,41.886064,-87.624718,Chicago
1002402999386863286,125.0,2,Private room,1.0,1.0,1.0,undefined,2,False,5.0,True,1.0,185,42.0192585,-87.6758959,Chicago
1002497809694952894,131.0,6,Entire home/apt,3.0,3.0,1.0,undefined,2,True,4.23,False,8.0,335,41.82513429463907,-87.61698570655119,Chicago
1002841811177169587,68.0,5,Entire home/apt,2.0,2.0,1.0,undefined,32,True,5.0,False,1.0,342,41.92168,-87.71606,Chicago
1003017801713857713,279.0,6,Entire home/apt,3.0,4.0,2.0,undefined,28,False,,True,2.0,244,41.89461514713992,-87.66562294004743,Chicago
1003033063259387066,127.0,6,Entire home/apt,2.0,3.0,1.0,undefined,2,False,4.97,True,1.0,78,41.99876,-87.66234,Chicago
1003380569165402970,234.0,2,Entire home/apt,1.0,1.0,1.0,undefined,32,True,,False,,258,41.8950138,-87.62791490000001,Chicago
1003572284273653706,154.0,4,Entire home/apt,2.0,2.0,1.0,undefined,3,False,4.66,True,1.0,165,41.9401465,-87.7334024,Chicago
1004007883858102694,64.0,2,Private room,2.0,2.0,1.0,undefined,1,False,4.5,False,2.0,216,41.85788,-87.71266,Chicago
1005023893706019153,207.0,2,Entire home/apt,1.0,1.0,1.0,undefined,32,True,,False,,356,41.8694789,-87.6312255,Chicago
1005024790781481300,238.0,2,Entire home/apt,1.0,1.0,1.0,undefined,32,True,5.0,False,,39,41.8897136,-87.61881140000003,Chicago
1005025429750720933,303.0,4,Entire home/apt,2.0,2.0,2.0,undefined,32,True,,False,,151,41.8911616,-87.62226299999999,Chicago
1005060982055531595,92.0,2,Entire home/apt,0.0,1.0,1.0,undefined,1,True,4.67,,5.0,49,42.00742,-87.67135,Chicago
1005212195039655606,465.0,12,Entire home/apt,4.0,6.0,2.0,undefined,2,True,4.69,False,46.0,332,41.85397880082184,-87.62500949138705,Chicago
1005331139897368935,151.0,10,Entire home/apt,4.0,5.0,2.0,undefined,3,False,4.95,True,8.0,346,41.72737626028117,-87.59603124218076,Chicago
1005843819844526519,103.0,10,Entire home/apt,4.0,5.0,2.0,undefined,30,False,,True,8.0,251,41.72967200416478,-87.59452378835526,Chicago
1006364732457000889,197.0,2,Entire home/apt,1.0,1.0,1.0,undefined,32,True,,False,,237,41.86948,-87.63123,Chicago
1006534073874196086,473.0,9,Entire home/apt,4.0,5.0,2.5,undefined,2,False,5.0,True,7.0,242,41.81588,-87.59512,Chicago
1006828167621911546,167.0,6,Entire home/apt,2.0,3.0,2.0,undefined,32,False,5.0,True,2.0,71,41.89799237495427,-87.66860780039084,Chicago
1007561701884511617,55.0,2,Entire home/apt,0.0,1.0,1.0,undefined,32,False,,False,3.0,50,41.65510265264635,-87.55127210492914,Chicago
1008174352776184681,93.0,3,Entire home/apt,1.0,2.0,1.0,undefined,2,True,4.62,,32.0,158,42.01225489999999,-87.6647189,Chicago
1008537544742721511,109.0,6,Entire home/apt,2.0,5.0,1.0,undefined,1,False,4.77,True,6.0,292,41.92909,-87.76011,Chicago
1008603478686165024,233.0,2,Entire home/apt,1.0,1.0,1.0,undefined,32,True,,False,,295,41.8897136,-87.61881140000003,Chicago
1008667703806508314,52.0,4,Entire home/apt,1.0,2.0,1.0,undefined,32,True,,False,5.0,231,41.74794528946834,-87.5612748786807,Chicago
1008774238956610960,79.0,6,Entire home/apt,2.0,3.0,1.0,undefined,32,False,5.0,False,3.0,323,41.938215,-87.6867833,Chicago
1008790461186412137,96.0,3,Entire home/apt,1.0,2.0,1.0,undefined,2,False,4.95,True,1.0,190,41.99112333548096,-87.671683890213,Chicago
1008831968591715198,59.0,2,Private room,1.0,1.0,1.5,undefined,1,False,4.8,True,9.0,249,41.85997,-87.69469,Chicago
1009161152024899200,262.0,2,Entire home/apt,1.0,1.0,1.0,undefined,32,True,,False,,216,41.8897136,-87.61881140000003,Chicago
1009670562955619911,59.0,2,Private room,1.0,1.0,1.5,undefined,1,False,4.86,True,9.0,246,41.86025591157062,-87.69544546631977,Chicago
1010257691109275056,252.0,6,Entire home/apt,3.0,4.0,1.0,undefined,2,False,4.89,True,2.0,146,41.91138299458345,-87.69646671096359,Chicago
1010284246944800396,131.0,4,Entire home/apt,2.0,2.0,1.0,undefined,32,False,5.0,,17.0,95,41.8016954,-87.6036702,Chicago
1010288390039955077,293.0,10,Entire home/apt,4.0,5.0,2.0,undefined,2,True,4.79,False,19.0,261,41.8437,-87.63556,Chicago
1010625312610977426,253.0,2,Entire home/apt,1.0,1.0,1.0,undefined,32,True,5.0,False,,76,41.8911616,-87.62226299999999,Chicago
1010626200952167045,288.0,2,Entire home/apt,1.0,1.0,1.0,undefined,32,True,5.0,False,,300,41.8897136,-87.61881140000003,Chicago
1010761178995132588,260.0,2,Entire home/apt,1.0,1.0,1.0,undefined,32,True,,False,,256,41.8897136,-87.61881140000003,Chicago
1010907451956346020,209.0,7,Entire home/apt,3.0,3.0,1.0,undefined,3,True,,True,4.0,39,41.92425,-87.70332,Chicago
1010988814363994108,476.0,8,Entire home/apt,3.0,3.0,2.0,undefined,2,False,4.94,True,17.0,310,41.95155,-87.65344,Chicago
1011012365610355786,289.0,4,Entire home/apt,2.0,2.0,2.0,undefined,4,True,5.0,True,3.0,274,41.88593050579279,-87.65202574431896,Chicago
1011528645761118062,154.0,4,Entire home/apt,0.0,1.0,1.0,undefined,2,False,4.66,False,13.0,340,41.90314,-87.6343,Chicago
1011547672609056242,129.0,3,Entire home/apt,0.0,1.0,1.0,undefined,2,False,4.55,False,13.0,344,41.90301,-87.63266,Chicago
1011651861018147042,83.0,2,Private room,1.0,1.0,1.0,undefined,1,True,4.96,True,1.0,338,42.01056,-87.6806,Chicago
1011737937458714939,138.0,10,Entire home/apt,3.0,6.0,2.0,undefined,2,False,4.89,True,1.0,309,41.95219,-87.69689,Chicago
1011799929975496158,149.0,4,Entire home/apt,2.0,2.0,1.0,undefined,32,False,5.0,True,11.0,231,41.8962529244843,-87.66295822785469,Chicago
1013255877387797430,37.0,2,Private room,1.0,1.0,1.0,undefined,32,False,,False,2.0,83,41.79620754541504,-87.67369989906304,Chicago
1013740095680745364,150.0,3,Entire home/apt,3.0,3.0,1.0,undefined,32,False,5.0,False,2.0,63,41.95416,-87.70945,Chicago
1013774030298741786,196.0,8,Entire home/apt,2.0,3.0,2.0,undefined,2,True,4.83,True,80.0,347,41.85411980023126,-87.62506141959018,Chicago
1013919528737643951,35.0,2,Private room,1.0,1.0,1.0,undefined,2,False,4.48,False,9.0,257,41.83971,-87.63234,Chicago
1013923839185827043,172.0,8,Entire home/apt,3.0,3.0,2.0,undefined,32,False,4.73,True,6.0,345,41.91138015718156,-87.66690179980057,Chicago
1013924247312236054,31.0,1,Private room,1.0,1.0,1.0,undefined,2,False,4.54,False,9.0,355,41.83983,-87.63265,Chicago
1013925734385917823,34.0,2,Private room,1.0,1.0,1.0,undefined,2,False,4.41,False,9.0,257,41.83969,-87.63284,Chicago
1013927633997323682,38.0,2,Private room,1.0,1.0,1.0,undefined,2,False,4.49,False,9.0,260,41.839698414144856,-87.63231817149453,Chicago
1013933535525658019,33.0,2,Private room,1.0,1.0,1.0,undefined,2,False,4.59,False,4.0,25,41.83434129491596,-87.66457193903403,Chicago
1013945456797879884,59.0,2,Private room,1.0,1.0,1.5,undefined,2,False,4.33,False,9.0,267,41.82511691014531,-87.69168293100418,Chicago
1013947724639494037,31.0,2,Private room,1.0,1.0,1.5,undefined,2,False,4.41,False,9.0,251,41.825165900272495,-87.69373239653095,Chicago
1013948925131806540,32.0,2,Private room,1.0,1.0,1.0,undefined,2,False,4.38,False,9.0,249,41.82463588259658,-87.69222054954625,Chicago
1013949370128829090,30.0,4,Private room,1.0,1.0,1.5,undefined,2,False,4.57,False,9.0,24,41.82464279467606,-87.69308988384084,Chicago
1014021414393276392,191.0,3,Entire home/apt,1.0,1.0,1.0,undefined,2,True,4.94,True,2.0,94,41.88093442167142,-87.62739410770818,Chicago
1014040432439844931,108.0,4,Entire home/apt,1.0,2.0,1.0,undefined,1,False,4.98,True,3.0,214,41.9638921,-87.7410199,Chicago
1014551701794618935,90.0,2,Entire home/apt,1.0,3.0,1.0,undefined,3,False,4.82,False,1.0,38,41.94219135410516,-87.67750002567894,Chicago
1014571233677393537,90.0,2,Entire home/apt,0.0,1.0,1.0,undefined,32,False,5.0,True,3.0,26,41.9087286482092,-87.63069278225983,Chicago
1014772825728443646,238.0,8,Entire home/apt,3.0,4.0,2.0,undefined,2,True,4.98,True,31.0,333,41.85302,-87.63602,Chicago
1015316304467261640,105.0,1,Private room,1.0,1.0,0.5,undefined,32,False,2.0,False,4.0,365,41.91821308117381,-87.67564555467366,Chicago
1015406132816015238,180.0,4,Entire home/apt,1.0,2.0,1.0,undefined,2,True,4.96,,32.0,138,41.94878,-87.65232,Chicago
1015501910732476785,108.0,3,Entire home/apt,0.0,1.0,1.0,undefined,2,False,4.91,False,2.0,171,41.85584620684117,-87.6522012521148,Chicago
1015901850436676614,135.0,6,Entire home/apt,2.0,2.0,1.0,undefined,2,False,4.6,True,2.0,63,41.8510306,-87.68036049999999,Chicago
1016719890844558489,118.0,5,Entire home/apt,2.0,2.0,1.0,undefined,32,True,4.25,False,6.0,345,42.01782,-87.66582,Chicago
1016941210281489969,106.0,3,Entire home/apt,2.0,2.0,1.0,undefined,32,False,4.33,False,5.0,201,41.772235,-87.64146459999999,Chicago
1017283619173732022,398.0,10,Entire home/apt,4.0,6.0,3.5,undefined,3,False,4.94,True,1.0,151,41.91892161408701,-87.70203820395203,Chicago
1018741655417489265,162.0,6,Entire home/apt,3.0,4.0,1.0,undefined,1,False,5.0,True,2.0,263,41.7680684,-87.6150459,Chicago
1018882917680798113,144.0,2,Private room,1.0,1.0,1.0,undefined,1,True,4.84,False,31.0,175,41.82728,-87.62034,Chicago
1018936298993734881,674.0,10,Entire home/apt,6.0,8.0,4.0,undefined,2,True,4.98,True,3.0,297,41.9040086,-87.67052900000002,Chicago
1019331705865483537,253.0,2,Entire home/apt,1.0,1.0,1.0,undefined,32,True,,False,,284,41.8911616,-87.62226299999999,Chicago
1019620660679221852,1195.0,3,Entire home/apt,1.0,2.0,1.0,undefined,2,True,4.6,,4.0,281,41.9364446,-87.7121719,Chicago
1019911615265112076,52.0,2,Private room,1.0,1.0,1.0,undefined,1,False,4.94,True,11.0,112,41.94812596645438,-87.77170137337171,Chicago
1020115215865200343,89.0,2,Entire home/apt,1.0,1.0,1.0,undefined,1,False,4.7,False,6.0,236,41.9734972,-87.6564763,Chicago
1020501574851822888,43.0,2,Private room,1.0,1.0,1.0,undefined,1,False,4.83,True,11.0,166,41.948,-87.77166,Chicago
1020506409818245909,47.0,2,Private room,1.0,1.0,1.0,undefined,1,False,4.9,True,11.0,162,41.94786,-87.77265,Chicago
1020603777261897594,330.0,8,Entire home/apt,3.0,3.0,2.5,undefined,1,False,4.92,True,39.0,328,41.7773297,-87.6025538,Chicago
1020619316443796267,141.0,5,Entire home/apt,3.0,3.0,1.0,undefined,2,False,5.0,True,1.0,138,41.9653,-87.70985,Chicago
1020631399344603430,125.0,5,Entire home/apt,2.0,3.0,1.0,undefined,1,False,4.63,False,2.0,250,41.94522397481485,-87.70587251080106,Chicago
1020842123803674473,219.0,2,Entire home/apt,1.0,1.0,1.0,undefined,32,True,5.0,False,,267,41.9839704,-87.655453,Chicago
1020844640580456072,214.0,2,Entire home/apt,1.0,1.0,1.0,undefined,32,True,,False,,338,41.898904,-87.62797,Chicago
1022068498583822549,106.0,5,Entire home/apt,3.0,2.0,1.0,undefined,32,False,,False,4.0,277,41.8906137,-87.7168576,Chicago
1022437489810388874,189.0,5,Entire home/apt,2.0,3.0,2.0,undefined,32,False,5.0,False,4.0,269,41.87097,-87.62515,Chicago
1023437690989920007,85.0,4,Entire home/apt,2.0,2.0,1.0,undefined,2,False,4.96,True,1.0,31,41.9167399,-87.7132784,Chicago
1023984587355004616,120.0,2,Private room,1.0,1.0,1.0,undefined,1,True,4.94,False,31.0,168,41.827700273539016,-87.62240257865848,Chicago
1023988842821692174,85.0,3,Entire home/apt,1.0,1.0,1.0,undefined,32,False,5.0,True,1.0,109,41.89429219839204,-87.6273083615944,Chicago
1024020973283184586,127.0,2,Private room,1.0,1.0,1.0,undefined,1,True,4.38,False,31.0,165,41.82922,-87.62189,Chicago
1024033341148566281,103.0,2,Private room,1.0,1.0,1.0,undefined,1,False,4.65,False,31.0,167,41.828033686185954,-87.62028438029027,Chicago
1024692914359840449,121.0,5,Entire home/apt,2.0,2.0,1.0,undefined,2,False,4.96,True,2.0,338,41.93168,-87.6856,Chicago
1024740688085376805,126.0,4,Entire home/apt,2.0,2.0,1.0,undefined,3,False,5.0,True,1.0,320,41.9295,-87.72449,Chicago
1024962757174077406,282.0,6,Entire home/apt,2.0,3.0,2.5,undefined,1,False,4.97,True,43.0,126,41.91543,-87.65105,Chicago
1025226341120749413,107.0,3,Private room,1.0,2.0,1.0,undefined,2,True,4.25,False,74.0,0,41.78247,-87.5935,Chicago
1025226398921381361,96.0,2,Private room,1.0,1.0,2.0,undefined,2,True,4.0,False,74.0,355,41.78247,-87.5935,Chicago
1025226455798582194,43.0,2,Private room,1.0,1.0,2.0,undefined,32,True,,False,74.0,329,41.78247,-87.5935,Chicago
1025226509285940393,43.0,3,Private room,1.0,1.0,2.0,undefined,32,True,5.0,False,74.0,333,41.78247,-87.5935,Chicago
1025226558564994312,43.0,3,Private room,1.0,1.0,2.0,undefined,32,True,,False,74.0,40,41.78247,-87.5935,Chicago
1025226660064314184,98.0,3,Private room,1.0,1.0,2.0,undefined,2,True,3.8,False,74.0,352,41.78247,-87.5935,Chicago
1025226715082495393,85.0,3,Private room,1.0,1.0,2.0,undefined,2,True,4.67,False,74.0,349,41.78247,-87.5935,Chicago
1025226822544125210,85.0,3,Private room,1.0,1.0,2.0,undefined,2,True,,False,74.0,118,41.78247,-87.5935,Chicago
1025227475990806457,49.0,3,Private room,1.0,1.0,1.0,undefined,32,True,,False,74.0,354,41.78247,-87.5935,Chicago
1025227523201353015,90.0,3,Private room,1.0,1.0,2.0,undefined,2,True,,False,74.0,348,41.78247,-87.5935,Chicago
1025227575674011084,89.0,3,Private room,1.0,1.0,2.0,undefined,2,True,4.67,False,74.0,353,41.78247,-87.5935,Chicago
1025227627061614781,101.0,3,Private room,1.0,1.0,2.0,undefined,2,True,3.83,False,74.0,0,41.78247,-87.5935,Chicago
1025227728504537929,49.0,3,Private room,1.0,1.0,1.0,undefined,32,True,5.0,False,74.0,305,41.78247,-87.5935,Chicago
1025227778231748258,43.0,3,Private room,1.0,1.0,2.0,undefined,32,True,,False,74.0,327,41.78247,-87.5935,Chicago
1025227829922947095,43.0,3,Private room,1.0,1.0,2.0,undefined,32,True,,False,74.0,336,41.78247,-87.5935,Chicago
1025229388054028280,49.0,3,Private room,1.0,1.0,1.0,undefined,32,True,5.0,False,74.0,266,41.78247,-87.5935,Chicago
1025229490793508323,43.0,3,Private room,1.0,2.0,2.0,undefined,32,True,4.5,False,74.0,324,41.78247,-87.5935,Chicago
1025229541817372866,43.0,3,Private room,1.0,1.0,2.0,undefined,32,True,,False,74.0,222,41.78247,-87.5935,Chicago
1025229590791376081,161.0,3,Private room,1.0,1.0,2.0,undefined,32,True,4.33,False,74.0,356,41.78247,-87.5935,Chicago
1026018819983920640,126.0,2,Private room,1.0,1.0,1.0,undefined,1,False,4.86,False,31.0,177,41.82639686578531,-87.61716423048595,Chicago
1026022493362583373,152.0,2,Private room,1.0,1.0,1.0,undefined,1,False,5.0,False,31.0,177,41.82611,-87.61955,Chicago
1026025481900077695,444.0,6,Entire home/apt,3.0,3.0,2.0,undefined,1,False,,False,31.0,177,41.82715,-87.6193,Chicago
1026032669341036769,126.0,2,Private room,1.0,1.0,1.0,undefined,1,False,4.5,False,31.0,179,41.8267229,-87.6183475,Chicago
1026035075481331527,156.0,2,Private room,1.0,1.0,1.0,undefined,1,False,4.71,False,31.0,173,41.82565,-87.61736,Chicago
1026037885697614966,364.0,6,Entire home/apt,3.0,3.0,2.0,undefined,1,False,5.0,False,31.0,171,41.8267229,-87.6183475,Chicago
1026045296561740990,133.0,2,Private room,1.0,1.0,1.0,undefined,1,False,4.5,False,31.0,177,41.82577988957697,-87.61716297685219,Chicago
1026048651193227442,151.0,2,Private room,1.0,1.0,1.0,undefined,1,False,4.5,False,31.0,179,41.8267229,-87.6183475,Chicago
1026050961538018737,351.0,6,Entire home/apt,3.0,3.0,2.0,undefined,1,False,4.0,False,31.0,176,41.82739,-87.61738,Chicago
1026130488259569779,282.0,5,Entire home/apt,2.0,2.0,1.0,undefined,2,True,4.93,True,2.0,14,41.8465294,-87.6185981,Chicago
1026134493337229516,75.0,5,Private room,3.0,5.0,1.0,undefined,1,True,4.96,True,1.0,313,41.97658209999999,-87.7101994,Chicago
1026199830159458696,355.0,16,Entire home/apt,4.0,7.0,3.5,undefined,2,False,4.94,True,74.0,247,41.89029,-87.68228,Chicago
1027034100540106799,82.0,2,Entire home/apt,0.0,1.0,1.0,undefined,1,True,4.49,False,6.0,225,41.973497184571016,-87.65647619962692,Chicago
1027153704777841190,37.0,1,Private room,1.0,1.0,2.0,undefined,1,True,4.33,False,8.0,356,41.84627,-87.64702,Chicago
1027433735256072241,85.0,2,Entire home/apt,1.0,1.0,1.0,undefined,10,False,4.67,True,3.0,234,41.9788257,-87.69866499999999,Chicago
1027756498632544593,100.0,4,Entire home/apt,1.0,3.0,1.0,undefined,32,False,5.0,True,3.0,49,41.9446835,-87.65820930000001,Chicago
1028193257529692820,153.0,2,Entire home/apt,1.0,1.0,1.0,undefined,3,False,5.0,True,1.0,130,41.98506,-87.67299,Chicago
1028397038137814793,76.0,2,Private room,1.0,1.0,1.0,undefined,1,False,4.76,False,3.0,53,41.92882803675781,-87.69291809572586,Chicago
1029687426247079475,87.0,4,Entire home/apt,1.0,1.0,1.0,undefined,32,False,5.0,False,7.0,145,41.84242037840739,-87.71069248138193,Chicago
1030081423205436620,407.0,5,Entire home/apt,3.0,3.0,2.5,undefined,2,False,5.0,True,1.0,276,41.92673820555583,-87.64495411132499,Chicago
1030421287623088909,106.0,3,Entire home/apt,0.0,1.0,1.0,undefined,5,False,4.75,False,2.0,127,41.98887760168083,-87.6568596341022,Chicago
1030669675835671529,3486.0,15,Entire home/apt,7.0,9.0,7.0,undefined,2,False,5.0,True,136.0,339,41.8846244,-87.62585709999999,Chicago
1030971481513401994,43.0,3,Private room,1.0,1.0,2.0,undefined,32,True,4.0,False,74.0,329,41.78247,-87.5935,Chicago
1031507631455500630,77.0,2,Private room,1.0,1.0,1.0,undefined,1,False,5.0,False,2.0,56,41.968529742039365,-87.68897812750306,Chicago
1031783398888037859,122.0,2,Entire home/apt,1.0,1.0,1.0,undefined,32,False,,False,1.0,269,41.904476341620175,-87.63281380029147,Chicago
1033670978472227539,110.0,3,Entire home/apt,1.0,1.0,1.0,undefined,32,True,4.86,True,6.0,303,41.876519078143744,-87.63658211878044,Chicago
1033966796098187818,146.0,4,Entire home/apt,1.0,2.0,1.0,undefined,3,True,4.83,True,4.0,240,41.85904,-87.64424,Chicago
1034019964859804078,225.0,2,Entire home/apt,1.0,1.0,1.0,undefined,32,True,,False,,285,41.886064,-87.624718,Chicago
1034164174185264021,133.0,5,Entire home/apt,2.0,2.0,1.0,undefined,2,False,4.22,False,1.0,71,41.7785,-87.61478,Chicago
1036306388383552246,148.0,5,Entire home/apt,2.0,3.0,1.0,undefined,120,False,,False,1.0,283,41.90389,-87.64261,Chicago
1036326380901507111,131.0,3,Entire home/apt,1.0,1.0,1.0,undefined,32,False,5.0,,17.0,112,41.91965,-87.71458,Chicago
1036926828449835010,82.0,2,Private room,1.0,1.0,1.0,undefined,3,False,5.0,True,26.0,263,41.93939,-87.75621,Chicago
1036927065089586235,568.0,13,Entire home/apt,6.0,7.0,4.0,undefined,2,False,4.92,True,43.0,130,41.94369937113513,-87.66416726067112,Chicago
1036962690403731979,649.0,14,Entire home/apt,3.0,8.0,3.0,undefined,2,True,4.93,True,41.0,52,41.89507023775788,-87.63396640295764,Chicago
1036980073608188972,533.0,14,Entire home/apt,3.0,7.0,3.0,undefined,2,False,4.93,True,41.0,74,41.89313158954362,-87.63332204082415,Chicago
1036988717682858545,615.0,14,Entire home/apt,3.0,7.0,3.0,undefined,2,False,4.98,True,41.0,92,41.89532,-87.63198,Chicago
1037088062633530192,137.0,3,Entire home/apt,2.0,2.0,1.5,undefined,32,False,,False,1.0,0,41.89429,-87.64941,Chicago
1037356236988484598,190.0,6,Entire home/apt,3.0,3.0,2.0,undefined,2,False,4.89,True,1.0,256,41.81234,-87.59446,Chicago
1037649592048706727,88.0,3,Entire home/apt,1.0,0.0,1.0,undefined,2,False,4.26,False,2.0,336,41.81944933898836,-87.61581923663711,Chicago
1037656029913150107,224.0,5,Entire home/apt,2.0,4.0,2.0,undefined,2,True,5.0,True,54.0,336,41.94183,-87.66595,Chicago
1037701992346144341,96.0,3,Private room,3.0,4.0,2.0,undefined,2,True,4.73,False,4.0,345,41.8169,-87.59908,Chicago
1037706380595961537,143.0,5,Private room,3.0,4.0,2.0,undefined,2,True,4.75,False,4.0,353,41.81586210317832,-87.59858077154377,Chicago
1037885144146862104,113.0,2,Entire home/apt,1.0,1.0,1.0,undefined,4,False,4.71,False,1.0,63,41.752560107864696,-87.56056946566936,Chicago
1038422185491342656,161.0,4,Entire home/apt,3.0,4.0,1.0,undefined,2,False,4.58,True,4.0,257,41.97744762601985,-87.69879207015038,Chicago
1039207449856901011,280.0,3,Entire home/apt,1.0,1.0,1.0,undefined,32,False,4.75,,54.0,254,41.93295819578076,-87.64218588879748,Chicago
1039296211983393313,292.0,8,Entire home/apt,3.0,4.0,2.0,undefined,2,False,4.93,True,3.0,164,41.82629289568248,-87.64803319197941,Chicago
1039834005449880717,210.0,2,Private room,1.0,1.0,1.0,undefined,1,True,4.79,True,1.0,110,41.87148,-87.624625,Chicago
1039878204197723453,252.0,8,Entire home/apt,2.0,5.0,1.5,undefined,2,False,4.8,True,1.0,122,41.92023660162564,-87.63806428095093,Chicago
1039931710255343620,1760.0,10,Entire home/apt,5.0,7.0,9.0,undefined,32,False,,False,1.0,230,41.90421,-87.62752,Chicago
1039970505499984938,9700.0,6,Entire home/apt,3.0,3.0,4.5,undefined,1,False,,True,65.0,260,41.89230241730131,-87.63733549072307,Chicago
1040407067866317727,258.0,8,Entire home/apt,4.0,4.0,2.5,undefined,3,False,4.93,True,6.0,253,41.81771671384606,-87.61136535268511,Chicago
1040549377928690052,259.0,6,Entire home/apt,3.0,3.0,1.5,undefined,3,False,4.5,False,1.0,79,41.70488,-87.61317,Chicago
1041082499739771970,184.0,2,Entire home/apt,0.0,1.0,1.0,undefined,32,True,,False,,307,41.886064,-87.624718,Chicago
1041083205660272749,235.0,4,Entire home/apt,2.0,2.0,2.0,undefined,32,True,,False,,285,41.8634989,-87.62704269999999,Chicago
1041220523551238802,45.0,2,Private room,1.0,1.0,1.0,undefined,1,False,4.75,False,3.0,221,41.81620059999999,-87.6172528,Chicago
1041323557878464311,50.0,2,Private room,1.0,3.0,1.0,undefined,1,False,4.88,False,4.0,262,41.8563677875619,-87.71258540132769,Chicago
1041985693140299441,50000.0,8,Hotel room,4.0,0.0,4.0,undefined,1,True,5.0,False,8403.0,338,41.8958,-87.63125,Chicago
1041991107700051633,50000.0,4,Hotel room,2.0,0.0,2.0,undefined,1,True,4.69,False,8403.0,338,41.89354,-87.63243,Chicago
1041994120347570469,50000.0,6,Hotel room,3.0,0.0,3.0,undefined,1,True,4.63,False,8403.0,338,41.89492,-87.63262,Chicago
1042174615811497221,109.0,6,Entire home/apt,3.0,3.0,1.5,undefined,32,False,4.93,True,6.0,360,41.71424950826671,-87.6626182189045,Chicago
1042780151260089532,305.0,6,Entire home/apt,3.0,3.0,2.0,undefined,2,False,4.98,True,1.0,352,41.956212366328366,-87.67522036131541,Chicago
1042871048857077991,237.0,8,Entire home/apt,4.0,4.0,2.0,undefined,3,True,4.93,,70.0,320,41.90994397102715,-87.67810344248151,Chicago
1043130329310137291,121.0,4,Entire home/apt,2.0,2.0,1.0,undefined,2,True,4.48,False,1.0,261,41.96031356443421,-87.72757327350085,Chicago
1043557373266112843,125.0,5,Entire home/apt,2.0,3.0,1.0,undefined,1,False,4.9,False,3.0,265,41.94275,-87.78517,Chicago
1043658910255325444,226.0,5,Entire home/apt,3.0,3.0,2.0,undefined,1,True,4.91,True,1.0,102,41.85641,-87.66086,Chicago
1044100552150566141,50000.0,4,Hotel room,1.0,1.0,1.0,undefined,1,True,,False,1714.0,298,41.89504,-87.63163,Chicago
1044100722973987185,40000.0,4,Hotel room,1.0,1.0,1.0,undefined,1,True,,False,1714.0,298,41.89504,-87.63163,Chicago
1044100937750721710,40000.0,4,Hotel room,1.0,1.0,1.0,undefined,1,True,,False,1714.0,291,41.89504,-87.63163,Chicago
1044101118881997315,40000.0,4,Hotel room,1.0,1.0,1.0,undefined,1,True,5.0,False,1714.0,298,41.89504,-87.63163,Chicago
1044101297355737959,40000.0,4,Hotel room,1.0,1.0,1.0,undefined,1,True,,False,1714.0,275,41.896060020540425,-87.63122314961863,Chicago
1044101430114593553,40000.0,4,Hotel room,1.0,1.0,1.0,undefined,1,True,,False,1714.0,295,41.89504,-87.63163,Chicago
1044296701223288415,345.0,10,Entire home/apt,5.0,6.0,3.5,undefined,2,False,4.74,True,17.0,262,41.80531,-87.6153,Chicago
1044552122926951163,158.0,4,Entire home/apt,2.0,3.0,1.0,undefined,2,False,4.85,False,1.0,172,41.80492007998264,-87.6169012116394,Chicago
1044584201079194361,77.0,2,Entire home/apt,1.0,1.0,1.0,undefined,2,True,4.95,False,3.0,255,41.76706702077734,-87.61685652156912,Chicago
1044899740131566014,1027.0,16,Entire home/apt,6.0,11.0,4.5,undefined,2,False,5.0,True,2.0,82,41.9097124007487,-87.67645687172828,Chicago
1044908124687074157,144.0,6,Entire home/apt,2.0,4.0,1.5,undefined,2,False,4.94,True,3.0,48,41.80819155263104,-87.62262672351132,Chicago
1044930081348552805,92.0,2,Entire home/apt,1.0,1.0,1.0,undefined,2,True,4.89,True,2.0,233,41.8192677,-87.6061229,Chicago
1045040850955357210,208.0,8,Entire home/apt,3.0,3.0,1.0,undefined,2,False,5.0,True,1.0,326,41.94925718513625,-87.65086945767213,Chicago
1045186641282805256,150.0,4,Entire home/apt,1.0,1.0,1.0,undefined,32,False,,False,2.0,269,41.89301,-87.62954,Chicago
1045744571192116871,93.0,4,Entire home/apt,1.0,2.0,1.0,undefined,2,True,4.87,,32.0,24,42.0094229,-87.66404899999999,Chicago
1045798821824026194,10000.0,6,Entire home/apt,3.0,3.0,4.5,undefined,1,False,,False,24.0,83,41.90397,-87.63587,Chicago
1045805458762625890,8000.0,6,Entire home/apt,3.0,3.0,2.5,undefined,1,False,,True,30.0,336,41.88712931186513,-87.64577835850923,Chicago
1045888736917380919,87.0,2,Entire home/apt,0.0,1.0,0.0,undefined,1,False,4.69,False,6.0,239,41.973497184571016,-87.65647619962692,Chicago
1046002454403063097,281.0,4,Private room,1.0,2.0,1.0,undefined,1,True,4.87,True,2.0,99,41.891062,-87.627671,Chicago
1046002454660694809,274.0,2,Private room,1.0,1.0,1.0,undefined,1,True,4.88,True,2.0,94,41.891062,-87.627671,Chicago
1046189134370118290,190.0,2,Entire home/apt,1.0,1.0,1.0,undefined,32,True,,False,,118,41.8962192,-87.6391831,Chicago
1046755599184326242,115.0,2,Entire home/apt,1.0,1.0,1.0,undefined,3,False,4.82,True,3.0,252,41.82088,-87.60499,Chicago
1047547453758794851,48.0,2,Private room,1.0,1.0,2.0,undefined,2,False,4.81,True,9.0,259,41.78679,-87.61509,Chicago
1047832232015882581,289.0,2,Entire home/apt,1.0,1.0,1.0,undefined,32,False,5.0,False,1.0,246,41.90463,-87.67001,Chicago
1047892221430649283,89.0,4,Entire home/apt,2.0,0.0,1.0,undefined,1,False,4.81,True,1.0,263,41.77947764984309,-87.70063272306703,Chicago
1048045948317543945,112.0,5,Entire home/apt,3.0,7.0,1.0,undefined,2,False,4.47,False,2.0,25,41.76187704986578,-87.56788652256009,Chicago
1048520286471709331,95.0,4,Entire home/apt,2.0,2.0,1.0,undefined,32,False,,False,1.0,231,41.87353302598356,-87.68859074392809,Chicago
1048589878442346499,90.0,4,Entire home/apt,2.0,2.0,1.0,undefined,32,False,5.0,False,18.0,365,41.94217,-87.70032,Chicago
1048702605585168554,77.0,2,Private room,1.0,1.0,1.0,undefined,2,False,4.83,True,1.0,55,41.9466184,-87.7633603,Chicago
1049375002942105943,196.0,6,Entire home/apt,2.0,2.0,1.0,undefined,1,False,4.87,True,1.0,340,41.92387,-87.68258,Chicago
1049524409713487853,126.0,6,Entire home/apt,3.0,4.0,2.0,undefined,32,False,5.0,True,2.0,262,41.79385347867088,-87.61554024847291,Chicago
1049551586010513484,68.0,5,Entire home/apt,2.0,2.0,1.0,undefined,32,False,5.0,False,14.0,237,41.77628,-87.73277,Chicago
1049735510251351807,177.0,2,Entire home/apt,1.0,1.0,1.0,undefined,32,True,1.0,False,,332,41.89678629999999,-87.6317246,Chicago
1049738025370925305,178.0,2,Entire home/apt,0.0,1.0,1.0,undefined,32,True,,False,,186,41.886064,-87.624718,Chicago
1049738738757329515,211.0,2,Entire home/apt,1.0,1.0,1.0,undefined,32,True,,False,,222,41.89678629999999,-87.6317246,Chicago
1049962329797569567,405.0,4,Entire home/apt,2.0,2.0,2.0,undefined,32,False,,False,1.0,83,41.8700172,-87.62704509999999,Chicago
1050025911333988313,176.0,2,Entire home/apt,1.0,1.0,1.0,undefined,32,True,4.76,True,7.0,122,41.92882384836405,-87.63937417054908,Chicago
1050131074829911249,473.0,4,Entire home/apt,2.0,2.0,2.0,undefined,2,True,4.99,True,5.0,266,41.89935,-87.62666,Chicago
1050285261630866283,150.0,2,Entire home/apt,1.0,1.0,1.0,undefined,32,False,,False,1.0,87,41.89051,-87.61787,Chicago
1050363254655317916,184.0,10,Entire home/apt,3.0,6.0,2.5,undefined,2,False,4.88,True,2.0,227,41.722624,-87.6255027,Chicago
1050633424721280637,179.0,2,Entire home/apt,1.0,1.0,1.0,undefined,32,True,5.0,False,,6,41.8962192,-87.6391831,Chicago
1050727126063476074,154.0,4,Entire home/apt,2.0,2.0,1.0,undefined,2,True,4.77,False,15.0,83,41.91567,-87.68459,Chicago
1051545954611001119,211.0,6,Entire home/apt,2.0,3.0,2.0,undefined,2,False,4.97,True,1.0,170,41.93595206759603,-87.65467791269505,Chicago
1052271995185167609,100.0,1,Private room,1.0,1.0,1.0,undefined,2,False,5.0,True,1.0,240,41.9581156,-87.65586139999999,Chicago
1052378051984894897,76.0,2,Private room,1.0,1.0,1.0,undefined,2,False,5.0,False,2.0,89,41.72036166876798,-87.57411104778235,Chicago
1052407717971699216,139.0,2,Entire home/apt,1.0,1.0,1.0,undefined,2,False,4.86,True,20.0,325,41.96789926145032,-87.65759415029608,Chicago
1052892464676481657,123.0,2,Entire home/apt,1.0,1.0,1.0,undefined,2,False,4.79,True,20.0,348,41.96790950974442,-87.6564076860986,Chicago
1052921638497867990,93.0,2,Entire home/apt,0.0,1.0,1.0,undefined,3,False,4.77,True,20.0,337,41.96864933176925,-87.6555259992673,Chicago
1055202260302584113,126.0,4,Entire home/apt,0.0,1.0,1.0,undefined,32,False,4.86,False,13.0,360,41.90313790916756,-87.63413864561785,Chicago
1055234487004092922,1115.0,15,Entire home/apt,5.0,10.0,4.0,undefined,2,False,5.0,True,136.0,364,41.896345,-87.6266216,Chicago
1055291087851530909,110.0,8,Entire home/apt,4.0,5.0,3.0,undefined,2,False,4.46,False,1.0,324,41.73441040262663,-87.5805268940074,Chicago
1055343847224272751,249.0,4,Entire home/apt,2.0,2.0,1.0,undefined,32,False,5.0,False,1.0,341,41.89546021534169,-87.62473057955503,Chicago
1055709372897229803,198.0,2,Entire home/apt,1.0,1.0,1.0,undefined,32,True,,False,,250,41.8962192,-87.6391831,Chicago
1055879756862305595,424.0,5,Private room,1.0,3.0,1.0,undefined,1,True,5.0,False,7.0,318,41.92173,-87.64852,Chicago
1055927176530261226,127.0,4,Entire home/apt,0.0,2.0,1.0,undefined,32,False,4.7,False,13.0,326,41.90132053406519,-87.63219550207883,Chicago
1056373253628625152,261.0,2,Entire home/apt,1.0,1.0,1.0,undefined,32,True,,False,,67,41.8953554,-87.6504573,Chicago
1056476855748853237,275.0,2,Private room,1.0,1.0,1.0,undefined,1,True,,False,7.0,314,41.9227577,-87.6489701,Chicago
1056530159891934083,332.0,2,Private room,1.0,1.0,1.0,undefined,1,True,5.0,False,7.0,316,41.9227577,-87.6489701,Chicago
1056557746960892302,140.0,4,Entire home/apt,2.0,3.0,1.0,undefined,30,False,4.92,True,3.0,314,41.85435220242558,-87.68604504334078,Chicago
1056566992993855357,366.0,4,Private room,1.0,2.0,1.0,undefined,1,True,1.0,False,7.0,213,41.92394,-87.64981,Chicago
1056576311257507472,351.0,3,Private room,1.0,2.0,1.0,undefined,1,True,,False,7.0,310,41.92352,-87.64989,Chicago
1056595795605745206,281.0,2,Private room,1.0,1.0,1.0,undefined,1,True,5.0,False,7.0,323,41.9227577,-87.6489701,Chicago
1056653383493807183,97.0,3,Entire home/apt,1.0,2.0,1.0,undefined,2,False,4.88,True,1.0,56,42.00240309202327,-87.69967721834757,Chicago
1057288583699943976,185.0,4,Entire home/apt,2.0,2.0,1.0,undefined,2,False,4.98,True,8.0,284,41.97482,-87.66365,Chicago
1058021947933080818,154.0,4,Entire home/apt,2.0,2.0,2.0,undefined,4,False,5.0,False,4.0,85,41.9396479,-87.68690819999999,Chicago
1058661881724077438,135.0,4,Entire home/apt,1.0,2.0,1.0,undefined,1,True,4.94,True,4.0,318,41.95697537543361,-87.70732926307113,Chicago
1058668385625426111,87.0,2,Private room,2.0,2.0,2.0,undefined,2,False,5.0,False,2.0,50,41.7803328512718,-87.60185217712633,Chicago
1058865758697013929,195.0,4,Entire home/apt,2.0,3.0,2.0,undefined,32,False,,False,1.0,364,41.769564,-87.5679482,Chicago
1059554742771294988,99.0,3,Entire home/apt,2.0,2.0,1.0,undefined,2,True,4.8,False,1.0,337,41.98291138127399,-87.80979596078394,Chicago
1059980709008219869,186.0,2,Entire home/apt,1.0,1.0,1.0,undefined,32,True,,False,,282,41.8962192,-87.6391831,Chicago
1060367365602195805,112.0,4,Entire home/apt,0.0,2.0,1.0,undefined,1,True,4.94,True,2.0,295,41.8908657,-87.6858823,Chicago
1061057150880904467,79.0,1,Private room,1.0,1.0,1.0,undefined,32,False,4.33,True,1.0,326,41.9133782551501,-87.65075334866097,Chicago
1061059907241759502,99.0,3,Entire home/apt,1.0,1.0,1.0,undefined,32,False,5.0,True,42.0,325,41.87872,-87.68165,Chicago
1061063166781509087,117.0,4,Entire home/apt,1.0,1.0,1.0,undefined,1,True,5.0,True,97.0,337,41.97311850941501,-87.84589339861505,Chicago
1061544242190257116,69.0,3,Entire home/apt,2.0,2.0,1.0,undefined,2,False,,False,2.0,50,41.72002149707307,-87.57352852883663,Chicago
1061562304886176439,114.0,2,Private room,0.0,1.0,1.0,undefined,1,True,4.85,True,8.0,315,41.872268690417165,-87.62787109001505,Chicago
1061616905863538274,269.0,8,Entire home/apt,3.0,3.0,2.0,undefined,2,True,4.74,True,80.0,329,41.8539918527736,-87.62368264923914,Chicago
1061618900924742619,210.0,6,Entire home/apt,2.0,3.0,2.0,undefined,5,False,4.92,True,53.0,141,41.86666,-87.62335,Chicago
1061670607077451270,102.0,2,Private room,0.0,1.0,1.0,undefined,1,True,4.85,True,8.0,299,41.87232738809115,-87.62599289004251,Chicago
1061777795705677113,262.0,8,Entire home/apt,4.0,5.0,2.0,undefined,1,False,,False,1.0,267,41.9093784,-87.7793586,Chicago
1062413754791561965,690.0,8,Entire home/apt,3.0,5.0,3.0,undefined,2,True,4.93,True,136.0,307,41.8887227,-87.6466284,Chicago
1062420806531938005,49.0,2,Private room,1.0,1.0,2.0,undefined,2,False,4.46,False,4.0,262,41.78692346379341,-87.61537643372613,Chicago
1062430779075661638,48.0,2,Private room,1.0,1.0,2.0,undefined,2,False,4.81,False,4.0,257,41.78856,-87.61732,Chicago
1062591404095438367,226.0,4,Entire home/apt,2.0,2.0,2.0,undefined,2,True,4.95,True,1.0,340,41.77386735836609,-87.60329799740929,Chicago
1062711926380162122,125.0,4,Entire home/apt,2.0,2.0,1.0,undefined,2,True,5.0,True,133.0,21,41.78328,-87.60883,Chicago
1063003980978335893,269.0,6,Entire home/apt,2.0,3.0,2.0,undefined,5,False,4.77,True,53.0,145,41.86755805865751,-87.62354208640014,Chicago
1064008678363431573,146.0,2,Entire home/apt,1.0,1.0,1.0,undefined,4,False,5.0,True,1.0,112,41.90532,-87.66697,Chicago
1064031374927761020,230.0,5,Entire home/apt,2.0,2.0,1.0,undefined,3,True,4.82,True,3.0,319,41.9224819,-87.64116489999999,Chicago
1064571608786111695,200.0,4,Entire home/apt,2.0,2.0,1.0,undefined,32,False,,False,3.0,268,41.8951123,-87.62663889999999,Chicago
1064599372290262557,130.0,2,Entire home/apt,1.0,1.0,1.0,undefined,32,False,,False,3.0,269,41.8951123,-87.62663889999999,Chicago
1064759719148784948,257.0,6,Entire home/apt,3.0,5.0,1.0,undefined,3,True,5.0,True,2.0,267,41.82182326848263,-87.69864088649311,Chicago
1064816689299604022,47.0,2,Private room,1.0,2.0,1.0,undefined,1,False,4.95,False,3.0,334,41.815653640559326,-87.61644089837046,Chicago
1065301825272839221,233.0,6,Entire home/apt,2.0,2.0,1.0,undefined,3,False,5.0,False,3.0,170,41.8806,-87.69836,Chicago
1065789316113634299,201.0,2,Entire home/apt,1.0,1.0,1.0,undefined,32,True,,False,,208,41.8962192,-87.6391831,Chicago
1065875872816015181,201.0,2,Entire home/apt,1.0,1.0,1.0,undefined,32,True,,False,,340,41.8962192,-87.6391831,Chicago
1065897678174863841,362.0,5,Entire home/apt,2.0,3.0,2.0,undefined,2,True,4.76,True,136.0,345,41.8767593,-87.6535914,Chicago
1066027257541193902,1216.0,16,Entire home/apt,6.0,15.0,6.0,undefined,2,False,5.0,True,41.0,42,41.89538311518768,-87.63233367092742,Chicago
1066063484380313263,91.0,2,Private room,1.0,1.0,1.0,undefined,1,False,4.86,True,3.0,356,41.90141361954,-87.70645601380978,Chicago
1066584364783394140,403.0,2,Private room,1.0,1.0,1.0,undefined,1,True,3.86,False,1.0,113,41.9024157,-87.6289001,Chicago
1066601634179342708,189.0,2,Entire home/apt,1.0,1.0,1.0,undefined,32,True,,False,,263,41.8961498,-87.6398631,Chicago
1066608960717826190,605.0,12,Entire home/apt,3.0,6.0,2.0,undefined,2,False,4.82,True,41.0,70,41.90177,-87.62783,Chicago
1066666531438035856,561.0,10,Entire home/apt,3.0,5.0,2.0,undefined,2,False,4.76,True,41.0,174,41.89992388430987,-87.62901721558103,Chicago
1066743998328688918,76.0,1,Private room,1.0,1.0,1.0,undefined,32,False,,False,3.0,269,41.91827888870915,-87.67534074885505,Chicago
1066965919568896282,101.0,2,Entire home/apt,1.0,1.0,1.0,undefined,3,False,4.89,True,2.0,60,41.8127615674249,-87.59587773399545,Chicago
1067002540846865692,150.0,4,Entire home/apt,2.0,3.0,1.0,undefined,4,False,4.97,True,2.0,216,41.97188918566979,-87.69517511129379,Chicago
1067334470046914809,192.0,2,Entire home/apt,1.0,1.0,1.0,undefined,32,True,,False,,328,41.8961498,-87.6398631,Chicago
1067348569274047662,204.0,2,Entire home/apt,1.0,1.0,1.0,undefined,32,True,,False,,288,41.8961498,-87.6398631,Chicago
1067493815768874184,79.0,3,Entire home/apt,2.0,2.0,1.0,undefined,3,False,5.0,False,,207,41.8657653,-87.6936772,Chicago
1067799274767534761,261.0,7,Entire home/apt,4.0,5.0,3.0,undefined,1,False,4.73,False,2.0,349,41.85338420314072,-87.71711757273061,Chicago
1068170181689190474,111.0,4,Entire home/apt,2.0,2.0,2.0,undefined,32,False,,False,1.0,261,41.9710619,-87.65585109999999,Chicago
1068748828013327832,136.0,6,Entire home/apt,3.0,3.0,2.0,undefined,1,False,4.99,True,2.0,207,41.89943967133525,-87.6726735232788,Chicago
1069329619365237510,192.0,2,Entire home/apt,1.0,1.0,1.0,undefined,32,True,,False,,317,41.8961498,-87.6398631,Chicago
1069532694030139602,1169.0,16,Entire home/apt,6.0,15.0,6.0,undefined,2,False,5.0,True,41.0,43,41.89491293634165,-87.63218598416974,Chicago
1069534007976600796,203.0,2,Entire home/apt,1.0,1.0,1.0,undefined,32,True,,False,,208,41.89622,-87.63918,Chicago
1069755537402165477,202.0,6,Entire home/apt,3.0,3.0,1.0,undefined,2,False,4.67,False,5.0,254,41.8274745290449,-87.6229552924633,Chicago
1070276321579852422,198.0,4,Entire home/apt,2.0,1.0,2.0,undefined,32,False,4.0,False,2.0,50,41.93325605904066,-87.6827017967127,Chicago
1070334913386289336,372.0,6,Entire home/apt,3.0,3.0,2.0,undefined,2,False,4.93,True,2.0,347,41.7829492,-87.6031613,Chicago
1070495857128625891,70.0,2,Entire home/apt,0.0,1.0,1.0,undefined,5,False,4.15,False,1.0,188,41.994042402335225,-87.68792418738576,Chicago
1070530422520914450,167.0,2,Private room,1.0,1.0,1.0,undefined,1,False,5.0,False,4.0,56,41.94042058002423,-87.68746040280072,Chicago
1070993603130193408,313.0,4,Entire home/apt,2.0,2.0,2.0,undefined,32,True,,False,,365,41.898904,-87.62797,Chicago
1071049886868535755,150.0,2,Private room,1.0,1.0,2.0,undefined,1,False,5.0,True,6.0,83,41.87092,-87.68778,Chicago
1071094802536774623,176.0,6,Entire home/apt,3.0,3.0,1.0,undefined,1,True,4.65,False,1.0,258,41.891568227892,-87.68459883140999,Chicago
1071706232059653623,104.0,6,Entire home/apt,3.0,3.0,3.0,undefined,2,True,4.67,True,5.0,104,41.94726,-87.78735,Chicago
1071713318713307215,326.0,4,Entire home/apt,2.0,2.0,2.0,undefined,32,True,,False,,283,41.8670646,-87.6231114,Chicago
1071819438893352775,323.0,2,Hotel room,1.0,0.0,1.0,undefined,1,True,4.53,False,4923.0,355,41.89111,-87.62704,Chicago
1072020378354364543,333.0,16,Entire home/apt,5.0,7.0,4.0,undefined,2,False,4.72,True,74.0,319,41.91661,-87.69687,Chicago
1072468275071375571,122.0,6,Entire home/apt,3.0,3.0,1.5,undefined,32,False,5.0,True,2.0,319,41.810472,-87.6322692,Chicago
1073116831466191228,228.0,12,Entire home/apt,6.0,0.0,3.5,undefined,32,False,,False,1.0,364,41.87785946988869,-87.71463824711452,Chicago
1073361553570470976,127.0,2,Entire home/apt,1.0,1.0,1.0,undefined,2,True,4.62,False,14.0,259,41.84450572215712,-87.64036057228921,Chicago
1073362726614889199,165.0,5,Entire home/apt,2.0,2.0,1.0,undefined,2,False,4.54,False,12.0,133,41.9028599,-87.681595,Chicago
1073362730570677543,142.0,4,Entire home/apt,2.0,2.0,1.0,undefined,2,False,4.5,False,12.0,165,41.8980035,-87.6773966,Chicago
1073453803254683327,171.0,4,Entire home/apt,2.0,2.0,1.0,undefined,2,False,4.69,False,12.0,141,41.8973741,-87.6712132,Chicago
1074779616852312526,77.0,2,Private room,1.0,1.0,1.0,undefined,1,False,4.8,True,3.0,348,41.90073,-87.70804,Chicago
1074790754737411247,108.0,2,Entire home/apt,1.0,1.0,1.0,undefined,2,True,4.84,False,5.0,45,41.9551628,-87.66933910000002,Chicago
1074816194147549668,114.0,4,Entire home/apt,2.0,2.0,1.0,undefined,2,False,4.99,True,4.0,290,41.90717,-87.69595,Chicago
1074885592057658113,496.0,8,Entire home/apt,3.0,5.0,2.5,undefined,5,False,4.94,True,53.0,35,41.87246,-87.62631,Chicago
1074890991147597060,162.0,4,Entire home/apt,2.0,2.0,1.0,undefined,1,False,4.81,True,1.0,344,41.9074396,-87.6687662,Chicago
1075305534290745755,842.0,10,Entire home/apt,4.0,6.0,4.0,undefined,2,False,,True,136.0,361,41.89742529999999,-87.63089509999999,Chicago
1075305589147845070,1206.0,15,Entire home/apt,6.0,9.0,6.0,undefined,2,False,,True,136.0,364,41.8976,-87.63094,Chicago
1075306014677509938,687.0,10,Entire home/apt,4.0,6.0,4.0,undefined,2,False,4.5,True,136.0,360,41.8811582,-87.63163139999999,Chicago
1075375833349241683,149.0,6,Entire home/apt,3.0,4.0,1.0,undefined,2,False,4.76,False,2.0,187,41.76647,-87.58745,Chicago
1075456558848060789,674.0,10,Entire home/apt,4.0,6.0,4.0,undefined,2,False,,True,136.0,364,41.8764586,-87.6555539,Chicago
1075722745819596927,155.0,4,Entire home/apt,2.0,2.0,1.0,undefined,1,False,5.0,False,1.0,18,41.89497279458823,-87.69219048321247,Chicago
1075874603817409630,102.0,10,Entire home/apt,3.0,4.0,1.0,undefined,1,False,4.91,True,18.0,347,41.82291341610527,-87.69953068345785,Chicago
1076154884987788482,408.0,10,Entire home/apt,3.0,6.0,2.0,undefined,2,True,4.94,False,3545.0,320,41.88288,-87.67794,Chicago
1076699561715806443,183.0,4,Entire home/apt,2.0,3.0,1.0,undefined,1,True,4.99,True,3.0,327,41.9288981,-87.704214,Chicago
1076872836935514166,167.0,6,Entire home/apt,3.0,4.0,1.0,undefined,32,False,4.42,False,15.0,168,41.7785883,-87.6626777,Chicago
1076924880137633949,167.0,2,Entire home/apt,1.0,1.0,1.0,undefined,3,False,5.0,True,6.0,66,41.88819,-87.64414,Chicago
1076965021087010837,108.0,1,Private room,4.0,4.0,1.0,undefined,32,False,,False,3.0,269,41.79368,-87.65556,Chicago
1077122359032119881,80.0,5,Entire home/apt,3.0,3.0,1.0,undefined,32,False,5.0,True,2.0,326,41.77581,-87.60301,Chicago
1077129230255655195,138.0,6,Entire home/apt,3.0,1.0,1.0,undefined,7,True,4.5,False,3.0,296,41.77848,-87.61043,Chicago
1077618627285071797,55.0,4,Entire home/apt,2.0,2.0,1.0,undefined,32,False,5.0,True,19.0,341,41.94957334512154,-87.73014076488016,Chicago
1077628696666693941,265.0,3,Entire home/apt,1.0,2.0,1.0,undefined,2,True,4.59,True,136.0,312,41.885569,-87.63473669999999,Chicago
1077754146638612799,140.0,4,Entire home/apt,2.0,2.0,2.0,undefined,2,False,4.93,True,1.0,222,41.88151,-87.70195,Chicago
1078234835862690935,137.0,4,Entire home/apt,2.0,2.0,1.0,undefined,2,True,5.0,True,3.0,267,41.952796451344085,-87.70643368421482,Chicago
1078315976425077482,966.0,16,Entire home/apt,6.0,12.0,4.0,undefined,2,False,4.58,True,41.0,66,41.89979912650025,-87.62737859561774,Chicago
1078401564044987829,95.0,6,Entire home/apt,3.0,3.0,1.5,undefined,32,False,5.0,True,1.0,329,41.88222,-87.68113,Chicago
1079684844211110424,448.0,6,Entire home/apt,3.0,3.0,2.0,undefined,32,True,,False,,117,41.8670646,-87.6231114,Chicago
1080497455544410005,240.0,10,Entire home/apt,3.0,5.0,2.0,undefined,2,False,4.91,True,44.0,347,41.9095828,-87.6790482,Chicago
1080682453842309096,65.0,1,Private room,1.0,1.0,1.0,undefined,32,False,5.0,,10.0,92,41.93555767255773,-87.71176222245558,Chicago
1081313860016221853,617.0,6,Entire home/apt,3.0,3.0,2.0,undefined,2,True,4.84,True,136.0,293,41.885569,-87.63473669999999,Chicago
1081398821047220119,115.0,3,Entire home/apt,0.0,2.0,1.0,undefined,2,True,4.83,True,5.0,339,41.9318544,-87.6686795,Chicago
1081579345673799361,290.0,8,Entire home/apt,3.0,5.0,1.0,undefined,2,True,4.62,False,5.0,265,41.75294,-87.58155,Chicago
1081930635818855837,143.0,5,Entire home/apt,2.0,3.0,1.0,undefined,2,False,4.81,True,1.0,254,41.9517291,-87.75140259999999,Chicago
1082117151971429830,142.0,3,Entire home/apt,2.0,1.0,1.0,undefined,32,False,,True,46.0,52,41.98516,-87.67228,Chicago
1082634010692814992,172.0,6,Entire home/apt,2.0,4.0,2.0,undefined,3,True,4.9,True,1.0,245,41.86955704681826,-87.70628096672895,Chicago
1083986920206391425,336.0,6,Entire home/apt,2.0,3.0,2.0,undefined,2,True,4.93,True,4.0,330,41.91983,-87.64223,Chicago
1084872510106286620,564.0,5,Entire home/apt,2.0,3.0,2.0,undefined,1,True,4.72,True,136.0,346,41.8846625,-87.659149,Chicago
1084872778656809081,550.0,5,Entire home/apt,2.0,3.0,2.0,undefined,2,True,4.91,True,136.0,341,41.88466,-87.65915,Chicago
1084889496789235664,407.0,12,Entire home/apt,5.0,5.0,3.5,undefined,1,False,4.81,,39.0,292,41.91429,-87.68651,Chicago
1084890466800372277,119.0,1,Private room,1.0,1.0,1.0,undefined,32,True,1.0,False,3.0,364,41.89431,-87.66251,Chicago
1084983064670303293,362.0,16,Entire home/apt,4.0,10.0,3.5,undefined,2,False,4.98,True,2.0,217,41.90309097494056,-87.6905131159676,Chicago
1085100797620898518,155.0,6,Entire home/apt,3.0,3.0,2.0,undefined,1,False,4.92,False,1.0,346,41.69875,-87.6074,Chicago
1085517247283879181,2843.0,12,Entire home/apt,6.0,6.0,2.5,undefined,2,False,,False,31.0,334,41.829352273528286,-87.62106506699601,Chicago
1085553407132133091,55.0,2,Private room,1.0,0.0,1.5,undefined,1,False,4.83,False,12.0,78,41.88411798930385,-87.67099213908452,Chicago
1085582680319560453,120.0,4,Entire home/apt,2.0,2.0,1.0,undefined,2,False,4.88,True,3.0,256,41.91426799659273,-87.73022153652394,Chicago
1085651796995674141,159.0,6,Entire home/apt,2.0,3.0,2.0,undefined,2,False,4.92,True,11.0,168,41.78350029941281,-87.60834403439331,Chicago
1086171219682673076,59.0,2,Private room,1.0,1.0,1.0,undefined,32,False,,False,56.0,251,41.87079053455412,-87.65368860280645,Chicago
1086376413099496945,179.0,8,Entire home/apt,2.0,3.0,2.0,undefined,2,True,4.77,True,80.0,345,41.85489998727535,-87.6234284586269,Chicago
1086409072458633963,133.0,2,Entire home/apt,1.0,1.0,1.0,undefined,32,False,1.0,True,3.0,299,41.86034886497508,-87.65389151538058,Chicago
1086438389609004707,206.0,8,Entire home/apt,2.0,3.0,2.0,undefined,2,True,4.86,True,80.0,289,41.854188430804165,-87.62328346581057,Chicago
1086806760811542819,135.0,4,Entire home/apt,2.0,2.0,1.0,undefined,3,False,4.86,False,8.0,161,41.9259674,-87.7253021,Chicago
1086875742653562197,228.0,2,Entire home/apt,1.0,1.0,1.0,undefined,32,True,,False,,185,41.890516,-87.635955,Chicago
1087003755127840282,115.0,2,Private room,1.0,1.0,1.5,undefined,1,False,,False,12.0,231,41.88390730171973,-87.67089750953595,Chicago
1087003939503499255,206.0,8,Entire home/apt,2.0,3.0,2.0,undefined,2,True,4.67,True,80.0,340,41.855863076984505,-87.62455094886249,Chicago
1087015495204804934,197.0,8,Entire home/apt,2.0,3.0,2.0,undefined,2,True,4.88,True,80.0,353,41.85379,-87.62343,Chicago
1087476113744923238,211.0,10,Entire home/apt,3.0,5.0,2.0,undefined,2,False,4.68,True,44.0,352,41.9096394,-87.6788777,Chicago
1087712028780555000,93.0,7,Entire home/apt,2.0,3.0,1.0,undefined,2,False,4.73,False,88.0,180,41.82638026584843,-87.62328648517432,Chicago
1087898480712972744,159.0,2,Entire home/apt,1.0,1.0,1.0,undefined,2,False,4.83,True,20.0,338,41.96801835634371,-87.65751093462818,Chicago
1089264974208278770,67.0,4,Entire home/apt,2.0,2.0,2.0,undefined,6,True,5.0,True,2.0,139,41.77509,-87.59874,Chicago
1089288791499404824,38.0,3,Private room,1.0,2.0,1.0,undefined,1,True,4.75,True,4.0,327,41.8124,-87.69713,Chicago
1089294912502449129,95.0,8,Entire home/apt,3.0,0.0,1.0,undefined,1,True,4.64,True,4.0,305,41.81314,-87.69925,Chicago
1089868494802458748,131.0,4,Entire home/apt,1.0,2.0,1.0,undefined,2,False,4.68,,12.0,86,41.81939,-87.60725,Chicago
1089925295868656173,195.0,8,Entire home/apt,2.0,3.0,2.0,undefined,2,True,4.85,True,80.0,334,41.85395,-87.62356,Chicago
1090039566462419513,64.0,1,Private room,1.0,1.0,1.0,undefined,2,False,4.8,False,12.0,342,41.97162,-87.71324,Chicago
1090838224536261826,1249.0,16,Entire home/apt,6.0,14.0,6.0,undefined,2,False,5.0,True,41.0,53,41.89343248831205,-87.6341457621111,Chicago
1091292989867465371,293.0,5,Entire home/apt,1.0,4.0,1.0,undefined,2,True,4.67,True,3.0,261,41.94450510437615,-87.65829513068849,Chicago
1091695326590615895,237.0,10,Entire home/apt,3.0,6.0,2.0,undefined,1,True,4.86,False,38.0,185,41.857476,-87.6332484,Chicago
1092130870219984552,161.0,4,Entire home/apt,2.0,2.0,1.0,undefined,2,False,4.95,True,1.0,119,41.96862138334597,-87.6795659490315,Chicago
1092873015836975550,200.0,4,Entire home/apt,1.0,2.0,1.0,undefined,32,False,5.0,False,22.0,178,41.89586,-87.6329,Chicago
1092979870583388038,138.0,3,Entire home/apt,1.0,2.0,1.0,undefined,1,True,4.93,True,5.0,222,41.91234977351957,-87.64280071930672,Chicago
1093035902442204149,120.0,1,Private room,1.0,1.0,1.0,undefined,32,False,,False,4.0,364,41.89325410905295,-87.66052090291949,Chicago
1093438991271806672,73.0,6,Entire home/apt,2.0,2.0,1.0,undefined,2,False,4.79,,8.0,148,41.79454703167072,-87.61737286190538,Chicago
1093665306823784761,136.0,6,Entire home/apt,2.0,3.0,1.0,undefined,1,False,4.95,True,1.0,252,41.91964979999999,-87.70553540000002,Chicago
1093743655688112511,105.0,6,Entire home/apt,2.0,4.0,1.0,undefined,1,True,4.76,True,3.0,260,41.8980514,-87.67738519999999,Chicago
1094128623924426559,288.0,7,Entire home/apt,2.0,4.0,2.5,undefined,5,False,4.89,True,53.0,56,41.87082,-87.62833,Chicago
1095025225526448228,195.0,8,Entire home/apt,2.0,3.0,2.0,undefined,2,True,4.9,True,80.0,357,41.85380582352557,-87.62458650584897,Chicago
1095075864919612492,54.0,2,Private room,1.0,1.0,1.0,undefined,2,False,4.91,True,3.0,320,41.81223,-87.60858,Chicago
1095190292234289524,376.0,16,Entire home/apt,5.0,6.0,5.5,undefined,1,True,4.96,True,2.0,234,41.89763,-87.71659,Chicago
1095191324777136388,103.0,4,Entire home/apt,3.0,2.0,1.0,undefined,32,False,4.93,True,2.0,328,41.9982,-87.79991,Chicago
1095246443379369630,146.0,4,Entire home/apt,2.0,2.0,1.0,undefined,2,False,4.93,True,1.0,73,41.83368,-87.6552,Chicago
1095649192318590475,221.0,4,Hotel room,1.0,0.0,1.0,undefined,1,True,4.67,False,6545.0,346,41.89482,-87.62164,Chicago
1095764013597647283,2324.0,16,Entire home/apt,9.0,20.0,9.0,undefined,1,False,5.0,True,41.0,69,41.89325,-87.63231,Chicago
1095802479538227571,736.0,14,Entire home/apt,5.0,5.0,2.5,undefined,2,False,4.97,False,32.0,329,41.944299978355865,-87.65771830828247,Chicago
1095813018290305771,532.0,13,Entire home/apt,5.0,10.0,3.0,undefined,3,False,5.0,True,1.0,225,41.96748869229757,-87.75379076600075,Chicago
1096281193549795032,216.0,4,Hotel room,1.0,0.0,1.0,undefined,1,True,,False,6545.0,346,41.89515,-87.62328,Chicago
1096288985810391317,40000.0,8,Hotel room,2.0,0.0,2.0,undefined,1,True,,False,6545.0,0,41.89544,-87.62161,Chicago
1096291251445311860,40000.0,8,Hotel room,2.0,0.0,2.0,undefined,1,True,,False,6545.0,0,41.896802010145336,-87.62172152614805,Chicago
1096293912515343817,50000.0,2,Hotel room,1.0,0.0,1.0,undefined,1,True,3.95,False,6545.0,335,41.89558200779958,-87.62366706848718,Chicago
1096296830402724982,50000.0,2,Hotel room,1.0,0.0,1.0,undefined,1,True,,False,6545.0,335,41.89714118722965,-87.62236343860727,Chicago
1096299784324952984,146.0,2,Private room,1.0,0.0,1.0,undefined,1,True,3.94,False,6545.0,348,41.89497857618379,-87.62164206872389,Chicago
1096301042984716029,146.0,2,Private room,1.0,0.0,1.0,undefined,1,True,3.56,False,6545.0,348,41.89508327435475,-87.62320560411403,Chicago
1096307018883599307,50000.0,4,Private room,1.0,0.0,1.0,undefined,1,True,3.78,False,6545.0,346,41.89500585513238,-87.62228402199507,Chicago
1096322910651560086,67.0,2,Private room,1.0,1.0,1.0,undefined,5,False,4.93,True,7.0,240,41.99327152067874,-87.68289887116877,Chicago
1096328609209938703,50000.0,8,Private room,2.0,0.0,2.0,undefined,1,True,4.58,False,6545.0,342,41.89690297116001,-87.62364236558568,Chicago
1096410574269495242,50000.0,2,Private room,1.0,0.0,1.0,undefined,1,True,3.87,False,6545.0,333,41.89648853001246,-87.62350257957407,Chicago
1096481220816395810,50000.0,4,Private room,1.0,0.0,1.0,undefined,1,True,4.03,False,6545.0,339,41.89501423050838,-87.62376113655017,Chicago
1096486406640680136,50000.0,8,Private room,2.0,0.0,2.0,undefined,1,True,4.13,False,6545.0,338,41.89716,-87.62236,Chicago
1096488566421101822,50000.0,12,Hotel room,3.0,0.0,3.0,undefined,1,True,3.5,False,6545.0,335,41.89650783652875,-87.62178281973097,Chicago
1096489531826458733,50000.0,12,Hotel room,3.0,0.0,3.0,undefined,1,True,2.33,False,6545.0,335,41.89625,-87.62365,Chicago
1096543637957178820,116.0,6,Entire home/apt,2.0,3.0,1.0,undefined,1,True,4.99,True,5.0,57,41.9765881,-87.6573243,Chicago
1096613145653353258,995.0,14,Entire home/apt,5.0,9.0,5.0,undefined,4,False,4.63,True,53.0,108,41.87271,-87.62786,Chicago
1096694948122460102,205.0,4,Entire home/apt,1.0,2.0,1.0,undefined,1,True,4.69,False,18.0,258,41.9479382,-87.6594854,Chicago
1096954854131686610,251.0,2,Private room,1.0,1.0,1.0,undefined,1,True,,False,10.0,126,41.9,-87.6231,Chicago
1096954854183302342,213.0,4,Private room,1.0,2.0,1.0,undefined,1,True,4.65,False,10.0,124,41.9,-87.6231,Chicago
1096955030673525638,259.0,2,Private room,1.0,1.0,1.0,undefined,1,True,,False,10.0,106,41.9,-87.6231,Chicago
1097232208579355365,139.0,4,Entire home/apt,1.0,2.0,1.0,undefined,2,False,4.73,False,1.0,167,41.92484181001492,-87.6848006473736,Chicago
1097252047398387847,138.0,4,Entire home/apt,1.0,2.0,1.0,undefined,2,False,4.91,True,44.0,330,41.8803861,-87.66648339999999,Chicago
1097259340041542405,2159.0,16,Entire home/apt,9.0,17.0,9.0,undefined,4,False,5.0,True,53.0,104,41.8711,-87.62652,Chicago
1097754409804963794,271.0,2,Entire home/apt,0.0,1.0,1.0,undefined,32,True,,False,,360,41.8670646,-87.6231114,Chicago
1097781916315755356,255.0,3,Entire home/apt,1.0,1.0,1.0,undefined,32,False,4.92,True,7.0,117,41.90831,-87.6352,Chicago
1098044235419813160,112.0,2,Entire home/apt,0.0,1.0,1.0,undefined,2,True,4.63,False,43.0,359,41.95487361583788,-87.65121046745831,Chicago
1098573331852900466,136.0,2,Entire home/apt,0.0,1.0,1.0,undefined,2,True,4.44,False,43.0,351,41.95537,-87.64985,Chicago
1098712083385395796,79.0,6,Private room,2.0,0.0,1.0,undefined,2,False,4.88,True,2.0,212,41.97343,-87.66177,Chicago
1098712086578535800,84.0,6,Entire home/apt,2.0,0.0,1.0,undefined,1,True,4.96,True,6.0,330,41.71641,-87.66121,Chicago
1098784005542366039,100.0,2,Private room,1.0,1.0,1.0,undefined,2,True,4.4,False,5.0,3,41.82622138601917,-87.62456726788977,Chicago
1099249407245873418,184.0,7,Entire home/apt,3.0,4.0,1.0,undefined,2,True,4.86,True,1.0,184,41.88395180100046,-87.77407783190682,Chicago
1099361241199819767,493.0,8,Entire home/apt,5.0,5.0,4.5,undefined,2,False,5.0,True,7.0,259,41.7998733936604,-87.60005792841987,Chicago
1099375735787379820,105.0,9,Entire home/apt,3.0,4.0,2.0,undefined,1,True,4.86,True,97.0,354,41.947556050556926,-87.82688608007017,Chicago
1099386894930151445,165.0,3,Entire home/apt,1.0,1.0,1.0,undefined,60,True,,True,123.0,359,41.87492,-87.63573,Chicago
1099468750622660535,173.0,4,Entire home/apt,1.0,1.0,1.0,undefined,2,False,4.68,False,43.0,264,41.90022814929984,-87.67060927948238,Chicago
1099476007547153185,130.0,4,Entire home/apt,2.0,2.0,1.0,undefined,2,False,4.82,True,2.0,238,41.891862722088106,-87.66169031130914,Chicago
1099964001607473059,205.0,2,Entire home/apt,1.0,1.0,1.0,undefined,32,True,5.0,False,,283,41.8670646,-87.6231114,Chicago
1100309181822926579,245.0,6,Entire home/apt,3.0,3.0,2.0,undefined,2,False,5.0,True,1.0,154,41.879957815456834,-87.68318610711408,Chicago
1100491131369231739,339.0,5,Entire home/apt,2.0,2.0,2.0,undefined,32,False,,False,3.0,365,41.87315,-87.62544,Chicago
1100818815121132975,241.0,8,Entire home/apt,2.0,3.0,2.0,undefined,2,True,4.76,True,80.0,356,41.85550190519301,-87.62346427247401,Chicago
1100831259471382514,187.0,8,Entire home/apt,2.0,3.0,2.0,undefined,2,True,4.74,True,80.0,339,41.85366,-87.62378,Chicago
1100875951200803292,335.0,10,Entire home/apt,4.0,7.0,3.5,undefined,2,True,4.93,False,3545.0,295,41.9958366,-87.6575157,Chicago
1100951752093289075,183.0,4,Entire home/apt,2.0,2.0,1.0,undefined,3,False,4.88,True,2.0,62,41.88322325030144,-87.7049831573947,Chicago
1100998520682446565,225.0,3,Entire home/apt,1.0,1.0,1.0,undefined,1,False,,False,2.0,263,42.01589,-87.68556,Chicago
1101018789908226592,539.0,2,Private room,1.0,1.0,2.0,undefined,1,True,4.44,False,5.0,269,41.826764157804384,-87.64830568497888,Chicago
1101337883225575738,117.0,7,Entire home/apt,3.0,4.0,1.5,undefined,32,False,5.0,True,7.0,340,41.92209,-87.66396,Chicago
1102165030505901403,168.0,6,Entire home/apt,3.0,3.0,2.0,undefined,3,False,4.95,True,6.0,318,41.89623,-87.66619,Chicago
1102278870040858549,204.0,4,Entire home/apt,2.0,2.0,1.0,undefined,1,False,5.0,True,1.0,104,41.90943679999999,-87.68324899999999,Chicago
1102302299788075769,79.0,2,Entire home/apt,1.0,0.0,1.0,undefined,2,True,4.67,False,3.0,253,41.9605567,-87.6720871,Chicago
1102307702932268935,165.0,7,Entire home/apt,4.0,5.0,3.0,undefined,3,True,4.5,True,3.0,297,41.9040086,-87.67052900000002,Chicago
1102940235534984474,108.0,2,Entire home/apt,1.0,1.0,1.0,undefined,32,False,5.0,True,5.0,19,41.89503243787255,-87.6265530693115,Chicago
1102992341826775127,40.0,4,Entire home/apt,1.0,0.0,1.0,undefined,32,False,,False,1.0,172,42.011708,-87.6644734,Chicago
1103040993654792347,261.0,8,Entire home/apt,3.0,3.0,2.0,undefined,2,True,4.92,True,80.0,333,41.85573324013225,-87.62361301950612,Chicago
1103514743605915444,632.0,8,Entire home/apt,3.0,3.0,2.0,undefined,1,True,4.92,True,8.0,145,41.9000705480684,-87.62576390057802,Chicago
1103566796784376250,79.0,4,Entire home/apt,1.0,2.0,1.0,undefined,2,False,4.92,True,1.0,202,41.96157,-87.72659,Chicago
1103638071387165708,728.0,10,Entire home/apt,4.0,6.0,2.0,undefined,1,False,4.53,False,12.0,121,41.935178,-87.65924969999999,Chicago
1105008188596157541,119.0,4,Entire home/apt,1.0,1.0,1.0,undefined,28,False,5.0,True,3.0,233,41.89262,-87.66702,Chicago
1105125119192419963,145.0,4,Entire home/apt,1.0,2.0,1.0,undefined,32,False,5.0,True,149.0,116,41.8864623,-87.6201026,Chicago
1105234749037737803,101.0,7,Entire home/apt,3.0,3.0,1.0,undefined,1,True,4.89,True,6.0,339,41.71598536799584,-87.66322694590684,Chicago
1105823246504534863,231.0,8,Entire home/apt,3.0,5.0,2.0,undefined,3,False,5.0,True,7.0,349,41.9370743,-87.7248999,Chicago
1105872383597754881,158.0,6,Entire home/apt,2.0,4.0,1.0,undefined,1,True,4.81,,22.0,333,41.91723650402452,-87.63656160955861,Chicago
1106601284136906743,171.0,2,Entire home/apt,0.0,1.0,1.0,undefined,32,False,4.87,True,17.0,123,41.90682276122461,-87.63512153173484,Chicago
1106625420163603214,159.0,3,Entire home/apt,1.0,1.0,1.0,undefined,32,False,,False,4.0,149,41.94787881218028,-87.64490868836059,Chicago
1106854440294479414,55.0,3,Private room,1.0,1.0,1.0,undefined,2,False,4.92,True,16.0,149,41.85379686125053,-87.68254069983058,Chicago
1106896611524045399,42.0,4,Private room,1.0,2.0,1.0,undefined,2,False,4.83,True,16.0,146,41.85211841334019,-87.68107805493071,Chicago
1106899051615180184,61.0,3,Entire home/apt,1.0,1.0,1.0,undefined,2,False,4.71,False,5.0,332,41.97359,-87.77818,Chicago
1106915074628323878,41.0,3,Private room,1.0,1.0,1.0,undefined,2,False,4.84,True,16.0,136,41.85206,-87.68185,Chicago
1106934007390867405,43.0,3,Private room,1.0,1.0,1.0,undefined,2,False,4.77,True,16.0,146,41.85431661337231,-87.68076301271144,Chicago
1106947331327635212,39.0,3,Private room,1.0,2.0,1.0,undefined,2,False,4.9,True,16.0,143,41.854260485052,-87.68199986329819,Chicago
1107252086880114330,50000.0,2,Private room,1.0,0.0,1.0,undefined,1,True,3.45,False,6545.0,333,41.8955,-87.62371,Chicago
1107256680457345797,50000.0,4,Private room,1.0,0.0,1.0,undefined,1,True,4.83,False,6545.0,346,41.89677107829768,-87.62352553923063,Chicago
1108078303137499547,123.0,4,Entire home/apt,2.0,2.0,1.0,undefined,32,True,4.97,False,28.0,233,41.96104709999999,-87.7000762,Chicago
1108081008445164330,210.0,12,Entire home/apt,4.0,4.0,3.5,undefined,32,False,4.69,True,6.0,243,41.85345,-87.70773,Chicago
1108088205390606136,211.0,6,Entire home/apt,2.0,3.0,2.0,undefined,2,True,4.83,True,80.0,330,41.85436,-87.62338,Chicago
1108094069977025390,157.0,4,Entire home/apt,2.0,2.0,2.0,undefined,1,False,4.86,True,1.0,346,41.81710731824447,-87.61058693703308,Chicago
1108117091001348184,136.0,4,Entire home/apt,2.0,2.0,2.0,undefined,2,True,4.73,False,28.0,254,41.9626656,-87.7559615,Chicago
1108893372039000024,142.0,4,Entire home/apt,1.0,1.0,1.0,undefined,1,True,4.76,,22.0,352,41.90312955121951,-87.67094173289385,Chicago
1108991840086894811,116.0,8,Entire home/apt,2.0,4.0,1.0,undefined,2,False,4.95,True,1.0,241,42.01905985760929,-87.67895779625748,Chicago
1109875031394169701,122.0,2,Entire home/apt,1.0,0.0,1.0,undefined,1,True,4.9,True,5.0,24,42.00314,-87.66982,Chicago
1110111891610489632,104.0,4,Entire home/apt,2.0,6.0,1.0,undefined,32,True,5.0,True,2.0,288,41.94364048180384,-87.67665938118299,Chicago
1110396255761206802,115.0,3,Entire home/apt,2.0,2.0,1.0,undefined,4,False,5.0,True,1.0,330,41.922630671925326,-87.67802116959612,Chicago
1110447718622862165,36.0,1,Private room,2.0,3.0,2.0,undefined,32,False,5.0,,54.0,172,41.8694349804842,-87.68709428608418,Chicago
1110775388559021981,982.0,15,Entire home/apt,6.0,9.0,6.0,undefined,2,False,1.0,True,136.0,364,41.8767593,-87.6535914,Chicago
1110778434935748589,855.0,10,Entire home/apt,4.0,6.0,4.0,undefined,2,False,3.0,True,136.0,361,41.88466,-87.65915,Chicago
1110778829345506532,683.0,10,Entire home/apt,4.0,6.0,4.0,undefined,2,False,4.67,True,136.0,364,41.8767593,-87.6535914,Chicago
1110851028892552028,120.0,5,Entire home/apt,2.0,2.0,1.0,undefined,2,False,4.42,False,43.0,254,41.98602463183249,-87.66422241926193,Chicago
1111521127077363670,86.0,4,Entire home/apt,1.0,1.0,1.0,undefined,2,False,4.97,True,3.0,6,41.89141,-87.6691,Chicago
1111564369744094801,90.0,2,Private room,1.0,1.0,3.0,undefined,32,True,4.0,False,74.0,355,41.80367,-87.60335,Chicago
1111594719067783542,241.0,2,Private room,1.0,1.0,1.0,undefined,1,True,4.55,False,1.0,114,41.894586,-87.631963,Chicago
1111722730754612437,114.0,4,Entire home/apt,2.0,2.0,1.0,undefined,2,True,4.68,False,14.0,335,41.84685840058224,-87.64221054810734,Chicago
1112360708819623319,80.0,2,Private room,1.0,1.0,1.0,undefined,32,False,,False,3.0,89,41.76291251233442,-87.57327070389009,Chicago
1112470861909913035,179.0,4,Entire home/apt,3.0,3.0,1.0,undefined,1,False,5.0,True,13.0,316,41.94395,-87.67973,Chicago
1112703021099701753,148.0,2,Entire home/apt,0.0,2.0,1.0,undefined,2,False,4.44,False,43.0,269,41.95712372848836,-87.65122071616965,Chicago
1113028352180721066,201.0,8,Entire home/apt,3.0,3.0,2.5,undefined,2,False,4.81,True,2.0,53,41.92478837374503,-87.67715847605744,Chicago
1113176237827558452,114.0,2,Private room,1.0,0.0,1.0,undefined,32,True,,True,3.0,365,41.87546995666554,-87.72333260625601,Chicago
1113649871801292645,177.0,7,Entire home/apt,4.0,4.0,1.0,undefined,1,True,4.67,False,1.0,359,41.8106,-87.6087,Chicago
1114555664797545044,132.0,5,Entire home/apt,2.0,3.0,1.0,undefined,2,False,5.0,True,1.0,208,41.99427641641194,-87.6640249903519,Chicago
1114662718919858838,109.0,2,Private room,1.0,0.0,1.0,undefined,3,False,4.95,False,2.0,292,41.89278230000001,-87.6560847,Chicago
1114689212178788484,168.0,4,Entire home/apt,2.0,3.0,1.0,undefined,2,False,4.92,False,1.0,137,41.96975089958519,-87.69294145633643,Chicago
1115233118926320705,155.0,3,Entire home/apt,1.0,1.0,1.0,undefined,1,True,4.62,False,4.0,9,41.98286,-87.65365,Chicago
1116018062070600184,26.0,1,Private room,1.0,1.0,1.0,undefined,7,True,4.75,False,9.0,24,41.85131,-87.67082,Chicago
1116084493075251863,198.0,3,Entire home/apt,1.0,1.0,1.5,undefined,3,False,5.0,False,8.0,337,41.89826,-87.66964,Chicago
1116230297590206348,315.0,6,Entire home/apt,3.0,3.0,1.0,undefined,3,False,4.97,True,1.0,130,41.91272,-87.64101,Chicago
1116272651165270654,810.0,2,Private room,1.0,1.0,3.0,undefined,1,True,4.7,False,6.0,266,41.89479583803431,-87.6374012449439,Chicago
1116552683533877111,69.0,2,Private room,1.0,1.0,1.0,undefined,1,True,3.67,False,8.0,362,41.96789392431656,-87.72060860639043,Chicago
1116675590133734447,217.0,9,Entire home/apt,3.0,3.0,2.0,undefined,1,False,4.82,True,6.0,217,41.8554545,-87.6468926,Chicago
1116740709556062478,113.0,6,Entire home/apt,2.0,0.0,1.0,undefined,2,True,4.72,False,4.0,338,41.82860200797381,-87.69547313064336,Chicago
1116831807498207529,162.0,4,Entire home/apt,2.0,2.0,1.0,undefined,2,True,5.0,True,2.0,290,41.867087551428966,-87.65521243684539,Chicago
1116980380788123216,154.0,4,Entire home/apt,2.0,2.0,1.0,undefined,2,False,5.0,True,1.0,106,41.9388178431243,-87.71051868796349,Chicago
1117394712148132475,176.0,6,Entire home/apt,2.0,4.0,1.0,undefined,2,False,4.84,True,1.0,333,41.91424324270224,-87.70623683031482,Chicago
1117501397521430859,65.0,2,Private room,1.0,1.0,1.0,undefined,32,False,5.0,True,30.0,121,41.9176523,-87.69707799999999,Chicago
1118135303695781152,206.0,5,Entire home/apt,3.0,3.0,1.0,undefined,3,False,4.7,False,3.0,286,41.92265,-87.71758,Chicago
1118198200466838593,64.0,4,Entire home/apt,1.0,0.0,1.0,undefined,2,False,4.96,True,1.0,211,41.96432188534716,-87.72333057785316,Chicago
1118801371299249070,180.0,2,Entire home/apt,1.0,1.0,1.0,undefined,32,False,5.0,False,4.0,207,41.97187446815807,-87.70117894973755,Chicago
1118943663536340309,261.0,6,Entire home/apt,3.0,3.0,1.5,undefined,1,False,4.74,False,1.0,249,41.96921973481312,-87.73436694722139,Chicago
1118958369669164796,50.0,1,Shared room,1.0,2.0,1.0,undefined,1,False,5.0,False,6.0,353,41.90828272895008,-87.66767779324437,Chicago
1119930888211299574,72.0,4,Entire home/apt,1.0,2.0,1.0,undefined,2,True,4.56,False,3.0,305,41.99452563674446,-87.69213667698276,Chicago
1120461174550629890,35.0,2,Private room,1.0,1.0,1.0,undefined,7,True,4.56,False,9.0,49,41.85144,-87.67246,Chicago
1120668272475101075,65.0,1,Shared room,1.0,1.0,1.0,undefined,1,True,4.83,False,6.0,303,41.90823324960101,-87.66792271936417,Chicago
1121239277231212984,96.0,4,Entire home/apt,2.0,2.0,1.0,undefined,32,False,5.0,True,1.0,324,41.77528677115146,-87.60687634817519,Chicago
1121272133799016202,224.0,10,Entire home/apt,4.0,7.0,2.0,undefined,2,False,4.91,True,3.0,327,41.90178543117046,-87.71352870454577,Chicago
1122443241865417112,103.0,1,Private room,3.0,3.0,2.0,undefined,32,False,,False,3.0,269,41.8937667,-87.661372,Chicago
1122464823238004538,249.0,4,Entire home/apt,2.0,2.0,2.0,undefined,32,False,5.0,False,17.0,269,41.91019872624573,-87.67128970474005,Chicago
1122665197386065075,119.0,3,Entire home/apt,1.0,1.0,1.0,undefined,32,True,5.0,True,6.0,306,41.8768238722387,-87.63436731919765,Chicago
1122753209383362624,179.0,4,Entire home/apt,2.0,2.0,1.0,undefined,2,False,4.9,True,44.0,357,41.9446409,-87.6613496,Chicago
1123039296789048320,90.0,1,Private room,3.0,3.0,2.0,undefined,32,False,,False,3.0,269,41.89345428466667,-87.66050177334844,Chicago
1123041225709371548,103.0,1,Private room,3.0,3.0,2.0,undefined,32,False,,False,3.0,269,41.89285,-87.66164,Chicago
1123134752176107110,144.0,6,Entire home/apt,3.0,3.0,1.0,undefined,1,False,4.41,False,1.0,260,41.790214154376834,-87.64472362570406,Chicago
1124054496454590171,173.0,2,Entire home/apt,1.0,1.0,1.0,undefined,1,False,4.89,True,2.0,256,41.95313,-87.6612,Chicago
1124191295763089163,213.0,6,Entire home/apt,3.0,3.0,2.0,undefined,2,False,4.85,True,3.0,87,41.8102989,-87.6093135,Chicago
1124826651184381090,272.0,8,Entire home/apt,3.0,4.0,2.0,undefined,2,True,4.7,True,80.0,343,41.853917557822754,-87.62539151587613,Chicago
1125099611066841526,224.0,2,Entire home/apt,1.0,1.0,1.0,undefined,32,True,1.0,False,,350,41.8849149,-87.6671521,Chicago
1125099898809523942,220.0,2,Entire home/apt,0.0,1.0,1.0,undefined,32,True,,False,,292,41.8849744,-87.6523958,Chicago
1125269530397844134,156.0,2,Entire home/apt,0.0,1.0,1.0,undefined,32,True,4.79,True,7.0,207,41.908680798091794,-87.63306672764821,Chicago
1125432527947462892,184.0,5,Entire home/apt,2.0,4.0,2.0,undefined,2,False,5.0,True,4.0,309,41.90982,-87.66835,Chicago
1125455079418509054,180.0,3,Entire home/apt,1.0,1.0,1.0,undefined,2,False,,False,1.0,179,41.75519157409641,-87.6268766517555,Chicago
1125460366089246179,321.0,6,Entire home/apt,2.0,3.0,2.0,undefined,1,False,4.94,True,4.0,143,41.88305580000001,-87.62577309999999,Chicago
1125585572239074004,194.0,8,Entire home/apt,4.0,0.0,1.0,undefined,2,False,4.88,True,2.0,361,41.947447789546445,-87.72745870473555,Chicago
1125636886935959268,114.0,5,Entire home/apt,3.0,3.0,1.0,undefined,2,True,4.67,True,133.0,32,41.78318914820161,-87.60844799093478,Chicago
1126196589488412854,103.0,2,Private room,2.0,1.0,1.0,undefined,1,False,4.85,False,3.0,105,41.97281043134344,-87.70869115453793,Chicago
1126354840722193927,34.0,2,Private room,1.0,1.0,2.0,undefined,2,False,3.7,,84.0,353,41.83067875878776,-87.66796708125028,Chicago
1126357540937800691,169.0,8,Entire home/apt,4.0,0.0,3.0,undefined,1,True,4.71,True,9.0,267,41.92995,-87.73508,Chicago
1126430140363431801,118.0,4,Entire home/apt,1.0,1.0,1.0,undefined,1,True,4.83,True,2.0,239,41.91427259533037,-87.70663049072027,Chicago
1126569850389741716,202.0,2,Entire home/apt,1.0,1.0,1.0,undefined,32,True,,False,,328,41.8849149,-87.6671521,Chicago
1126793591010529826,203.0,4,Entire home/apt,2.0,2.0,1.5,undefined,2,False,4.81,True,1.0,17,41.77364,-87.59231,Chicago
1126975965048220068,95.0,2,Entire home/apt,1.0,1.0,1.0,undefined,2,False,4.98,True,2.0,233,41.9722,-87.74107,Chicago
1127490471631757862,48.0,2,Private room,1.0,1.0,1.0,undefined,32,False,,False,2.0,365,41.71977555086991,-87.57636823830424,Chicago
1127524302232598442,204.0,4,Entire home/apt,2.0,2.0,1.0,undefined,3,False,4.96,True,1.0,328,41.97759,-87.67197,Chicago
1127547998176752430,295.0,2,Private room,1.0,1.0,1.0,undefined,1,True,,False,6.0,98,41.87944,-87.63112,Chicago
1127549582817586105,62.0,1,Private room,1.0,1.0,1.5,undefined,1,False,4.7,False,4.0,196,41.84673137669591,-87.65342069402226,Chicago
1127642398240669514,148.0,6,Entire home/apt,3.0,4.0,2.0,undefined,2,False,4.93,True,1.0,248,41.84488953914064,-87.68466243480444,Chicago
1128163826522016913,295.0,2,Private room,1.0,1.0,1.0,undefined,1,True,5.0,False,5.0,98,41.87942,-87.63108,Chicago
1128190499561089647,350.0,4,Entire home/apt,2.0,2.0,2.0,undefined,32,True,5.0,False,,173,41.88492,-87.66715,Chicago
1128190901474913800,383.0,4,Entire home/apt,2.0,2.0,2.0,undefined,32,True,,False,,329,41.8849744,-87.6523958,Chicago
1128235833925541165,93.0,2,Private room,1.0,1.0,1.0,undefined,32,False,5.0,True,30.0,140,41.917622,-87.6970711,Chicago
1128253390243288019,60.0,2,Private room,1.0,1.0,1.0,undefined,32,False,5.0,True,30.0,150,41.91665916360435,-87.69631332948347,Chicago
1128932510689144738,225.0,8,Entire home/apt,4.0,0.0,2.5,undefined,32,False,,False,1.0,178,41.68877665738925,-87.70217940686582,Chicago
1129015239377735431,76.0,2,Private room,1.0,1.0,1.5,undefined,1,False,4.8,False,4.0,80,41.84499,-87.65355,Chicago
1129668732756159685,156.0,6,Entire home/apt,2.0,2.0,1.0,undefined,2,False,5.0,True,1.0,9,41.8593548,-87.6695809,Chicago
1130195611113283685,120.0,6,Entire home/apt,4.0,4.0,1.0,undefined,2,True,4.83,True,1.0,354,41.77469,-87.60413,Chicago
1130204331350304817,86.0,6,Entire home/apt,2.0,3.0,1.0,undefined,2,False,4.68,False,1.0,352,41.93651,-87.79431,Chicago
1130322634618706079,182.0,2,Entire home/apt,1.0,1.0,1.0,undefined,32,False,4.7,,54.0,115,41.90894942987151,-87.63280795295404,Chicago
1130524748509689636,183.0,8,Entire home/apt,2.0,3.0,2.0,undefined,2,True,4.78,False,46.0,346,41.85594,-87.62578,Chicago
1130665901911989325,152.0,5,Entire home/apt,2.0,2.0,1.0,undefined,1,False,4.61,False,2.0,238,41.78142,-87.60814,Chicago
1130674868172575351,167.0,6,Entire home/apt,2.0,3.0,1.0,undefined,2,True,4.61,False,74.0,309,41.90799,-87.68868,Chicago
1131076518865057194,295.0,2,Entire home/apt,1.0,1.0,1.0,undefined,32,True,,False,,344,41.8849744,-87.6523958,Chicago
1131286019452329636,171.0,3,Entire home/apt,2.0,2.0,1.5,undefined,3,True,5.0,False,7.0,318,41.91734614863639,-87.68138057239669,Chicago
1131290443190444622,172.0,5,Entire home/apt,2.0,2.0,2.0,undefined,2,False,4.84,True,74.0,325,41.89358206048352,-87.66364690666003,Chicago
1131633738798531438,238.0,2,Entire home/apt,1.0,1.0,1.0,undefined,32,True,,False,,362,41.8849149,-87.6671521,Chicago
1131745064716643931,47.0,2,Private room,1.0,1.0,2.0,undefined,32,False,5.0,True,17.0,269,41.86878,-87.68662,Chicago
1131855972815766292,590.0,6,Entire home/apt,3.0,3.0,2.0,undefined,2,True,4.81,True,136.0,298,41.88557,-87.63474,Chicago
1132434450542482211,196.0,2,Entire home/apt,1.0,1.0,1.0,undefined,32,True,,False,,11,41.8849149,-87.6671521,Chicago
1132434830465721333,182.0,2,Entire home/apt,0.0,1.0,1.0,undefined,32,True,5.0,False,,208,41.8849149,-87.6671521,Chicago
1132625579937890485,120.0,4,Entire home/apt,2.0,3.0,1.0,undefined,1,False,5.0,True,6.0,285,41.92891762069949,-87.76166526612346,Chicago
1132679444601340628,581.0,14,Entire home/apt,3.0,7.0,3.0,undefined,2,False,4.98,True,41.0,73,41.89485193244242,-87.63227127913403,Chicago
1133046948479128976,468.0,4,Entire home/apt,2.0,2.0,2.0,undefined,3,False,4.8,True,7.0,234,41.91813610408218,-87.64803059399128,Chicago
1133297123344623837,258.0,5,Entire home/apt,2.0,2.0,2.0,undefined,2,False,4.96,True,74.0,325,41.892290704421065,-87.63510636444029,Chicago
1133312211320513739,85.0,2,Private room,1.0,1.0,1.0,undefined,32,False,5.0,True,30.0,157,41.91699249620272,-87.69815942973685,Chicago
1133507523994837197,361.0,2,Entire home/apt,1.0,2.0,1.0,undefined,32,False,,False,6812.0,363,41.90032,-87.62229,Chicago
1133551682471016419,354.0,10,Entire home/apt,3.0,9.0,1.0,undefined,2,False,4.9,False,31.0,200,41.94982479999999,-87.65731339999999,Chicago
1134086846327559256,216.0,2,Entire home/apt,1.0,1.0,1.0,undefined,32,True,5.0,False,,214,41.890516,-87.635955,Chicago
1134104822122219868,171.0,2,Entire home/apt,1.0,1.0,1.0,undefined,3,False,4.97,True,1.0,75,41.89884340117733,-87.67227559996385,Chicago
1134351668237383955,98.0,2,Entire home/apt,1.0,2.0,1.0,undefined,2,False,4.93,True,1.0,103,41.96205629807722,-87.66685526079058,Chicago
1135468229873674642,50.0,1,Private room,1.0,1.0,1.0,undefined,1,False,4.96,True,1.0,49,41.88623,-87.70142,Chicago
1135526057522412702,60.0,2,Private room,3.0,1.0,2.0,undefined,32,False,5.0,True,6.0,349,41.893,-87.67829,Chicago
1136525016710505420,422.0,4,Entire home/apt,2.0,2.0,2.0,undefined,2,True,4.9,True,136.0,330,41.90794,-87.65153,Chicago
1136786650443147543,202.0,2,Entire home/apt,1.0,1.0,1.0,undefined,32,True,,False,,234,41.88492,-87.66715,Chicago
1136790718229566457,182.0,2,Entire home/apt,1.0,1.0,1.0,undefined,32,True,,False,,344,41.8849149,-87.6671521,Chicago
1136791013098026754,210.0,2,Entire home/apt,1.0,1.0,1.0,undefined,32,True,,False,,314,41.88492,-87.66715,Chicago
1137117901401518730,122.0,2,Entire home/apt,0.0,1.0,1.0,undefined,1,True,4.92,,70.0,233,41.94721,-87.66324,Chicago
1137202190761788997,757.0,14,Entire home/apt,5.0,8.0,3.5,undefined,2,False,5.0,True,7.0,361,41.7180044,-87.6627175,Chicago
1137700312147395507,753.0,9,Entire home/apt,4.0,4.0,3.0,undefined,2,False,,True,136.0,358,41.885569,-87.63473669999999,Chicago
1137701705422285080,904.0,12,Entire home/apt,6.0,6.0,4.0,undefined,2,False,5.0,True,136.0,352,41.885569,-87.63473669999999,Chicago
1137701925348352203,938.0,15,Entire home/apt,7.0,8.0,5.0,undefined,2,False,3.0,True,136.0,365,41.885569,-87.63473669999999,Chicago
1137702416418362077,625.0,8,Entire home/apt,4.0,4.0,4.0,undefined,2,False,,True,136.0,357,41.90794,-87.65153,Chicago
1137729652421963360,183.0,7,Entire home/apt,3.0,5.0,1.0,undefined,1,True,4.98,True,1.0,346,41.95862,-87.75446,Chicago
1137764822157821577,249.0,8,Entire home/apt,3.0,4.0,2.0,undefined,2,True,4.74,False,46.0,352,41.85485987988816,-87.62477633740725,Chicago
1137768975380806024,161.0,6,Entire home/apt,2.0,3.0,2.0,undefined,32,True,4.64,,35.0,174,41.8922324,-87.671848,Chicago
1137995482647829827,90.0,2,Private room,2.0,3.0,1.0,undefined,1,False,5.0,True,3.0,244,42.00382554360259,-87.66658281932783,Chicago
1138133506491784199,185.0,2,Entire home/apt,0.0,1.0,1.0,undefined,32,True,5.0,False,,284,41.8849149,-87.6671521,Chicago
1138317408028269501,90.0,2,Private room,1.0,0.0,2.5,undefined,1,False,5.0,True,3.0,150,42.00355,-87.66708,Chicago
1138334414561957595,461.0,14,Entire home/apt,3.0,7.0,3.0,undefined,1,False,4.97,True,41.0,58,41.8952,-87.63207,Chicago
1138409991910365137,127.0,7,Entire home/apt,3.0,4.0,2.0,undefined,3,False,4.6,False,1.0,245,41.7560964,-87.5555262,Chicago
1138476658004886946,118.0,2,Private room,1.0,1.0,2.0,undefined,32,True,5.0,False,7.0,55,41.9449721,-87.6491738,Chicago
1138545148394852779,60.0,2,Private room,3.0,1.0,2.0,undefined,32,False,5.0,True,6.0,237,41.89164663201545,-87.68004654495857,Chicago
1138557701480802557,74.0,3,Entire home/apt,1.0,2.0,1.0,undefined,14,False,4.64,False,18.0,328,41.7528,-87.6154,Chicago
1139859386731283716,121.0,3,Entire home/apt,3.0,3.0,2.0,undefined,32,False,5.0,False,1.0,267,41.99208,-87.69911,Chicago
1140665548712232057,1195.0,16,Entire home/apt,6.0,14.0,6.0,undefined,2,False,5.0,True,41.0,52,41.89382701737642,-87.63215764578631,Chicago
1140697459367699175,108.0,4,Entire home/apt,2.0,2.0,1.0,undefined,32,False,5.0,False,1.0,263,41.9260818155005,-87.69732115947258,Chicago
1140803175961230705,243.0,10,Entire home/apt,4.0,5.0,2.5,undefined,2,False,4.82,True,74.0,347,41.89587195267544,-87.65967805360395,Chicago
1140972462997440715,328.0,10,Entire home/apt,4.0,6.0,2.5,undefined,1,True,4.98,True,15.0,333,41.9084683,-87.64125159999999,Chicago
1141095616190524468,220.0,2,Entire home/apt,1.0,1.0,1.0,undefined,32,True,5.0,False,,10,41.8849149,-87.6671521,Chicago
1141095970016767185,208.0,2,Entire home/apt,1.0,1.0,1.0,undefined,32,True,,False,,306,41.88492,-87.66715,Chicago
1141096263705855843,262.0,2,Entire home/apt,1.0,1.0,1.0,undefined,32,True,,False,,358,41.8849744,-87.6523958,Chicago
1141243129676237697,115.0,4,Entire home/apt,0.0,1.0,1.0,undefined,32,False,5.0,False,13.0,237,41.90315,-87.63266,Chicago
1141257633566657216,106.0,6,Entire home/apt,3.0,0.0,1.0,undefined,32,True,5.0,True,3.0,165,41.77512,-87.73215,Chicago
1141290404085270755,180.0,10,Entire home/apt,4.0,5.0,2.0,undefined,32,True,5.0,False,376.0,315,41.6600434,-87.6459156,Chicago
1141348222297502473,141.0,4,Entire home/apt,2.0,3.0,1.0,undefined,32,True,4.33,False,1.0,362,41.84304,-87.63263,Chicago
1142203728588139416,141.0,2,Private room,1.0,1.0,2.0,undefined,1,True,5.0,False,7.0,20,41.9449721,-87.6491738,Chicago
1142282169922787677,93.0,2,Private room,1.0,0.0,1.0,undefined,32,False,5.0,True,30.0,140,41.91692427468392,-87.69639713499429,Chicago
1142286425290997981,47.0,2,Entire home/apt,1.0,2.0,1.0,undefined,60,False,,False,1.0,143,42.01218412754811,-87.69351287420128,Chicago
1142338239779531712,360.0,16,Entire home/apt,4.0,9.0,4.0,undefined,2,False,4.96,True,43.0,142,41.90851988653223,-87.66889169803618,Chicago
1143413321594968766,230.0,2,Private room,1.0,1.0,1.0,undefined,1,True,4.37,False,1.0,39,41.8931,-87.6256,Chicago
1143427017031374312,351.0,2,Entire home/apt,1.0,1.0,1.0,undefined,32,False,,False,6812.0,363,41.88029,-87.63019,Chicago
1143484996668366311,129.0,4,Entire home/apt,2.0,2.0,1.0,undefined,1,False,4.83,True,3.0,162,41.9543823,-87.67774589999999,Chicago
1143674456345712433,60.0,2,Private room,3.0,1.0,2.0,undefined,32,False,5.0,True,6.0,245,41.89132926813659,-87.67848811778242,Chicago
1144060868332704681,63.0,2,Entire home/apt,0.0,1.0,1.0,undefined,32,True,,False,34.0,365,41.76627,-87.56859,Chicago
1144757610491175215,508.0,2,Entire home/apt,1.0,1.0,1.0,undefined,32,False,,False,6812.0,363,41.87421131019012,-87.64094722874601,Chicago
1144758301096144281,439.0,2,Entire home/apt,1.0,2.0,1.0,undefined,32,False,,False,6812.0,363,41.888722717167134,-87.63028756926956,Chicago
1145124033127729011,111.0,6,Entire home/apt,2.0,2.0,2.0,undefined,1,False,4.67,False,1.0,327,41.88104,-87.75133,Chicago
1145594690030595377,191.0,2,Entire home/apt,1.0,1.0,1.0,undefined,32,True,,False,,186,41.8849149,-87.6671521,Chicago
1145715743073945855,129.0,2,Private room,1.0,1.0,2.0,undefined,1,True,4.79,False,7.0,58,41.9449721,-87.6491738,Chicago
1145733618529883361,552.0,2,Entire home/apt,1.0,1.0,1.0,undefined,32,False,,False,6812.0,363,41.87021147963674,-87.62456682760602,Chicago
1145734450576670576,801.0,2,Entire home/apt,1.0,1.0,1.0,undefined,32,False,,False,6812.0,363,41.88969,-87.62724,Chicago
1145735917111964105,472.0,2,Entire home/apt,1.0,1.0,1.0,undefined,32,False,,False,6812.0,363,41.90277,-87.62973,Chicago
1145746691622918611,275.0,4,Entire home/apt,2.0,2.0,2.0,undefined,32,False,,False,1.0,244,41.8951123,-87.62663889999999,Chicago
1145849912231980747,58.0,2,Private room,1.0,1.0,1.0,undefined,1,False,,False,3.0,123,41.76051,-87.57137,Chicago
1145877091424968832,143.0,4,Entire home/apt,1.0,2.0,1.0,undefined,32,False,,False,1.0,267,41.90153498997459,-87.68515881240376,Chicago
1145892939269163715,172.0,12,Entire home/apt,0.0,5.0,3.5,undefined,32,False,5.0,False,1.0,237,41.81422657198037,-87.61238403966838,Chicago
1145951280597498030,307.0,8,Entire home/apt,3.0,4.0,2.0,undefined,2,False,4.93,True,1.0,144,41.90442,-87.6294,Chicago
1146198641983896231,195.0,2,Entire home/apt,1.0,1.0,1.0,undefined,32,True,,False,,298,41.88492,-87.66715,Chicago
1146419221872555338,140.0,4,Entire home/apt,1.0,2.0,1.5,undefined,1,True,4.95,,22.0,350,41.9042880563216,-87.67322523090454,Chicago
1146468127668565952,173.0,10,Entire home/apt,2.0,7.0,2.0,undefined,1,True,4.82,False,38.0,179,41.9046068,-87.63340649999999,Chicago
1146527260565627215,87.0,2,Private room,1.0,0.0,1.0,undefined,32,False,5.0,True,30.0,150,41.91789587540586,-87.69811580141254,Chicago
1146666996979626420,181.0,6,Entire home/apt,3.0,3.0,2.0,undefined,32,False,4.82,True,1.0,292,41.77935001163505,-87.60286239891275,Chicago
1147105329908820574,156.0,7,Entire home/apt,3.0,4.0,2.5,undefined,3,False,4.29,False,1.0,170,41.70459177704544,-87.63694179673818,Chicago
1147293363285738322,660.0,2,Entire home/apt,1.0,1.0,1.0,undefined,32,False,,False,6812.0,363,41.8854597488209,-87.64882580050492,Chicago
1147294219910513918,1184.0,2,Entire home/apt,1.0,1.0,1.0,undefined,32,False,,False,6812.0,363,41.89795853960843,-87.62668387603179,Chicago
1147295207142056086,911.0,2,Entire home/apt,1.0,1.0,1.0,undefined,32,False,,False,6812.0,363,41.88797883156248,-87.62630965284933,Chicago
1147296531249137384,718.0,2,Entire home/apt,1.0,1.0,1.0,undefined,32,False,,False,6812.0,363,41.90075,-87.62786,Chicago
1147687647342159441,225.0,4,Entire home/apt,2.0,2.0,2.0,undefined,32,False,5.0,True,2.0,196,41.89445694894506,-87.62677838375949,Chicago
1147814896226691619,119.0,4,Entire home/apt,1.0,1.0,2.0,undefined,32,False,4.5,True,3.0,227,41.89228847651917,-87.66737981355585,Chicago
1147827145251439030,61.0,1,Private room,1.0,1.0,1.0,undefined,32,False,4.33,False,6.0,343,41.79581,-87.60451,Chicago
1147846143721785091,393.0,6,Entire home/apt,3.0,3.0,1.0,undefined,2,True,4.83,False,376.0,362,41.9141111,-87.7054128,Chicago
1147978699193958884,225.0,10,Entire home/apt,4.0,4.0,2.0,undefined,1,False,4.76,True,1.0,173,41.75046,-87.55442,Chicago
1147990526168123864,354.0,8,Entire home/apt,3.0,3.0,2.0,undefined,2,False,4.85,True,17.0,257,41.941,-87.66358,Chicago
1148129868260708739,249.0,8,Entire home/apt,3.0,4.0,2.0,undefined,2,False,4.92,True,2.0,135,41.848765624250994,-87.63154413862307,Chicago
1148314234989207060,79.0,4,Entire home/apt,1.0,0.0,1.0,undefined,3,True,4.62,True,2.0,21,41.9790934,-87.68965829999999,Chicago
1148501841879911947,340.0,4,Entire home/apt,2.0,2.0,2.0,undefined,2,True,4.76,True,136.0,342,41.90794,-87.65153,Chicago
1148541596817572472,39.0,2,Private room,1.0,1.0,1.0,undefined,32,False,5.0,False,4.0,185,41.85468607720664,-87.65056334888348,Chicago
1148685089493059493,1027.0,2,Entire home/apt,1.0,1.0,1.0,undefined,32,False,,False,6812.0,363,41.90046546625194,-87.62598400944107,Chicago
1148686527816625942,728.0,2,Entire home/apt,1.0,1.0,1.0,undefined,32,False,,False,6812.0,363,41.87967045158962,-87.6337629869339,Chicago
1148687805103091056,446.0,2,Entire home/apt,1.0,1.0,1.0,undefined,32,False,,False,6812.0,363,41.88938263983093,-87.64701656464153,Chicago
1148689301288640378,819.0,2,Entire home/apt,1.0,1.0,1.0,undefined,32,False,,False,6812.0,363,41.89769621382828,-87.62814203679112,Chicago
1148690836047192951,867.0,2,Entire home/apt,1.0,1.0,1.0,undefined,32,False,,False,6812.0,363,41.89699715360593,-87.62344890761717,Chicago
1148692233017308121,1332.0,2,Entire home/apt,1.0,1.0,1.0,undefined,32,False,,False,6812.0,363,41.88782,-87.61661,Chicago
1149426515525047776,75.0,2,Private room,1.0,0.0,1.0,undefined,32,False,4.0,True,30.0,80,41.91856433397364,-87.69784331871037,Chicago
1149687291232505060,37.0,1,Private room,1.0,1.0,1.0,undefined,32,True,3.89,False,7.0,354,41.83508712554969,-87.66814339240942,Chicago
1150025527600785127,139.0,8,Entire home/apt,4.0,5.0,1.0,undefined,1,False,3.8,False,4.0,364,41.79147562184525,-87.63268246558184,Chicago
1150057241520181319,140.0,7,Entire home/apt,3.0,3.0,1.0,undefined,1,True,4.73,False,2.0,85,41.9352997,-87.71498140000001,Chicago
1150107916081738540,44.0,1,Private room,1.0,0.0,1.0,undefined,32,True,5.0,True,30.0,230,41.91872,-87.69656,Chicago
1150116245952928304,58.0,2,Private room,1.0,0.0,1.0,undefined,32,False,5.0,True,30.0,117,41.91677,-87.69634,Chicago
1150176664478435009,194.0,6,Entire home/apt,3.0,3.0,2.5,undefined,3,True,4.97,True,1.0,330,41.9525173134608,-87.83375845574122,Chicago
1150223530575467953,65.0,2,Private room,1.0,0.0,1.0,undefined,32,False,5.0,True,30.0,159,41.91645,-87.69676,Chicago
1150241309267578570,50.0,1,Private room,1.0,0.0,1.0,undefined,32,False,5.0,True,30.0,151,41.91854,-87.69811,Chicago
1150718513878843053,137.0,8,Entire home/apt,3.0,3.0,1.0,undefined,1,True,4.9,False,6.0,260,41.91113512042524,-87.6678828147767,Chicago
1150810006271295736,277.0,6,Entire home/apt,3.0,0.0,1.5,undefined,2,False,4.83,True,1.0,250,41.85239963709176,-87.63770120000001,Chicago
1150826422443590338,119.0,5,Entire home/apt,2.0,3.0,1.5,undefined,2,False,4.64,False,1.0,342,41.78354608057221,-87.61175184448737,Chicago
1151012789906130911,99.0,2,Entire home/apt,1.0,1.0,1.0,undefined,1,True,4.92,,14.0,326,41.9477260511607,-87.65982825351166,Chicago
1151451106976482683,84.0,1,Private room,1.0,1.0,1.0,undefined,32,False,5.0,False,8.0,232,41.917212,-87.67618870000001,Chicago
1151462523311184877,416.0,8,Entire home/apt,4.0,5.0,3.0,undefined,3,False,4.96,True,1.0,329,41.93753,-87.70146,Chicago
1151508026982992611,110.0,2,Entire home/apt,1.0,1.0,1.0,undefined,2,False,4.93,,3.0,161,41.85683,-87.67081,Chicago
1151580393985080217,94.0,4,Entire home/apt,2.0,0.0,1.0,undefined,1,False,4.65,False,2.0,249,41.9106242,-87.7798236,Chicago
1151980780851058667,270.0,4,Entire home/apt,2.0,2.0,2.0,undefined,32,True,,False,,1,41.8849149,-87.6671521,Chicago
1152179349322232811,93.0,2,Entire home/apt,0.0,1.0,1.0,undefined,32,False,4.8,False,235.0,187,41.90130064368805,-87.63235989106232,Chicago
1152209629118309336,89.0,2,Entire home/apt,0.0,1.0,1.0,undefined,32,False,,False,235.0,268,41.90316218655818,-87.63389394216973,Chicago
1152493261956727939,248.0,6,Entire home/apt,2.0,0.0,1.0,undefined,1,False,5.0,True,9.0,17,41.89334748229691,-87.68192033111235,Chicago
1152939406310354129,99.0,8,Entire home/apt,3.0,4.0,1.0,undefined,2,True,4.29,False,24.0,348,41.8698643,-87.6637602,Chicago
1152984357279679138,158.0,5,Entire home/apt,2.0,2.0,1.0,undefined,2,False,4.69,False,12.0,197,41.8980514,-87.6773852,Chicago
1153026827885949913,160.0,5,Entire home/apt,2.0,0.0,1.5,undefined,3,False,4.87,True,2.0,341,41.821386038892086,-87.60449011934101,Chicago
1153130138963957917,136.0,5,Entire home/apt,2.0,3.0,1.0,undefined,32,False,5.0,True,4.0,326,41.929528825678815,-87.70517606288195,Chicago
1153190490588706836,65.0,2,Private room,1.0,0.0,1.0,undefined,32,False,5.0,True,30.0,79,41.91832904711234,-87.69767382053165,Chicago
1153198315646945868,60.0,2,Private room,1.0,0.0,1.0,undefined,32,False,5.0,True,30.0,158,41.91651,-87.69814,Chicago
1153527973079761569,178.0,2,Entire home/apt,1.0,1.0,1.0,undefined,32,True,,False,,312,41.8671432,-87.6244147,Chicago
1153596061417327972,277.0,10,Entire home/apt,4.0,5.0,2.0,undefined,1,False,5.0,True,1.0,331,41.7402,-87.70058,Chicago
1153615864183860785,105.0,1,Private room,1.0,1.0,1.0,undefined,2,False,5.0,True,8.0,55,41.94200709694907,-87.72024075767213,Chicago
1154616304836074012,241.0,12,Entire home/apt,3.0,6.0,2.0,undefined,2,False,4.94,True,44.0,336,41.8814633,-87.6590044,Chicago
1154987552847129117,133.0,3,Entire home/apt,1.0,2.0,1.0,undefined,1,True,4.7,,35.0,168,41.8922324,-87.671848,Chicago
1155239767839056602,86.0,4,Entire home/apt,2.0,3.0,1.0,undefined,32,False,4.8,True,1.0,258,41.99847,-87.80569,Chicago
1155384047442530064,120.0,2,Entire home/apt,1.0,1.0,1.0,undefined,32,False,4.0,False,3.0,269,41.83961,-87.62225,Chicago
1155715811913276720,57.0,2,Private room,1.0,1.0,1.0,undefined,2,False,4.89,True,4.0,253,41.78378,-87.61347,Chicago
1155760548596593181,417.0,16,Entire home/apt,8.0,0.0,4.0,undefined,1,True,4.84,False,1.0,332,41.90760193772624,-87.71474896569397,Chicago
1155813429712852637,113.0,3,Entire home/apt,1.0,1.0,1.0,undefined,2,True,4.58,False,43.0,361,41.95704999944145,-87.65171191349606,Chicago
1156041531480970492,162.0,6,Entire home/apt,3.0,4.0,2.0,undefined,2,False,4.74,False,1.0,345,41.77192,-87.5861,Chicago
1156480092258347700,84.0,5,Entire home/apt,1.0,2.0,1.0,undefined,1,False,4.88,True,18.0,76,41.8504018,-87.703064,Chicago
1156480361250897532,85.0,3,Entire home/apt,0.0,1.0,1.0,undefined,2,False,4.86,False,16.0,301,41.90972834253729,-87.7899013391596,Chicago
1156609987109429945,333.0,6,Entire home/apt,3.0,3.0,3.0,undefined,32,False,5.0,True,8.0,202,41.866254,-87.6214146,Chicago
1156820235414185614,52.0,1,Private room,1.0,0.0,1.0,undefined,32,False,5.0,True,30.0,80,41.918226140161536,-87.69620215114676,Chicago
1156828771531830371,62.0,2,Private room,1.0,0.0,1.0,undefined,32,False,5.0,True,30.0,155,41.91686166550284,-87.69776723572082,Chicago
1156982793519142931,247.0,4,Entire home/apt,2.0,2.0,2.0,undefined,32,True,,False,,284,41.8671432,-87.6244147,Chicago
1157192459075235220,117.0,4,Entire home/apt,1.0,3.0,1.0,undefined,32,False,5.0,False,1.0,77,41.89703657488824,-87.69619551137055,Chicago
1157282023955298672,95.0,5,Entire home/apt,2.0,2.0,1.0,undefined,3,False,4.83,False,1.0,350,41.90419,-87.76564,Chicago
1157296445780803443,185.0,4,Entire home/apt,3.0,3.0,2.0,undefined,1,False,,False,3.0,269,41.97453,-87.82557,Chicago
1157335115658704023,179.0,6,Entire home/apt,2.0,3.0,2.0,undefined,32,True,,False,7.0,365,41.77593194982144,-87.60338589830788,Chicago
1157607307465832749,225.0,8,Entire home/apt,3.0,3.0,2.0,undefined,1,True,5.0,True,97.0,339,41.94721,-87.82701,Chicago
1157705027715262059,176.0,2,Entire home/apt,1.0,1.0,1.0,undefined,32,True,,False,,289,41.8671432,-87.6244147,Chicago
1157715113869229058,175.0,2,Entire home/apt,1.0,1.0,1.0,undefined,32,True,,False,,283,41.8671432,-87.6244147,Chicago
1157715533467721853,174.0,2,Entire home/apt,1.0,1.0,1.0,undefined,32,True,,False,,231,41.8671432,-87.6244147,Chicago
1158234890597639790,47.0,1,Private room,1.0,0.0,1.0,undefined,32,False,5.0,True,30.0,201,41.91806,-87.69599,Chicago
1158969866271339303,177.0,5,Entire home/apt,2.0,3.0,1.0,undefined,1,False,5.0,True,1.0,263,41.83873239330091,-87.65290071934793,Chicago
1159149214879159437,148.0,2,Entire home/apt,1.0,1.0,1.0,undefined,32,False,,False,6812.0,363,41.8766554941468,-87.64149080545948,Chicago
1159150068007028341,380.0,2,Entire home/apt,1.0,1.0,1.0,undefined,32,False,,False,6812.0,363,41.88013332881296,-87.63036655296601,Chicago
1159150890635182347,472.0,2,Entire home/apt,1.0,1.0,1.0,undefined,32,False,,False,6812.0,363,41.89259,-87.63109,Chicago
1159225422024323124,426.0,2,Entire home/apt,1.0,1.0,1.0,undefined,32,False,,False,6812.0,363,41.94448,-87.65459,Chicago
1159261137710331892,950.0,7,Entire home/apt,4.0,4.0,3.0,undefined,28,False,,False,2.0,114,41.9317503,-87.64174410000001,Chicago
1159400656908907771,367.0,8,Entire home/apt,4.0,0.0,3.5,undefined,3,False,5.0,False,1.0,349,41.77525,-87.58841,Chicago
1159449649769838833,121.0,5,Entire home/apt,1.0,4.0,1.0,undefined,2,False,4.88,True,1.0,136,41.8174444,-87.6088973,Chicago
1159512180322287145,80.0,4,Entire home/apt,1.0,2.0,1.0,undefined,7,True,1.0,False,18.0,259,41.99975316723146,-87.67023008011896,Chicago
1160037926717484137,155.0,4,Entire home/apt,2.0,0.0,2.0,undefined,32,False,,True,5.0,326,41.92412768573216,-87.71382770882587,Chicago
1160799442434582666,110.0,10,Entire home/apt,3.0,5.0,1.0,undefined,1,False,4.83,True,18.0,9,41.826895,-87.68091129999999,Chicago
1160802881038881488,506.0,7,Entire home/apt,3.0,4.0,2.0,undefined,2,True,4.95,True,136.0,313,41.88466,-87.65915,Chicago
1160803159218364247,557.0,5,Entire home/apt,2.0,3.0,2.0,undefined,2,True,4.65,True,136.0,351,41.88466,-87.65915,Chicago
1160803692121605779,583.0,5,Entire home/apt,2.0,3.0,2.0,undefined,2,True,4.79,True,136.0,347,41.88466,-87.65915,Chicago
1160804108272641400,452.0,5,Entire home/apt,2.0,3.0,2.0,undefined,2,True,4.89,True,136.0,343,41.88466,-87.65915,Chicago
1160906879545290922,60.0,2,Private room,1.0,0.0,1.0,undefined,32,False,5.0,True,30.0,171,41.91876,-87.69728,Chicago
1160923178723957934,65.0,2,Private room,1.0,0.0,1.0,undefined,32,False,,True,30.0,80,41.91816,-87.69609,Chicago
1161219784760806128,25.0,2,Private room,1.0,2.0,1.5,undefined,32,False,5.0,True,51.0,265,41.85686,-87.67094,Chicago
1161265046129032550,40.0,1,Private room,0.0,1.0,1.5,undefined,32,False,4.5,False,16.0,357,41.78701,-87.66138,Chicago
1161503209760126548,140.0,9,Entire home/apt,3.0,4.0,1.5,undefined,1,False,4.91,True,4.0,232,41.92864632346125,-87.74304789468802,Chicago
1161640868444707577,160.0,8,Entire home/apt,4.0,7.0,2.0,undefined,32,False,,False,1.0,365,41.7318334,-87.6676536,Chicago
1161680941284542669,116.0,2,Entire home/apt,1.0,1.0,1.0,undefined,3,False,4.5,False,4.0,256,41.91099,-87.68543,Chicago
1161685866203575884,189.0,4,Entire home/apt,1.0,2.0,1.0,undefined,1,False,5.0,,4.0,338,41.9157593216264,-87.67315980215997,Chicago
1161753524903784323,255.0,4,Entire home/apt,2.0,0.0,2.0,undefined,3,True,5.0,True,13.0,327,41.980637599597,-87.67293716052129,Chicago
1162293949697234299,202.0,5,Entire home/apt,2.0,4.0,1.5,undefined,2,True,4.83,True,1.0,337,41.92424184233522,-87.68640730530024,Chicago
1162395689764309956,96.0,6,Entire home/apt,2.0,5.0,1.0,undefined,2,False,4.88,True,3.0,118,41.9453715,-87.70506309999999,Chicago
1162441543769604714,392.0,16,Entire home/apt,8.0,10.0,3.0,undefined,2,False,4.86,True,7.0,205,41.89517583822173,-87.71082140047687,Chicago
1162467132557250937,91.0,2,Entire home/apt,1.0,1.0,1.0,undefined,32,True,,True,9.0,264,41.9514972,-87.6553799,Chicago
1162534320150189484,95.0,2,Private room,1.0,2.0,1.0,undefined,1,False,3.0,False,5.0,263,42.01475,-87.68973,Chicago
1163024216163365805,256.0,2,Entire home/apt,1.0,1.0,1.0,undefined,32,False,,False,6812.0,363,41.89191963482735,-87.626536275155,Chicago
1163055179738567599,111.0,4,Entire home/apt,0.0,1.0,1.0,undefined,32,False,5.0,False,13.0,327,41.90284,-87.63269,Chicago
1163084375913400046,296.0,12,Entire home/apt,4.0,7.0,3.0,undefined,1,True,4.84,False,1.0,356,41.90417423893536,-87.67712001534423,Chicago
1163266208548806068,136.0,2,Entire home/apt,1.0,1.0,1.0,undefined,1,False,4.77,True,2.0,313,41.92779,-87.6522,Chicago
1163274390408352184,75.0,1,Private room,1.0,0.0,1.0,undefined,32,False,5.0,True,30.0,141,41.91653897256384,-87.6966279469731,Chicago
1163299343264410571,81.0,2,Private room,1.0,0.0,1.0,undefined,32,True,4.67,True,30.0,242,41.91707157531153,-87.69815563680459,Chicago
1163310937054962765,55.0,2,Private room,1.0,0.0,1.0,undefined,32,True,5.0,True,30.0,229,41.91834,-87.69793,Chicago
1163868174026732324,332.0,2,Entire home/apt,1.0,1.0,1.0,undefined,32,False,,False,6812.0,363,41.89987830217251,-87.62264217910703,Chicago
1163872486907739050,410.0,2,Entire home/apt,1.0,1.0,1.0,undefined,32,False,,False,6812.0,363,41.89509,-87.61566,Chicago
1163873778847225767,376.0,2,Entire home/apt,1.0,1.0,1.0,undefined,32,False,,False,6812.0,363,41.88033797350048,-87.63394825704688,Chicago
1163876377468358852,228.0,2,Entire home/apt,1.0,1.0,1.0,undefined,32,False,,False,6812.0,363,41.89432835898554,-87.62422934693784,Chicago
1163881994479084630,396.0,2,Entire home/apt,1.0,1.0,1.0,undefined,32,False,,False,6812.0,363,41.88871,-87.63714,Chicago
1163886327192092499,487.0,2,Entire home/apt,1.0,1.0,1.0,undefined,32,False,,False,6812.0,363,41.88722,-87.6267,Chicago
1163903025707887971,686.0,2,Entire home/apt,1.0,1.0,1.0,undefined,32,False,,False,6812.0,363,41.88517800406947,-87.62838813481275,Chicago
1163904928901630569,356.0,2,Entire home/apt,1.0,1.0,1.0,undefined,32,False,,False,6812.0,363,41.93498927657595,-87.64420747423841,Chicago
1163911042962884758,682.0,2,Entire home/apt,1.0,1.0,1.0,undefined,32,False,,False,6812.0,363,41.88916,-87.62907,Chicago
1163931038861731318,407.0,4,Entire home/apt,2.0,2.0,2.0,undefined,2,True,4.76,True,136.0,330,41.88557,-87.63474,Chicago
1163931257035436831,403.0,4,Entire home/apt,2.0,2.0,2.0,undefined,2,True,4.81,True,136.0,277,41.88557,-87.63474,Chicago
1163931461392928103,408.0,4,Entire home/apt,2.0,2.0,2.0,undefined,2,True,4.85,True,136.0,303,41.88557,-87.63474,Chicago
1164069411805421501,121.0,4,Entire home/apt,2.0,2.0,1.0,undefined,5,False,4.92,False,11.0,140,42.0127598,-87.6859374,Chicago
1164119270439045381,194.0,8,Entire home/apt,4.0,4.0,3.0,undefined,2,False,4.78,True,14.0,149,41.8496,-87.62845,Chicago
1164321544369164082,306.0,2,Entire home/apt,1.0,1.0,1.0,undefined,32,False,,False,6812.0,363,41.89158,-87.62872,Chicago
1164323212043283489,500.0,2,Entire home/apt,1.0,1.0,1.0,undefined,32,False,,False,6812.0,363,41.91161,-87.6784,Chicago
1164325769937063286,372.0,2,Entire home/apt,1.0,1.0,1.0,undefined,32,False,,False,6812.0,363,41.88073235963858,-87.62757603832819,Chicago
1164344809582366102,589.0,2,Entire home/apt,1.0,1.0,1.0,undefined,32,False,,False,6812.0,363,41.87999508815543,-87.63177444279725,Chicago
1164348251234538065,517.0,2,Entire home/apt,1.0,1.0,1.0,undefined,32,False,,False,6812.0,363,41.887028450783006,-87.64990393476131,Chicago
1164351988045174792,956.0,2,Entire home/apt,1.0,1.0,1.0,undefined,32,False,,False,6812.0,363,41.89204,-87.62623,Chicago
1164354063598988675,374.0,2,Entire home/apt,1.0,1.0,1.0,undefined,32,False,,False,6812.0,363,41.97039,-87.66688,Chicago
1164366330562844453,378.0,2,Entire home/apt,1.0,1.0,1.0,undefined,32,False,,False,6812.0,363,41.88610618911992,-87.65114442305604,Chicago
1164367990721886509,505.0,2,Entire home/apt,1.0,1.0,1.0,undefined,32,False,,False,6812.0,363,41.89903731438776,-87.62402659032733,Chicago
1164376288768654082,169.0,2,Entire home/apt,1.0,1.0,1.0,undefined,32,False,,False,6812.0,363,41.896790561977134,-87.62213701574176,Chicago
1164377756729147648,285.0,2,Entire home/apt,1.0,1.0,1.0,undefined,32,False,,False,6812.0,363,41.89763508478125,-87.63707775805206,Chicago
1164384130950023011,710.0,2,Entire home/apt,1.0,1.0,1.0,undefined,32,False,,False,6812.0,363,41.87224707977537,-87.62390938876942,Chicago
1164391250409271876,388.0,2,Entire home/apt,1.0,1.0,1.0,undefined,32,False,,False,6812.0,363,41.88535,-87.63438,Chicago
1164396546878890715,414.0,2,Entire home/apt,1.0,1.0,1.0,undefined,32,False,,False,6812.0,363,41.88408688478439,-87.62895836323356,Chicago
1164401490668485626,354.0,2,Entire home/apt,1.0,2.0,1.0,undefined,32,False,,False,6812.0,363,41.85053,-87.63284,Chicago
1164402579359596000,213.0,2,Entire home/apt,1.0,1.0,1.0,undefined,32,False,,False,6812.0,363,41.86449,-87.6246,Chicago
1164403795274800194,310.0,2,Entire home/apt,1.0,1.0,1.0,undefined,32,False,,False,6812.0,363,41.8822565579634,-87.62664931616186,Chicago
1164404819160811162,451.0,4,Entire home/apt,1.0,2.0,1.0,undefined,32,False,,False,6812.0,363,41.876597643138815,-87.64811514525444,Chicago
1164423639411141855,628.0,2,Entire home/apt,1.0,1.0,1.0,undefined,32,False,,False,6812.0,363,41.87075,-87.6255,Chicago
1164427331653507785,415.0,2,Entire home/apt,1.0,1.0,1.0,undefined,32,False,,False,6812.0,363,41.8912,-87.60449,Chicago
1164437443779542332,469.0,2,Entire home/apt,1.0,1.0,1.0,undefined,32,False,,False,6812.0,363,41.890763338292,-87.63040353244322,Chicago
1164441353030555442,596.0,2,Entire home/apt,1.0,1.0,1.0,undefined,32,False,,False,6812.0,363,41.88681,-87.62717,Chicago
1164444978132246524,613.0,2,Entire home/apt,1.0,1.0,1.0,undefined,32,False,,False,6812.0,363,41.88763597933962,-87.61948122167125,Chicago
1164455541066074270,1336.0,2,Entire home/apt,1.0,1.0,1.0,undefined,32,False,,False,6812.0,363,41.88740125955144,-87.62615048476535,Chicago
1164482078184881598,557.0,2,Entire home/apt,1.0,1.0,1.0,undefined,32,False,,False,6812.0,363,41.891142590854805,-87.63238764722786,Chicago
1164491374254331082,302.0,2,Entire home/apt,1.0,1.0,1.0,undefined,32,False,,False,6812.0,363,41.89862,-87.6233,Chicago
1164497800497880260,537.0,2,Entire home/apt,1.0,1.0,1.0,undefined,32,False,,False,6812.0,363,41.85296694896948,-87.62018815647143,Chicago
1164507847142339168,364.0,2,Entire home/apt,1.0,1.0,1.0,undefined,32,False,,False,6812.0,363,41.94777,-87.64522,Chicago
1164510939378614169,447.0,2,Entire home/apt,1.0,1.0,1.0,undefined,32,False,,False,6812.0,363,41.89398396518968,-87.6207320392588,Chicago
1164514196153460611,218.0,9,Entire home/apt,2.0,6.0,2.0,undefined,1,False,4.94,True,11.0,337,41.917777,-87.6876334,Chicago
1164520289809998239,1020.0,2,Entire home/apt,1.0,1.0,1.0,undefined,32,False,,False,6812.0,363,41.8804273498886,-87.63291151723048,Chicago
1164521153206014501,302.0,9,Entire home/apt,2.0,6.0,2.0,undefined,1,False,4.97,True,11.0,357,41.917777,-87.6876334,Chicago
1164525901979491740,632.0,2,Entire home/apt,1.0,1.0,1.0,undefined,32,False,,False,6812.0,363,41.88999,-87.62337,Chicago
1164531800410656447,499.0,2,Entire home/apt,1.0,1.0,1.0,undefined,32,False,,False,6812.0,363,41.88795319721852,-87.6208544274669,Chicago
1164538713663921417,493.0,2,Entire home/apt,1.0,1.0,1.0,undefined,32,False,,False,6812.0,363,41.88250505709594,-87.65646187798572,Chicago
1164555071478250063,973.0,2,Entire home/apt,1.0,1.0,1.0,undefined,32,False,,False,6812.0,363,41.94677587733717,-87.65782596735907,Chicago
1164556317578736213,309.0,2,Entire home/apt,1.0,1.0,1.0,undefined,32,False,,False,6812.0,363,41.91598,-87.63355,Chicago
1164558756708185765,259.0,2,Entire home/apt,1.0,1.0,1.0,undefined,32,False,,False,6812.0,363,41.89367184457215,-87.63185722924042,Chicago
1164560076837990402,392.0,2,Entire home/apt,1.0,1.0,1.0,undefined,32,False,,False,6812.0,363,41.89278315606375,-87.62059478795304,Chicago
1164561295697454364,301.0,2,Entire home/apt,1.0,1.0,1.0,undefined,32,False,,False,6812.0,363,41.88916,-87.62994,Chicago
1164568508003742383,390.0,2,Entire home/apt,1.0,1.0,1.0,undefined,32,False,,False,6812.0,363,41.89079,-87.62684,Chicago
1164569802578843403,406.0,2,Entire home/apt,1.0,1.0,1.0,undefined,32,False,,False,6812.0,363,41.86944822487461,-87.62449074054571,Chicago
1164571473402739179,406.0,2,Entire home/apt,1.0,1.0,1.0,undefined,32,False,,False,6812.0,363,41.86994606224325,-87.6246710330334,Chicago
1164572582659515952,326.0,2,Entire home/apt,1.0,1.0,1.0,undefined,32,False,,False,6812.0,363,41.89572,-87.62217,Chicago
1164574330578019278,313.0,2,Entire home/apt,1.0,1.0,1.0,undefined,32,False,,False,6812.0,363,41.89419,-87.63271,Chicago
1164576948185865472,308.0,2,Entire home/apt,1.0,1.0,1.0,undefined,32,False,,False,6812.0,363,41.89452993656451,-87.62798308598029,Chicago
1164579404449222043,504.0,2,Entire home/apt,1.0,1.0,1.0,undefined,32,False,,False,6812.0,363,41.88740934872117,-87.63945245132732,Chicago
1164580784542226899,249.0,2,Entire home/apt,1.0,1.0,1.0,undefined,32,False,,False,6812.0,363,41.757544911476224,-87.74012881811252,Chicago
1164583120178540988,376.0,2,Entire home/apt,1.0,1.0,1.0,undefined,32,False,,False,6812.0,363,41.88640558637621,-87.6247991716037,Chicago
1164586218078390143,519.0,2,Entire home/apt,1.0,1.0,1.0,undefined,32,False,,False,6812.0,363,41.85171,-87.62222,Chicago
1164586922786092806,519.0,2,Entire home/apt,1.0,1.0,1.0,undefined,32,False,,False,6812.0,363,41.85389,-87.62297,Chicago
1164588208614534380,344.0,2,Entire home/apt,1.0,1.0,1.0,undefined,32,False,,False,6812.0,363,41.87937,-87.63624,Chicago
1164589979616584713,316.0,2,Entire home/apt,1.0,1.0,1.0,undefined,32,False,,False,6812.0,363,41.89248,-87.62655,Chicago
1164601258872092492,280.0,2,Entire home/apt,1.0,1.0,1.0,undefined,32,False,,False,6812.0,363,42.00136,-87.66064,Chicago
1164604137572765247,268.0,2,Entire home/apt,1.0,1.0,1.0,undefined,32,False,,False,6812.0,363,41.8520385904543,-87.62216326931566,Chicago
1164606319944638942,368.0,2,Entire home/apt,1.0,1.0,1.0,undefined,32,False,,False,6812.0,363,41.89424189141304,-87.62328327124378,Chicago
1164611134863024608,304.0,2,Entire home/apt,1.0,1.0,1.0,undefined,32,False,,False,6812.0,363,41.89578678209883,-87.63161581920994,Chicago
1164628010657251521,605.0,2,Entire home/apt,1.0,1.0,1.0,undefined,32,False,,False,6812.0,363,41.88505,-87.62179,Chicago
1164632686953325940,394.0,2,Entire home/apt,1.0,1.0,1.0,undefined,32,False,,False,6812.0,363,41.8916884267932,-87.62986207722604,Chicago
1164640357196290467,310.0,2,Entire home/apt,1.0,1.0,1.0,undefined,32,False,,False,6812.0,363,41.89336839044333,-87.62948091754777,Chicago
1164642720576009841,472.0,2,Entire home/apt,1.0,1.0,1.0,undefined,32,False,,False,6812.0,363,41.89179,-87.6292,Chicago
1164643941039100475,384.0,2,Entire home/apt,1.0,2.0,1.0,undefined,32,False,,False,6812.0,363,41.89225904767018,-87.62094348440593,Chicago
1164665469324874672,266.0,2,Entire home/apt,1.0,1.0,1.0,undefined,32,False,,False,6812.0,363,41.89206,-87.61882,Chicago
1164677947506315279,348.0,2,Entire home/apt,1.0,1.0,1.0,undefined,32,False,,False,6812.0,363,41.88110215623946,-87.64585873398975,Chicago
1164695930898276890,424.0,2,Entire home/apt,1.0,2.0,1.0,undefined,32,False,,False,6812.0,363,41.89243621406035,-87.62195744497454,Chicago
1164697222489634900,480.0,2,Entire home/apt,1.0,1.0,1.0,undefined,32,False,,False,6812.0,363,41.87479,-87.66686,Chicago
1164698068190137733,480.0,2,Entire home/apt,1.0,1.0,1.0,undefined,32,False,,False,6812.0,363,41.87442,-87.66691,Chicago
1164699362002822407,488.0,2,Entire home/apt,1.0,2.0,1.0,undefined,32,False,,False,6812.0,363,41.88932078512573,-87.62792852770737,Chicago
1164706917512705017,360.0,2,Entire home/apt,1.0,1.0,1.0,undefined,32,False,,False,6812.0,363,41.90407485146903,-87.63105172850926,Chicago
1164709347357119019,358.0,2,Entire home/apt,1.0,1.0,1.0,undefined,32,False,,False,6812.0,363,41.93874599203656,-87.65178183010609,Chicago
1164712089989677950,545.0,2,Entire home/apt,1.0,1.0,1.0,undefined,32,False,,False,6812.0,363,41.8918,-87.62355,Chicago
1164713107492830887,545.0,2,Entire home/apt,1.0,1.0,1.0,undefined,32,False,,False,6812.0,363,41.89171704646933,-87.62343043204328,Chicago
1164721965012811273,496.0,2,Entire home/apt,1.0,1.0,1.0,undefined,32,False,,False,6812.0,363,41.87799,-87.63542,Chicago
1164726686322291151,152.0,6,Entire home/apt,3.0,3.0,1.0,undefined,2,False,4.92,True,4.0,364,41.72336996219282,-87.63712290763365,Chicago
1165119476351843082,172.0,2,Private room,1.0,1.0,2.0,undefined,1,False,4.67,True,6.0,88,41.8709,-87.68722,Chicago
1165464135788238690,154.0,5,Entire home/apt,2.0,2.0,1.0,undefined,32,False,5.0,,17.0,136,41.9188548806256,-87.7153305709362,Chicago
1165525450058075256,226.0,11,Entire home/apt,2.0,8.0,2.0,undefined,1,False,4.94,True,11.0,352,41.917777,-87.6876334,Chicago
1165544272974349235,242.0,11,Entire home/apt,2.0,8.0,2.0,undefined,1,False,4.92,True,11.0,354,41.917777,-87.6876334,Chicago
1165548973227194772,333.0,9,Entire home/apt,2.0,6.0,2.0,undefined,1,False,4.98,True,11.0,351,41.917777,-87.6876334,Chicago
1166135605071900739,75.0,2,Private room,1.0,0.0,1.0,undefined,32,False,5.0,True,30.0,150,41.91695386341982,-87.69791407701922,Chicago
1166149640716608112,66.0,1,Private room,1.0,0.0,1.0,undefined,32,False,5.0,True,30.0,81,41.91712075961482,-87.69824875873186,Chicago
1166271683575199860,382.0,6,Entire home/apt,3.0,6.0,1.0,undefined,2,False,5.0,False,31.0,205,41.94868,-87.65657,Chicago
1166652156282027401,50.0,2,Private room,1.0,1.0,1.0,undefined,2,True,4.69,False,8.0,326,41.96871207304351,-87.72275614797948,Chicago
1166723949805399901,364.0,9,Entire home/apt,4.0,6.0,2.0,undefined,32,False,4.98,True,1.0,311,41.9128293,-87.693654,Chicago
1166841338338511140,1164.0,16,Entire home/apt,6.0,12.0,2.0,undefined,2,False,4.67,False,31.0,200,41.95027027391348,-87.65829868650002,Chicago
1166929843701965522,141.0,2,Entire home/apt,1.0,1.0,1.0,undefined,2,False,4.68,True,20.0,252,41.96779153429518,-87.65771550929566,Chicago
1167298518190681777,160.0,4,Entire home/apt,2.0,2.0,1.0,undefined,34,False,,False,1.0,214,41.9143421759989,-87.67194023517986,Chicago
1167493923468975313,203.0,6,Entire home/apt,2.0,3.0,1.0,undefined,2,False,4.91,True,1.0,121,41.90966810142246,-87.67126860173063,Chicago
1167527918610140509,157.0,5,Entire home/apt,2.0,2.0,2.0,undefined,32,True,5.0,True,3.0,171,41.92625824796594,-87.64351801366016,Chicago
1167624516290995434,231.0,2,Entire home/apt,1.0,1.0,1.0,undefined,32,False,,False,6812.0,363,41.77344684569791,-87.74169936211167,Chicago
1167644657816147016,414.0,2,Entire home/apt,1.0,1.0,1.0,undefined,32,False,,False,6812.0,363,41.88463,-87.64423,Chicago
1167853954401214151,242.0,2,Entire home/apt,1.0,1.0,1.0,undefined,32,True,,False,,127,41.89052,-87.63596,Chicago
1167936653963501167,153.0,4,Entire home/apt,2.0,2.0,1.0,undefined,3,False,5.0,False,1.0,240,41.93801912439999,-87.71238058087955,Chicago
1168129114097599974,125.0,3,Entire home/apt,1.0,2.0,1.0,undefined,2,False,4.93,True,1.0,352,41.90634715216776,-87.69062352741163,Chicago
1168544322595733108,269.0,12,Entire home/apt,4.0,4.0,2.0,undefined,1,False,4.86,True,2.0,355,41.84260965325152,-87.63209112487964,Chicago
1168591213235909378,198.0,2,Entire home/apt,1.0,1.0,1.0,undefined,32,True,,False,,118,41.9839704,-87.655453,Chicago
1168734348059540330,52.0,1,Private room,1.0,1.0,2.0,undefined,32,False,5.0,,54.0,172,41.8702355679041,-87.68583044913575,Chicago
1168831207952841901,189.0,6,Entire home/apt,3.0,4.0,2.0,undefined,2,False,4.91,False,12.0,7,41.96034600000001,-87.68838919999999,Chicago
1168980224626915303,247.0,4,Entire home/apt,2.0,2.0,1.0,undefined,1,False,4.84,,70.0,239,41.88517571627106,-87.65707625204506,Chicago
1169111539991735424,144.0,4,Entire home/apt,2.0,2.0,1.0,undefined,1,False,4.9,False,2.0,252,41.7755,-87.59761,Chicago
1169119458882257433,195.0,6,Entire home/apt,3.0,3.0,2.0,undefined,2,False,4.93,True,1.0,163,41.85041,-87.63165,Chicago
1169687969849617663,758.0,6,Entire home/apt,3.0,3.0,2.5,undefined,3,False,5.0,True,3.0,67,41.88171429424044,-87.6479524012492,Chicago
1169744339547805268,115.0,4,Entire home/apt,2.0,0.0,1.0,undefined,32,True,5.0,True,2.0,356,41.93109,-87.68631,Chicago
1170212450535569268,405.0,4,Entire home/apt,2.0,2.0,2.5,undefined,2,False,4.89,True,1.0,21,41.912854436504325,-87.65140803791695,Chicago
1170373207425024883,128.0,3,Entire home/apt,2.0,2.0,1.0,undefined,2,False,5.0,True,1.0,11,41.77503046553322,-87.59369501166117,Chicago
1171116617825180896,135.0,4,Entire home/apt,2.0,2.0,1.0,undefined,2,False,4.84,True,3.0,297,41.89081,-87.66279,Chicago
1171129399780848890,117.0,4,Entire home/apt,2.0,2.0,1.0,undefined,2,False,4.95,True,3.0,336,41.89081,-87.66279,Chicago
1171135921176467851,124.0,4,Entire home/apt,2.0,2.0,2.0,undefined,2,False,4.85,True,3.0,325,41.89053,-87.67997,Chicago
1171212012131193677,300.0,6,Entire home/apt,3.0,4.0,2.0,undefined,32,False,,False,2.0,269,41.81319,-87.62038,Chicago
1171293397969931382,183.0,4,Entire home/apt,2.0,2.0,1.0,undefined,3,True,4.85,True,6.0,334,41.89336,-87.69281,Chicago
1171783803149539215,170.0,5,Entire home/apt,2.0,2.0,2.0,undefined,1,False,4.83,True,1.0,62,41.895424,-87.666423,Chicago
1171820061975553445,224.0,6,Entire home/apt,4.0,3.0,2.0,undefined,1,False,4.78,False,12.0,84,41.94400820856835,-87.81373114912853,Chicago
1171860161456702821,150.0,3,Entire home/apt,1.0,1.0,1.0,undefined,32,False,,True,131.0,249,41.8865939,-87.63140659999999,Chicago
1171864318472303697,124.0,2,Private room,0.0,1.0,1.0,undefined,1,True,4.86,,7.0,331,41.8729842,-87.62717959999999,Chicago
1172064149243230997,129.0,4,Entire home/apt,2.0,2.0,1.0,undefined,1,False,4.7,False,1.0,256,41.8992459440175,-87.75492863350294,Chicago
1172448479967202493,117.0,5,Entire home/apt,1.0,2.0,1.0,undefined,1,True,4.95,True,5.0,232,41.9443229,-87.7239978,Chicago
1172589678633917646,93.0,2,Private room,1.0,0.0,1.0,undefined,1,False,4.6,False,31.0,205,41.95035,-87.65819,Chicago
1172611872037083836,93.0,2,Private room,1.0,0.0,1.0,undefined,1,False,4.76,False,31.0,206,41.94863862619235,-87.65806163511259,Chicago
1172716975655760218,80.0,6,Entire home/apt,3.0,3.0,2.0,undefined,32,True,3.0,False,1.0,270,41.77716,-87.76376,Chicago
1173174489449142817,92.0,6,Entire home/apt,2.0,2.0,2.0,undefined,2,False,4.92,False,2.0,331,41.856277736817695,-87.68443239591241,Chicago
1173542396433869048,63.0,6,Entire home/apt,1.0,3.0,1.0,undefined,1,False,4.5,False,2.0,258,41.84831,-87.73419,Chicago
1173569964400985712,150.0,2,Entire home/apt,0.0,1.0,1.0,undefined,32,False,5.0,False,235.0,364,41.90183676627954,-87.634259176903,Chicago
1173573439286859936,97.0,2,Entire home/apt,0.0,1.0,1.0,undefined,32,False,4.0,False,235.0,363,41.903118845550615,-87.6327795368991,Chicago
1173575314537703662,128.0,2,Entire home/apt,0.0,1.0,1.0,undefined,32,False,,False,235.0,364,41.90277410874015,-87.63249761702843,Chicago
1173682747622945664,426.0,8,Entire home/apt,3.0,3.0,2.5,undefined,3,True,4.76,False,51.0,166,41.89622,-87.63918,Chicago
1174520468535136028,206.0,4,Entire home/apt,2.0,2.0,1.0,undefined,32,False,5.0,True,5.0,195,41.857199188948734,-87.651153579943,Chicago
1174749677990231644,193.0,5,Entire home/apt,0.0,2.0,1.0,undefined,1,True,5.0,False,6.0,363,41.989787712676325,-87.69612154357498,Chicago
1174773266549010994,232.0,5,Entire home/apt,2.0,3.0,1.5,undefined,2,False,4.62,False,2.0,252,41.96713498654895,-87.6576108112775,Chicago
1174791271548424017,76.0,3,Entire home/apt,2.0,2.0,1.0,undefined,1,False,4.3,False,1.0,350,41.78350935688125,-87.65169734965174,Chicago
1174809514017559735,66.0,2,Entire home/apt,0.0,1.0,1.0,undefined,32,True,5.0,True,5.0,170,41.95293909999999,-87.7277433,Chicago
1175331937939237329,174.0,5,Entire home/apt,0.0,3.0,0.0,undefined,1,True,2.0,False,6.0,365,41.9902115,-87.69510919999999,Chicago
1175385059300754589,121.0,2,Entire home/apt,0.0,1.0,1.0,undefined,32,False,,False,235.0,289,41.901753235290485,-87.63243774052172,Chicago
1175455652908205361,123.0,4,Entire home/apt,1.0,1.0,1.5,undefined,2,True,4.93,False,3.0,125,41.99462644653763,-87.70612578792525,Chicago
1175468107964404574,155.0,2,Entire home/apt,0.0,1.0,1.0,undefined,8,False,5.0,False,1.0,26,41.97542680720517,-87.66428228387076,Chicago
1175645487617354671,135.0,4,Entire home/apt,2.0,2.0,2.0,undefined,2,False,4.6,False,1.0,31,41.93068,-87.64164,Chicago
1175799470850394421,418.0,14,Entire home/apt,6.0,9.0,3.0,undefined,1,False,5.0,True,6.0,283,41.9268,-87.76008,Chicago
1176034585835911731,588.0,2,Entire home/apt,1.0,1.0,1.0,undefined,32,False,,False,6812.0,363,41.90018181125725,-87.62724599678239,Chicago
1176138282272676075,120.0,2,Entire home/apt,0.0,1.0,1.0,undefined,32,False,,False,235.0,311,41.90227405605965,-87.63427315423085,Chicago
1176353461992593693,90.0,2,Private room,1.0,2.0,1.0,undefined,1,False,5.0,False,1.0,352,42.01935708335374,-87.68034436556944,Chicago
1176425778789011217,179.0,4,Entire home/apt,2.0,3.0,1.0,undefined,2,False,5.0,True,1.0,346,41.8201076,-87.6123453,Chicago
1176785265840612006,191.0,6,Entire home/apt,3.0,3.0,1.5,undefined,2,False,4.85,True,11.0,168,41.85163,-87.63702,Chicago
1176815219482768355,229.0,4,Entire home/apt,2.0,2.0,1.0,undefined,2,False,4.93,True,4.0,58,41.93591,-87.66479,Chicago
1176914790334121908,176.0,4,Entire home/apt,1.0,1.0,1.0,undefined,32,False,5.0,True,94.0,348,41.88678,-87.62054,Chicago
1176970413584165207,176.0,4,Entire home/apt,2.0,2.0,2.0,undefined,32,False,,,2.0,87,41.91934,-87.7154,Chicago
1177042184948176660,237.0,4,Entire home/apt,2.0,2.0,1.0,undefined,1,False,,False,1.0,98,41.96113703124188,-87.7124603892426,Chicago
1177054120411485934,384.0,10,Entire home/apt,3.0,6.0,2.5,undefined,2,True,4.93,True,3.0,347,41.89507770730137,-87.65758062571695,Chicago
1177199560937607158,287.0,6,Entire home/apt,3.0,3.0,2.0,undefined,32,False,5.0,True,8.0,363,41.85858418180203,-87.64603167772293,Chicago
1177486460390656602,122.0,2,Entire home/apt,0.0,1.0,1.0,undefined,1,True,4.67,,7.0,311,41.87298,-87.62718,Chicago
1177590252386086506,456.0,2,Entire home/apt,1.0,1.0,1.0,undefined,32,False,,False,6812.0,363,41.89058564019805,-87.63035257550325,Chicago
1177841736211622759,415.0,6,Entire home/apt,3.0,0.0,1.0,undefined,7,True,4.83,True,10.0,115,41.9491802,-87.6553555,Chicago
1177850015319840672,220.0,5,Entire home/apt,2.0,3.0,2.0,undefined,2,False,4.97,True,1.0,235,41.9417677,-87.6659598,Chicago
1177977974959278722,66.0,4,Entire home/apt,2.0,2.0,2.0,undefined,32,True,1.0,False,18.0,219,42.0146897,-87.6694381,Chicago
1178330790845470924,361.0,2,Entire home/apt,1.0,1.0,1.0,undefined,32,False,,False,6812.0,363,41.8923,-87.62227,Chicago
1178336340243132034,355.0,2,Entire home/apt,1.0,1.0,1.0,undefined,32,False,,False,6812.0,363,41.90519,-87.62749,Chicago
1178384535634511902,85.0,1,Private room,1.0,1.0,1.0,undefined,32,False,5.0,True,2.0,357,41.89723,-87.63238,Chicago
1178447672528248553,446.0,12,Entire home/apt,4.0,5.0,2.0,undefined,1,True,4.97,True,7.0,319,41.9799605,-87.6700987,Chicago
1178491507288957995,62.0,2,Entire home/apt,0.0,1.0,1.0,undefined,32,True,5.0,True,5.0,63,41.95238,-87.72887,Chicago
1178573140043146034,80.0,2,Entire home/apt,1.0,1.0,1.0,undefined,32,False,,False,3.0,324,41.9076133,-87.66545289999999,Chicago
1178922259314190458,240.0,12,Entire home/apt,4.0,6.0,2.0,undefined,2,True,5.0,True,105.0,318,41.91406677635192,-87.63417227998049,Chicago
1178979281510017157,55.0,2,Private room,1.0,1.0,1.5,undefined,1,False,4.92,True,4.0,236,41.92779400802092,-87.7414662504826,Chicago
1179622713094007912,116.0,4,Entire home/apt,2.0,2.0,1.0,undefined,32,False,4.0,True,3.0,317,41.94046,-87.71852,Chicago
1179624269358639094,156.0,2,Entire home/apt,1.0,1.0,1.0,undefined,32,False,,False,3.0,269,41.96351680703766,-87.66130674165065,Chicago
1179958616840295822,70.0,2,Private room,1.0,2.0,2.0,undefined,32,True,4.4,False,74.0,332,41.80367,-87.60335,Chicago
1180061530113518450,129.0,6,Entire home/apt,3.0,3.0,1.0,undefined,2,False,4.93,True,4.0,256,41.8414486,-87.6563673,Chicago
1180537400373372963,127.0,6,Entire home/apt,2.0,2.0,1.0,undefined,2,False,4.12,False,75.0,106,41.8949139,-87.6683451,Chicago
1180644052778108025,153.0,4,Entire home/apt,2.0,3.0,2.0,undefined,1,False,5.0,False,1.0,358,41.80367739044944,-87.6179104875342,Chicago
1180716379249252357,702.0,12,Entire home/apt,4.0,6.0,3.0,undefined,2,True,4.99,False,12.0,262,41.89862,-87.63109,Chicago
1180793120540734658,153.0,2,Entire home/apt,1.0,1.0,1.0,undefined,32,False,5.0,True,23.0,171,41.881383891642336,-87.65406647208398,Chicago
1181724551388053005,102.0,3,Entire home/apt,0.0,1.0,1.0,undefined,32,False,5.0,,46.0,326,41.9020661,-87.63330859999999,Chicago
1181733852889324691,132.0,4,Entire home/apt,0.0,1.0,1.0,undefined,32,False,3.67,False,13.0,262,41.9020661,-87.63330859999999,Chicago
1181807799054691451,628.0,8,Entire home/apt,4.0,6.0,2.5,undefined,2,True,4.91,True,136.0,327,41.87646,-87.65555,Chicago
1181850152529593353,165.0,3,Entire home/apt,2.0,3.0,1.0,undefined,30,False,4.17,False,1.0,360,41.9377,-87.69786,Chicago
1181970124024788797,166.0,4,Entire home/apt,2.0,2.0,2.0,undefined,2,False,4.93,False,12.0,0,41.936558,-87.6836639,Chicago
1181985609197790474,141.0,2,Entire home/apt,1.0,1.0,1.0,undefined,1,False,4.97,True,5.0,304,41.95405355122235,-87.72666236058207,Chicago
1182546733589880861,54.0,2,Private room,1.0,1.0,1.5,undefined,1,False,4.86,True,4.0,240,41.92840722695362,-87.74135619155744,Chicago
1182654447323220966,604.0,2,Entire home/apt,1.0,1.0,1.0,undefined,32,False,,False,6812.0,363,41.88598551892797,-87.62548080269224,Chicago
1182773487060812177,158.0,5,Entire home/apt,2.0,2.0,1.0,undefined,32,False,3.0,False,2.0,176,41.77639596370575,-87.60386644127111,Chicago
1183324802752183235,54.0,2,Private room,1.0,1.0,1.5,undefined,1,False,4.86,True,4.0,237,41.92792,-87.74136,Chicago
1183350880756770064,70.0,2,Private room,1.0,1.0,1.0,undefined,32,False,4.5,True,30.0,170,41.91717,-87.69797,Chicago
1183385480912614826,76.0,2,Private room,1.0,1.0,1.5,undefined,1,False,4.72,False,4.0,114,41.84478242769941,-87.65364422804902,Chicago
1183388043392796826,645.0,2,Entire home/apt,1.0,1.0,1.0,undefined,32,False,,False,6812.0,363,41.94309695558537,-87.64640237266137,Chicago
1183396285495400449,312.0,2,Entire home/apt,1.0,1.0,1.0,undefined,32,False,,False,6812.0,363,41.89098,-87.63245,Chicago
1183755262465806774,98.0,4,Entire home/apt,2.0,2.0,1.0,undefined,32,False,5.0,False,4.0,325,41.79768395119388,-87.60210395897677,Chicago
1184674217834550978,162.0,5,Entire home/apt,2.0,3.0,1.5,undefined,1,False,5.0,False,4.0,201,41.94485770000001,-87.6496542,Chicago
1184682385979694038,143.0,3,Entire home/apt,1.0,1.0,1.0,undefined,30,False,5.0,True,3.0,327,41.9165869,-87.7002393,Chicago
1184982048094616392,175.0,4,Entire home/apt,1.0,4.0,1.0,undefined,1,True,4.63,False,38.0,186,41.8968076,-87.6317062,Chicago
1185468785689578758,72.0,6,Entire home/apt,2.0,2.0,1.0,undefined,3,True,4.68,False,1.0,69,41.8474022,-87.69760029999999,Chicago
1185531658312016959,120.0,2,Entire home/apt,1.0,1.0,1.0,undefined,2,False,5.0,True,1.0,165,41.98463030000001,-87.72940419999999,Chicago
1185969919284620127,141.0,6,Entire home/apt,1.0,4.0,1.5,undefined,1,True,4.8,False,38.0,176,41.8906099,-87.6274688,Chicago
1186232175008545351,361.0,2,Entire home/apt,1.0,1.0,1.0,undefined,32,False,,False,6812.0,363,41.89338,-87.62309,Chicago
1186317663826469533,142.0,5,Entire home/apt,2.0,3.0,1.0,undefined,2,False,4.83,True,2.0,255,41.893738297931776,-87.66318896167004,Chicago
1186326703838117356,108.0,4,Entire home/apt,1.0,2.0,1.0,undefined,2,False,4.64,False,1.0,57,42.00704259650456,-87.66242096925123,Chicago
1186874129636266134,90.0,8,Entire home/apt,3.0,4.0,1.0,undefined,2,True,4.81,True,1.0,172,41.813408934618906,-87.61305675128581,Chicago
1186945741466862382,563.0,14,Entire home/apt,3.0,0.0,3.0,undefined,2,False,4.92,True,41.0,100,41.89352,-87.63408,Chicago
1187008304090317710,109.0,1,Private room,1.0,1.0,0.5,undefined,32,True,,False,4.0,365,41.894852129153634,-87.66233871478421,Chicago
1187166262008042274,289.0,6,Entire home/apt,2.0,2.0,2.0,undefined,32,False,5.0,True,6.0,351,41.89687,-87.63122,Chicago
1187323106722833354,334.0,16,Entire home/apt,5.0,9.0,2.0,undefined,1,True,4.89,True,26.0,347,41.74894166532765,-87.65687260265986,Chicago
1187734006630743456,150.0,6,Entire home/apt,2.0,2.0,1.0,undefined,2,True,5.0,True,6.0,305,41.89156,-87.69015,Chicago
1187786039419561437,136.0,1,Private room,1.0,1.0,1.0,undefined,2,False,5.0,True,4.0,261,41.97625,-87.69828,Chicago
1187795053550605866,136.0,1,Private room,1.0,1.0,1.0,undefined,2,False,5.0,True,4.0,261,41.97737,-87.6987,Chicago
1187850325381444170,136.0,1,Private room,1.0,1.0,1.0,undefined,2,False,,True,4.0,261,41.97660289822833,-87.69805623792489,Chicago
1188521402758883638,122.0,5,Entire home/apt,3.0,3.0,1.0,undefined,3,True,4.74,False,2.0,256,41.79535,-87.6283,Chicago
1188779991512614775,136.0,7,Entire home/apt,3.0,1.0,1.0,undefined,32,False,,False,13.0,325,41.78233186015749,-87.60743849532759,Chicago
1189490561000923733,251.0,6,Entire home/apt,3.0,3.0,1.5,undefined,2,False,4.8,False,1.0,176,41.8747777,-87.6873822,Chicago
1189610380448748829,572.0,2,Entire home/apt,1.0,1.0,1.0,undefined,32,False,,False,6812.0,363,41.85326833205396,-87.62178081638115,Chicago
1189812174067488287,369.0,2,Entire home/apt,1.0,2.0,1.0,undefined,32,False,,False,6812.0,363,41.90950385202641,-87.66802408979765,Chicago
1189820787975334862,391.0,2,Entire home/apt,1.0,1.0,1.0,undefined,32,False,,False,6812.0,363,41.86946,-87.6305,Chicago
1189933380044278062,130.0,3,Private room,1.0,1.0,1.0,undefined,1,False,5.0,False,3.0,360,41.90408,-87.69093,Chicago
1189965613750426654,176.0,3,Entire home/apt,1.0,1.0,1.0,undefined,1,False,,False,3.0,362,41.90391681929872,-87.69121695063815,Chicago
1190407639745341020,423.0,2,Entire home/apt,1.0,1.0,1.0,undefined,32,False,,False,6812.0,363,41.89475,-87.6255,Chicago
1190408608962388819,531.0,2,Entire home/apt,1.0,1.0,1.0,undefined,32,False,,False,6812.0,363,41.881195673049625,-87.63322709195943,Chicago
1190560155716049137,45.0,2,Private room,1.0,1.0,1.0,undefined,32,True,5.0,True,7.0,325,41.78253253596365,-87.72505659610033,Chicago
1191246416593359551,312.0,2,Entire home/apt,1.0,1.0,1.0,undefined,32,False,,False,6812.0,363,41.885207022031366,-87.66450687691788,Chicago
1191247354811750364,412.0,2,Entire home/apt,1.0,1.0,1.0,undefined,32,False,,False,6812.0,363,41.87725,-87.62966,Chicago
1191308491132038875,358.0,2,Entire home/apt,1.0,1.0,1.0,undefined,32,False,,False,1.0,364,41.88576173229559,-87.61707512208451,Chicago
1191364994321441616,335.0,9,Entire home/apt,3.0,8.0,2.5,undefined,2,False,4.83,True,1.0,323,41.7998305,-87.6165759,Chicago
1191477557717477034,100.0,1,Private room,1.0,1.0,1.0,undefined,32,False,4.0,False,6.0,355,41.796612951175945,-87.60427956800335,Chicago
1191498454641959896,77.0,1,Private room,1.0,1.0,1.0,undefined,2,False,4.25,False,6.0,323,41.80476897830757,-87.62136301539431,Chicago
1191516191974132814,291.0,14,Entire home/apt,5.0,7.0,2.0,undefined,3,False,4.91,True,8.0,347,41.70924322791007,-87.62865196913481,Chicago
1191530104316939552,168.0,6,Entire home/apt,3.0,3.0,2.0,undefined,2,False,4.76,True,13.0,81,41.97368,-87.76927,Chicago
1191613322716561502,484.0,7,Entire home/apt,3.0,4.0,1.0,undefined,32,True,5.0,True,10.0,352,41.89554430918896,-87.70909778773785,Chicago
1191668528119657540,87.0,2,Private room,1.0,1.0,1.0,undefined,2,False,5.0,True,1.0,32,41.87865,-87.68507,Chicago
1191914838320995009,301.0,3,Entire home/apt,0.0,1.0,1.5,undefined,32,False,,False,3.0,365,41.87584,-87.65744,Chicago
1192000436788119736,103.0,4,Entire home/apt,2.0,2.0,1.0,undefined,3,False,4.87,True,1.0,340,41.96501,-87.77131,Chicago
1192168329311096773,159.0,6,Entire home/apt,3.0,3.0,2.0,undefined,2,False,4.7,True,13.0,80,41.97286,-87.76914,Chicago
1192178987295897821,129.0,2,Private room,1.0,1.0,2.0,undefined,1,True,4.44,False,7.0,58,41.9449721,-87.6491738,Chicago
1192207631561440952,112.0,2,Private room,1.0,1.0,2.0,undefined,1,True,4.54,False,7.0,55,41.9449721,-87.6491738,Chicago
1192229017660115556,557.0,10,Private room,4.0,4.0,2.0,undefined,1,True,4.88,False,7.0,34,41.9449721,-87.6491738,Chicago
1192442648043902360,107.0,6,Entire home/apt,2.0,1.0,1.0,undefined,3,False,5.0,True,1.0,261,41.97432644965711,-87.84421025730842,Chicago
1192646646796887744,140.0,4,Entire home/apt,2.0,2.0,2.0,undefined,30,False,4.5,False,4.0,61,41.89924392676679,-87.68197968955799,Chicago
1192868740249903542,151.0,5,Entire home/apt,3.0,3.0,1.0,undefined,32,False,4.5,False,2.0,165,41.938666,-87.66347259999999,Chicago
1192930728237151735,276.0,10,Entire home/apt,3.0,4.0,2.5,undefined,1,True,4.89,True,1.0,357,41.9547098,-87.72815399999999,Chicago
1193484948844154304,262.0,12,Entire home/apt,5.0,8.0,2.5,undefined,1,False,4.43,False,1.0,357,41.75589321472038,-87.55696692022028,Chicago
1193501979076294291,126.0,4,Entire home/apt,0.0,1.0,1.0,undefined,2,True,4.9,,6.0,68,42.00704781434404,-87.66933322096256,Chicago
1194193835752624433,236.0,4,Entire home/apt,1.0,2.0,1.5,undefined,2,False,4.95,True,43.0,131,41.91009161822196,-87.63311006136959,Chicago
1194919262587819189,278.0,8,Entire home/apt,3.0,4.0,2.0,undefined,32,False,5.0,False,4.0,89,41.9392203,-87.6645114,Chicago
1195757713686538381,159.0,5,Entire home/apt,2.0,3.0,1.0,undefined,2,True,4.96,,2.0,26,41.841039282809774,-87.65355795621872,Chicago
1195979527572094867,90.0,4,Entire home/apt,2.0,4.0,1.0,undefined,32,True,5.0,False,2.0,286,41.9126684,-87.6955723,Chicago
1196235749717575357,174.0,5,Entire home/apt,2.0,2.0,1.0,undefined,3,False,4.78,,26.0,231,41.89251942904021,-87.6730314599161,Chicago
1196528755838168029,310.0,8,Entire home/apt,3.0,4.0,2.5,undefined,2,False,4.77,True,3.0,245,41.80805797976078,-87.61862608897718,Chicago
1196539014523194979,96.0,2,Private room,1.0,1.0,1.5,undefined,1,False,5.0,False,5.0,262,42.0148634303757,-87.68887990829954,Chicago
1196650061502631189,293.0,6,Entire home/apt,3.0,3.0,1.5,undefined,1,False,5.0,False,1.0,361,41.81702,-87.61414,Chicago
1197000889986632681,210.0,4,Entire home/apt,2.0,2.0,2.0,undefined,32,True,,False,,88,41.9839704,-87.655453,Chicago
1197001222331544647,388.0,6,Entire home/apt,3.0,3.0,2.0,undefined,32,True,,False,,298,41.8952397,-87.6551692,Chicago
1197172171044696462,269.0,6,Entire home/apt,2.0,2.0,1.0,undefined,2,False,5.0,True,1.0,222,41.95592,-87.65123,Chicago
1197251268058245665,200.0,3,Entire home/apt,1.0,1.0,1.0,undefined,1,False,4.6,False,3.0,189,41.94959078443699,-87.64645021334773,Chicago
1197805393287997768,63.0,2,Private room,1.0,1.0,1.0,undefined,32,True,5.0,True,2.0,353,42.02195,-87.66996,Chicago
1198219892005588882,99.0,4,Entire home/apt,2.0,2.0,1.0,undefined,32,True,,True,4.0,89,41.8001,-87.68603,Chicago
1198597564115522495,80.0,1,Private room,1.0,1.0,1.0,undefined,1,False,5.0,False,1.0,171,41.84858,-87.70134,Chicago
1199167633348200746,143.0,4,Entire home/apt,2.0,2.0,2.5,undefined,3,False,4.62,False,2.0,346,41.80430302827682,-87.61824405894258,Chicago
1199219339601928366,124.0,5,Entire home/apt,2.0,2.0,1.0,undefined,1,True,4.54,False,1.0,343,41.91914,-87.63856,Chicago
1199435142053575351,150.0,5,Entire home/apt,3.0,3.0,1.0,undefined,32,False,,False,2.0,340,41.93788238137233,-87.66292776919624,Chicago
1199445046000351425,120.0,2,Entire home/apt,0.0,1.0,1.0,undefined,1,False,4.93,True,30.0,238,41.94542,-87.65902,Chicago
1199874863247153916,335.0,5,Entire home/apt,2.0,2.0,2.0,undefined,32,False,,False,3.0,364,41.89142300898839,-87.61812910845329,Chicago
1200085557958250226,179.0,8,Entire home/apt,3.0,5.0,2.5,undefined,1,False,4.92,False,1.0,202,42.01858,-87.69731,Chicago
1200380574338172665,45.0,1,Private room,1.0,1.0,1.0,undefined,32,False,4.0,False,5.0,205,41.88110400183499,-87.66592665214587,Chicago
1200886904824204368,400.0,8,Entire home/apt,3.0,4.0,2.5,undefined,2,True,4.96,True,1.0,221,41.98308,-87.67047,Chicago
1200964969200798883,154.0,2,Entire home/apt,1.0,1.0,1.0,undefined,32,False,5.0,False,2.0,359,41.95575,-87.67379,Chicago
1201364107525793133,116.0,4,Entire home/apt,2.0,2.0,1.0,undefined,32,True,4.29,False,376.0,357,41.822589452405154,-87.60386518160081,Chicago
1201410464132287220,250.0,8,Entire home/apt,3.0,4.0,2.0,undefined,1,True,4.8,False,3.0,42,41.939636841918215,-87.65809574232787,Chicago
1201579072736346621,105.0,2,Entire home/apt,1.0,1.0,1.0,undefined,1,True,4.83,True,6.0,332,41.84689279191633,-87.71731005886875,Chicago
1202209908264039499,137.0,5,Entire home/apt,3.0,4.0,1.0,undefined,2,False,4.88,True,1.0,354,41.93404610298903,-87.74947523790455,Chicago
1202360537890221799,87.0,2,Private room,1.0,1.0,2.5,undefined,3,True,4.5,False,11.0,312,41.80157,-87.59822,Chicago
1202916885760942193,155.0,3,Entire home/apt,2.0,2.0,1.0,undefined,1,False,4.98,True,11.0,162,41.95018779337024,-87.7038007100922,Chicago
1202927317050748533,344.0,6,Entire home/apt,3.0,4.0,2.0,undefined,5,False,4.88,True,1.0,341,41.89742707799268,-87.6565884674162,Chicago
1203002360255065556,181.0,3,Entire home/apt,1.0,1.0,1.0,undefined,2,False,5.0,True,1.0,319,41.867971,-87.6838935,Chicago
1203567265539520313,101.0,2,Entire home/apt,1.0,1.0,1.0,undefined,1,True,4.98,,14.0,328,41.94622204729911,-87.65835270398594,Chicago
1204357593871782506,217.0,8,Entire home/apt,3.0,4.0,2.0,undefined,1,False,4.86,True,2.0,352,41.90926,-87.67348,Chicago
1204510505674819336,130.0,6,Entire home/apt,2.0,3.0,3.5,undefined,32,True,4.86,False,376.0,230,41.966679,-87.7327911,Chicago
1204852329083845183,237.0,6,Entire home/apt,2.0,3.0,2.0,undefined,2,False,5.0,True,44.0,330,41.88146,-87.659,Chicago
1205235833202489390,115.0,4,Entire home/apt,2.0,3.0,1.0,undefined,32,False,4.67,True,8.0,241,41.9114978,-87.77251860000001,Chicago
1205315754796137350,163.0,5,Entire home/apt,2.0,2.0,1.0,undefined,2,False,5.0,True,1.0,67,41.83483050226861,-87.65553687165992,Chicago
1205530481628380351,275.0,9,Entire home/apt,3.0,3.0,2.0,undefined,3,False,5.0,True,11.0,349,41.94637,-87.79736,Chicago
1205570267388793496,151.0,7,Entire home/apt,3.0,3.0,2.0,undefined,2,True,4.55,False,15.0,76,41.94011,-87.72659,Chicago
1205587258991190355,143.0,5,Entire home/apt,3.0,3.0,1.0,undefined,2,False,4.7,False,15.0,84,41.94217748543526,-87.73035888575218,Chicago
1206498607438687935,117.0,4,Entire home/apt,0.0,1.0,1.0,undefined,32,False,4.67,,46.0,329,41.9020661,-87.63330859999999,Chicago
1206504177717764336,136.0,4,Entire home/apt,0.0,2.0,1.0,undefined,32,False,5.0,,46.0,364,41.9020661,-87.63330859999999,Chicago
1206531184528527121,491.0,10,Entire home/apt,3.0,8.0,2.0,undefined,2,False,4.86,True,41.0,72,41.900907,-87.62803269999999,Chicago
1206552724640053896,356.0,12,Entire home/apt,5.0,6.0,4.0,undefined,1,True,4.9,False,1.0,206,41.92768953681507,-87.74517340614324,Chicago
1207203815797450338,144.0,4,Entire home/apt,2.0,2.0,2.5,undefined,3,False,4.9,False,2.0,337,41.80499511346596,-87.61796299446657,Chicago
1207453083945322670,99.0,3,Entire home/apt,3.0,3.0,2.0,undefined,4,False,4.42,False,12.0,205,41.87126837991023,-87.69657530500112,Chicago
1207930481503131257,316.0,6,Entire home/apt,2.0,3.0,1.0,undefined,1,False,4.55,True,8.0,357,41.94666885843453,-87.66884349297884,Chicago
1208219138452855306,106.0,4,Entire home/apt,1.0,2.0,1.0,undefined,2,True,4.8,True,2.0,254,41.8769,-87.72203,Chicago
1208739597401028550,213.0,5,Entire home/apt,3.0,3.0,2.0,undefined,2,False,5.0,True,1.0,330,41.947058176524685,-87.75303572416306,Chicago
1210218281193474583,95.0,3,Entire home/apt,3.0,3.0,1.5,undefined,32,False,4.75,False,12.0,290,41.87056,-87.69635,Chicago
1210387810528352462,96.0,1,Private room,1.0,1.0,2.0,undefined,32,True,5.0,True,10.0,262,41.896,-87.71036,Chicago
1210395745721629167,98.0,2,Private room,1.0,1.0,1.0,undefined,32,True,,True,10.0,358,41.89482627936109,-87.71031145059143,Chicago
1210400648490724122,90.0,3,Private room,1.0,1.0,1.0,undefined,32,True,,True,10.0,358,41.895568083765056,-87.70823611091606,Chicago
1210489367575239753,126.0,5,Entire home/apt,3.0,3.0,2.0,undefined,1,False,4.83,True,1.0,155,41.88588,-87.71167,Chicago
1210800698224795550,98.0,4,Entire home/apt,2.0,2.0,1.0,undefined,3,False,4.88,True,1.0,281,41.97498789613248,-87.71390578441105,Chicago
1210878421412159446,80.0,3,Entire home/apt,1.0,2.0,1.0,undefined,2,False,4.76,True,1.0,306,41.798201532512905,-87.74449275249135,Chicago
1210955531430109982,170.0,4,Entire home/apt,2.0,4.0,2.0,undefined,32,False,3.5,False,5.0,364,41.88562,-87.61717,Chicago
1211511328021974818,105.0,2,Entire home/apt,1.0,1.0,1.0,undefined,1,True,4.86,True,6.0,337,41.84698894427646,-87.71776173746632,Chicago
1211560870733786290,97.0,6,Entire home/apt,2.0,3.0,1.0,undefined,3,False,4.98,True,1.0,190,41.93912708597946,-87.71094013005495,Chicago
1211592925956138185,105.0,2,Entire home/apt,1.0,1.0,1.0,undefined,1,True,4.85,True,6.0,308,41.84489,-87.7171,Chicago
1211599774420591167,92.0,2,Private room,1.0,1.0,1.0,undefined,32,True,5.0,True,10.0,361,41.89484,-87.71059,Chicago
1211715862019537802,132.0,4,Entire home/apt,2.0,2.0,1.0,undefined,4,False,4.93,False,1.0,254,41.9344022,-87.7202303,Chicago
1211911135836478725,144.0,6,Entire home/apt,3.0,3.0,1.5,undefined,2,True,4.45,False,10.0,342,41.80583419317807,-87.62028982078009,Chicago
1212272687383953405,298.0,16,Entire home/apt,4.0,8.0,3.5,undefined,2,False,4.96,True,12.0,301,41.883037356266826,-87.67953002207706,Chicago
1212462194005093347,60.0,1,Private room,1.0,1.0,1.0,undefined,32,False,,True,51.0,364,41.85877424483431,-87.67087632867585,Chicago
1212634398719496921,255.0,10,Entire home/apt,2.0,8.0,2.0,undefined,2,True,4.95,True,2.0,353,41.8736766,-87.6881166,Chicago
1212764577801308328,116.0,6,Entire home/apt,3.0,3.0,1.0,undefined,2,False,4.75,True,3.0,76,41.78806669999999,-87.6202962,Chicago
1212821735461143898,241.0,6,Entire home/apt,2.0,2.0,1.5,undefined,32,False,,False,1.0,365,41.88989,-87.65753,Chicago
1212987385124252630,131.0,4,Entire home/apt,0.0,1.0,1.0,undefined,32,False,,False,13.0,359,41.90255119780964,-87.632370563694,Chicago
1213018764533137336,96.0,9,Entire home/apt,4.0,4.0,1.5,undefined,2,True,4.17,False,24.0,342,41.8652716,-87.6261962,Chicago
1213107577393556739,64.0,3,Entire home/apt,1.0,1.0,1.0,undefined,32,False,5.0,False,4.0,165,41.84624680314148,-87.61972095732968,Chicago
1213154320797914423,119.0,5,Entire home/apt,2.0,3.0,1.0,undefined,1,False,4.99,True,15.0,301,41.8337391,-87.65130119999999,Chicago
1213173099789144356,1340.0,16,Entire home/apt,9.0,13.0,8.0,undefined,2,False,5.0,True,136.0,362,41.88466,-87.65915,Chicago
1213173394548433552,2607.0,16,Entire home/apt,13.0,18.0,17.0,undefined,2,False,5.0,True,136.0,364,41.8846625,-87.659149,Chicago
1213250967653555357,266.0,8,Entire home/apt,3.0,4.0,2.5,undefined,2,False,5.0,True,1.0,109,41.8319,-87.62202,Chicago
1213393594702001064,238.0,5,Entire home/apt,3.0,2.0,2.0,undefined,4,True,5.0,False,1.0,92,41.84312191587271,-87.66086965799332,Chicago
1213708418245651857,204.0,4,Entire home/apt,2.0,0.0,2.0,undefined,32,True,,True,4.0,333,41.81629,-87.60624,Chicago
1213764143785719853,75.0,1,Private room,1.0,1.0,2.0,undefined,32,True,5.0,True,10.0,243,41.89613336264748,-87.70856560172777,Chicago
1213813759433092923,123.0,2,Private room,1.0,1.0,2.0,undefined,32,True,4.0,True,10.0,268,41.89648817655541,-87.70864863450349,Chicago
1214565773606585574,131.0,4,Entire home/apt,2.0,2.0,1.0,undefined,1,True,4.93,True,30.0,297,41.95203221618864,-87.66279858407353,Chicago
1215346838556093760,164.0,6,Entire home/apt,2.0,4.0,1.0,undefined,2,False,5.0,True,1.0,94,41.93107055801428,-87.7191465330994,Chicago
1216066414030840656,71.0,6,Entire home/apt,2.0,2.0,1.0,undefined,2,False,4.57,,8.0,172,41.79416229306042,-87.61781580312793,Chicago
1216112687123546438,133.0,6,Entire home/apt,2.0,3.0,2.0,undefined,32,False,4.9,True,1.0,327,41.960831,-87.7208405,Chicago
1216246970622330933,148.0,4,Entire home/apt,2.0,2.0,2.0,undefined,3,True,5.0,True,1.0,70,41.8736808,-87.6850061,Chicago
1216283554100869433,159.0,4,Entire home/apt,2.0,2.0,1.0,undefined,2,False,4.56,False,1.0,221,41.8942266,-87.680399,Chicago
1216622428620208404,267.0,4,Entire home/apt,1.0,2.0,1.0,undefined,2,False,4.88,True,1.0,82,41.9179,-87.63468,Chicago
1216728505930103508,176.0,6,Entire home/apt,3.0,3.0,2.0,undefined,32,True,5.0,False,2.0,365,41.94952909020251,-87.82691146347501,Chicago
1216902715409478251,305.0,10,Entire home/apt,2.0,4.0,2.0,undefined,2,True,5.0,,3.0,346,41.91928621901937,-87.68388284370303,Chicago
1216918926032218567,49.0,1,Private room,1.0,1.0,1.5,undefined,32,False,5.0,True,5.0,330,41.80103,-87.59954,Chicago
1217344668748617132,94.0,3,Private room,1.0,2.0,2.0,undefined,32,True,,True,10.0,259,41.89461812458765,-87.71029835552268,Chicago
1217345047976250357,71.0,1,Private room,1.0,1.0,2.0,undefined,32,True,5.0,True,10.0,253,41.89458,-87.70986,Chicago
1217411589197648262,136.0,4,Entire home/apt,0.0,1.0,1.0,undefined,32,False,5.0,False,13.0,354,41.90304981761823,-87.63361184198804,Chicago
1217433811041532322,135.0,4,Entire home/apt,0.0,1.0,1.0,undefined,32,False,4.0,False,13.0,333,41.90104,-87.63267,Chicago
1217444692115396552,246.0,8,Entire home/apt,4.0,4.0,2.5,undefined,32,False,5.0,True,7.0,83,41.87805093105325,-87.68210314536897,Chicago
1217481925605459589,104.0,6,Entire home/apt,2.0,3.0,3.0,undefined,2,False,4.85,True,74.0,333,41.85938396348421,-87.67293155433016,Chicago
1217555470994694442,48.0,1,Private room,1.0,1.0,1.0,undefined,1,False,5.0,False,43.0,5,41.98518,-87.66465,Chicago
1217602384160755413,196.0,6,Entire home/apt,3.0,3.0,2.0,undefined,2,False,4.85,True,1.0,162,41.85415723464625,-87.63540531929047,Chicago
1217603481855831878,743.0,12,Private room,5.0,5.0,3.0,undefined,1,True,,False,7.0,8,41.9449721,-87.6491738,Chicago
1218045240997219017,254.0,2,Hotel room,1.0,0.0,1.0,undefined,1,True,3.67,False,9702.0,318,41.89313,-87.62577,Chicago
1218123175118675141,399.0,6,Entire home/apt,3.0,3.0,1.0,undefined,2,False,5.0,False,1.0,357,41.85591246800415,-87.65352801427333,Chicago
1218157889915989458,252.0,4,Entire home/apt,2.0,2.0,2.5,undefined,3,False,4.8,False,1.0,362,41.81048782145053,-87.61638827665377,Chicago
1218275759223843622,204.0,4,Entire home/apt,2.0,2.0,1.5,undefined,1,True,4.0,False,1.0,357,41.8749657,-87.7208674,Chicago
1218872929115859796,612.0,4,Entire home/apt,2.0,2.0,2.0,undefined,32,False,4.93,True,6.0,123,41.92645,-87.63823,Chicago
1218982442246574718,166.0,6,Entire home/apt,3.0,3.0,2.0,undefined,1,False,4.83,True,6.0,238,41.86837,-87.68538,Chicago
1219107185760249516,2228.0,6,Entire home/apt,2.0,3.0,2.0,undefined,32,False,,False,1.0,365,41.88265809997458,-87.7038487046957,Chicago
1219472506168881276,174.0,2,Entire home/apt,0.0,1.0,1.0,undefined,32,True,,False,,257,41.9073653,-87.6379082,Chicago
1219472879308055303,234.0,2,Entire home/apt,1.0,1.0,1.0,undefined,32,True,,False,,209,41.9073653,-87.6379082,Chicago
1219473245786371692,219.0,2,Entire home/apt,1.0,1.0,1.0,undefined,32,True,3.0,False,,309,41.9073653,-87.6379082,Chicago
1219806346935494907,230.0,4,Entire home/apt,2.0,2.0,2.0,undefined,2,False,4.89,True,74.0,322,41.89134923378603,-87.63736975765825,Chicago
1220080193637105774,204.0,8,Entire home/apt,2.0,5.0,2.0,undefined,1,False,4.9,False,38.0,184,41.89373,-87.628916,Chicago
1220206401078560441,121.0,4,Entire home/apt,1.0,2.0,1.0,undefined,1,False,4.58,False,1.0,201,41.8700495862938,-87.77344548382013,Chicago
1220262939704175067,368.0,6,Entire home/apt,2.0,2.0,1.5,undefined,2,True,4.88,False,3.0,336,41.94521537351053,-87.65497728702913,Chicago
1220523535822233911,366.0,7,Entire home/apt,3.0,4.0,3.0,undefined,1,True,5.0,True,4.0,301,41.95716,-87.70762,Chicago
1221148688655004399,161.0,5,Entire home/apt,2.0,2.0,2.0,undefined,1,False,4.5,False,2.0,256,41.78204,-87.60917,Chicago
1221620722061193922,178.0,2,Entire home/apt,0.0,1.0,1.0,undefined,32,True,,False,,175,41.9073653,-87.6379082,Chicago
1221727041007039187,63.0,2,Private room,1.0,1.0,1.0,undefined,2,False,5.0,True,6.0,342,41.77416159769613,-87.61130184293735,Chicago
1221737599332037677,152.0,4,Entire home/apt,1.0,1.0,1.0,undefined,2,True,5.0,False,74.0,314,41.90799,-87.68868,Chicago
1221762224228770070,182.0,6,Entire home/apt,2.0,2.0,1.0,undefined,32,False,5.0,True,2.0,226,41.984037577058345,-87.79511817136459,Chicago
1221784785828959922,59.0,2,Private room,1.0,1.0,1.0,undefined,2,False,5.0,True,6.0,337,41.77394,-87.61168,Chicago
1221789554518051602,160.0,6,Entire home/apt,3.0,3.0,1.0,undefined,32,False,,False,2.0,365,41.86645,-87.7161,Chicago
1221792692307755340,761.0,10,Entire home/apt,4.0,5.0,2.0,undefined,1,False,,True,8.0,334,41.94715,-87.66942,Chicago
1221835495331969656,106.0,4,Entire home/apt,3.0,3.0,1.0,undefined,32,False,,False,1.0,365,41.77261659617839,-87.61122159917812,Chicago
1221860457498088713,109.0,2,Entire home/apt,0.0,1.0,1.0,undefined,1,False,4.93,,70.0,238,41.94776,-87.66473,Chicago
1221869675906474336,104.0,2,Entire home/apt,0.0,1.0,1.0,undefined,1,False,4.93,,70.0,202,41.945661266565445,-87.66378380114973,Chicago
1221937313660149521,316.0,12,Entire home/apt,6.0,6.0,2.0,undefined,2,True,4.0,True,13.0,75,41.991938202820336,-87.77703644941413,Chicago
1221949636493344370,209.0,7,Entire home/apt,2.0,0.0,2.0,undefined,1,True,4.69,False,38.0,187,41.88164,-87.6291,Chicago
1222022257557697586,170.0,7,Entire home/apt,3.0,4.0,1.0,undefined,2,False,4.94,True,1.0,105,41.79795188251721,-87.61984633533834,Chicago
1222071125481232178,54.0,2,Entire home/apt,0.0,1.0,1.0,undefined,32,True,,False,34.0,365,41.76643256343035,-87.5666066396579,Chicago
1222246338696323778,222.0,6,Entire home/apt,2.0,2.0,2.0,undefined,32,True,4.84,False,51.0,175,41.88432,-87.65883,Chicago
1222246643410496937,243.0,6,Entire home/apt,3.0,4.0,2.0,undefined,2,True,4.68,False,51.0,164,41.88466,-87.65915,Chicago
1222480640431317646,1080.0,10,Entire home/apt,4.0,5.0,4.0,undefined,5,False,,True,9.0,362,41.89670912630996,-87.65904168079285,Chicago
1222536036131263624,896.0,16,Entire home/apt,6.0,11.0,4.0,undefined,2,False,,True,41.0,61,41.9009417,-87.6280874,Chicago
1223116179851779451,106.0,4,Entire home/apt,2.0,3.0,1.0,undefined,1,False,4.8,False,1.0,345,41.83510295795551,-87.65625185848378,Chicago
1223238889607254704,895.0,16,Entire home/apt,6.0,10.0,4.0,undefined,2,False,4.67,True,41.0,64,41.9012107,-87.6280408,Chicago
1223314496953313132,135.0,8,Entire home/apt,3.0,4.0,2.0,undefined,2,False,4.81,False,3.0,314,41.940185455719686,-87.68056286444782,Chicago
1224153661567075019,211.0,7,Entire home/apt,2.0,4.0,1.0,undefined,32,True,4.58,False,18.0,66,41.92018,-87.65286,Chicago
1224558248255838673,105.0,5,Entire home/apt,3.0,4.0,1.0,undefined,1,False,4.67,True,1.0,334,41.76405,-87.5817,Chicago
1224592667514663637,36.0,2,Private room,1.0,3.0,1.0,undefined,32,False,5.0,False,13.0,233,41.78286,-87.60656,Chicago
1225438952661579629,174.0,5,Entire home/apt,2.0,2.0,1.0,undefined,2,True,4.93,True,2.0,190,41.83244,-87.6446,Chicago
1225441202775961615,119.0,6,Entire home/apt,2.0,3.0,2.0,undefined,2,True,4.81,True,74.0,336,41.85847,-87.681,Chicago
1225530947848252603,273.0,9,Entire home/apt,4.0,4.0,1.5,undefined,2,True,5.0,False,1.0,181,41.9704094,-87.65589279999999,Chicago
1225612798803473261,90.0,2,Entire home/apt,0.0,1.0,1.0,undefined,1,True,4.67,False,43.0,360,41.95590550000001,-87.65073149999999,Chicago
1225630061958498745,167.0,4,Entire home/apt,2.0,2.0,1.0,undefined,1,True,4.79,False,7.0,318,41.90897,-87.66974,Chicago
1225696519822610803,182.0,4,Entire home/apt,2.0,2.0,2.0,undefined,3,False,5.0,True,1.0,66,41.80645,-87.61247,Chicago
1226241339416906175,141.0,7,Entire home/apt,4.0,4.0,1.5,undefined,1,True,4.73,False,2.0,341,41.75531,-87.56183,Chicago
1226403886299225653,193.0,10,Entire home/apt,3.0,5.0,2.0,undefined,32,False,4.82,True,2.0,351,41.91105,-87.67685,Chicago
1226460876688872780,314.0,12,Entire home/apt,3.0,6.0,2.5,undefined,2,False,4.86,True,1.0,153,41.87780784460715,-87.65080044310857,Chicago
1226981901257520790,234.0,6,Entire home/apt,2.0,3.0,1.0,undefined,2,False,4.88,True,2.0,327,41.93790903728104,-87.64911352742871,Chicago
1227057981732251493,47.0,1,Private room,1.0,1.0,1.0,undefined,32,False,5.0,False,2.0,304,41.904512960903695,-87.67934311393067,Chicago
1227115179012241997,299.0,5,Entire home/apt,3.0,5.0,2.0,undefined,3,False,4.92,True,2.0,272,41.87317146201072,-87.69107186232037,Chicago
1227503300253289090,121.0,4,Entire home/apt,0.0,1.0,1.0,undefined,32,False,,,46.0,364,41.9020661,-87.63330859999999,Chicago
1227576066423933263,143.0,2,Entire home/apt,2.0,2.0,1.0,undefined,14,False,,False,1.0,342,41.87373735975846,-87.68888017987643,Chicago
1227600566557955531,114.0,3,Entire home/apt,1.0,2.0,1.0,undefined,32,False,5.0,False,1.0,231,41.9319553,-87.6967916,Chicago
1227653093688143258,103.0,5,Entire home/apt,1.0,2.0,1.0,undefined,2,False,4.27,False,32.0,251,41.89304556994578,-87.68346291846933,Chicago
1228246694173507023,73.0,2,Private room,1.0,1.0,1.0,undefined,3,True,5.0,True,2.0,300,41.963328,-87.7269391,Chicago
1228266857892244842,162.0,8,Entire home/apt,3.0,4.0,1.0,undefined,2,False,4.78,True,3.0,365,41.7651681,-87.6903301,Chicago
1228327311233799822,225.0,4,Entire home/apt,2.0,2.0,1.0,undefined,1,False,5.0,,10.0,364,41.74456594044752,-87.66931704658613,Chicago
1228329082115227108,247.0,8,Entire home/apt,3.0,5.0,1.0,undefined,28,True,,False,5.0,270,41.75335,-87.58162,Chicago
1228386950721627870,215.0,8,Entire home/apt,3.0,4.0,2.0,undefined,2,True,4.6,False,46.0,365,41.862368624536366,-87.69560982353875,Chicago
1228481807629873134,249.0,8,Entire home/apt,2.0,4.0,2.0,undefined,1,False,4.92,True,44.0,344,41.8948584,-87.6522234,Chicago
1228488508789083969,194.0,8,Entire home/apt,2.0,4.0,2.0,undefined,1,False,4.84,True,44.0,344,41.8948584,-87.6522234,Chicago
1229414421072481397,172.0,6,Entire home/apt,2.0,3.0,2.0,undefined,1,False,4.91,True,44.0,341,41.8803861,-87.66648339999999,Chicago
1229424345081645574,138.0,4,Entire home/apt,1.0,2.0,1.0,undefined,1,False,4.92,True,44.0,338,41.8803861,-87.66648339999999,Chicago
1229588018293245816,222.0,6,Entire home/apt,2.0,3.0,2.0,undefined,2,True,4.84,False,44.0,160,41.88381,-87.65769,Chicago
1229719073740229179,222.0,6,Entire home/apt,2.0,2.0,2.0,undefined,2,True,4.76,False,44.0,158,41.88466,-87.65915,Chicago
1229719357398816600,222.0,6,Entire home/apt,2.0,3.0,2.0,undefined,2,True,4.89,False,44.0,154,41.88432,-87.65883,Chicago
1229817527790266291,633.0,6,Entire home/apt,3.0,3.0,1.0,undefined,1,True,5.0,False,1.0,176,41.94157774929839,-87.66356164854119,Chicago
1229900253943494728,138.0,5,Entire home/apt,2.0,3.0,1.0,undefined,2,False,4.88,,17.0,206,41.91818046999219,-87.71494061425975,Chicago
1229914924839360351,89.0,4,Entire home/apt,2.0,3.0,1.0,undefined,32,False,5.0,False,1.0,116,41.963245,-87.83863769999999,Chicago
1229931374398627763,119.0,6,Entire home/apt,2.0,3.0,2.0,undefined,32,False,,False,1.0,270,41.9955078,-87.6962253,Chicago
1230528080507902126,212.0,4,Entire home/apt,4.0,4.0,1.0,undefined,32,False,,False,6.0,53,41.87641,-87.74006,Chicago
1231199389025025113,378.0,6,Entire home/apt,3.0,3.0,2.0,undefined,2,True,4.96,True,1.0,219,41.89829,-87.67612,Chicago
1231392491980651990,245.0,6,Entire home/apt,2.0,3.0,1.5,undefined,32,False,4.0,True,2.0,288,41.91194,-87.65262,Chicago
1231677280399821851,110.0,2,Entire home/apt,1.0,1.0,1.0,undefined,1,False,4.69,True,20.0,143,41.96921,-87.65571,Chicago
1231987912356265697,44.0,1,Private room,1.0,1.0,3.0,undefined,1,True,4.3,,53.0,175,41.84019,-87.64182,Chicago
1232066596712547234,104.0,4,Entire home/apt,1.0,2.0,1.0,undefined,2,True,4.87,True,1.0,345,41.8308,-87.62089,Chicago
1232156734063688477,165.0,6,Entire home/apt,3.0,3.0,3.0,undefined,1,True,4.75,True,3.0,319,41.95536658940178,-87.83757264223253,Chicago
1232486078481789801,77.0,4,Entire home/apt,2.0,3.0,1.0,undefined,2,False,4.87,True,1.0,249,41.7339146,-87.5902467,Chicago
1232839703114397172,77.0,6,Private room,3.0,4.0,1.0,undefined,1,False,4.91,True,1.0,288,41.9776,-87.71147,Chicago
1233307324788620410,72.0,1,Private room,1.0,1.0,1.0,undefined,32,False,5.0,False,1.0,358,41.90047871573843,-87.62755838888549,Chicago
1233557971653031870,179.0,5,Entire home/apt,3.0,3.0,2.0,undefined,2,False,4.6,False,1.0,109,41.7706222,-87.57367719999999,Chicago
1233592042184194239,105.0,2,Entire home/apt,1.0,1.0,1.0,undefined,1,True,4.91,True,30.0,314,41.95913,-87.66785,Chicago
1233617525806805198,364.0,6,Entire home/apt,3.0,5.0,2.0,undefined,32,True,,False,1.0,199,41.9102,-87.69316,Chicago
1233733243214279144,142.0,4,Entire home/apt,2.0,2.0,1.0,undefined,2,True,4.87,True,24.0,231,41.89448383354197,-87.68676370540229,Chicago
1234736862973607111,95.0,6,Entire home/apt,2.0,2.0,2.0,undefined,1,False,4.6,,40.0,355,42.02047,-87.67159,Chicago
1234852162891323970,148.0,12,Entire home/apt,4.0,6.0,1.0,undefined,1,False,4.8,True,18.0,94,41.8504018,-87.703064,Chicago
1234948467157760567,163.0,6,Entire home/apt,3.0,3.0,2.0,undefined,2,False,4.98,True,3.0,72,41.7889,-87.61992,Chicago
1234992644040542398,60.0,2,Private room,3.0,1.0,3.0,undefined,32,False,5.0,,10.0,350,41.93436,-87.71021,Chicago
1235398939795514528,150.0,6,Entire home/apt,2.0,3.0,1.5,undefined,1,False,4.93,True,1.0,86,41.85574974319467,-87.6532273762234,Chicago
1236473933281597154,158.0,4,Entire home/apt,2.0,2.0,1.0,undefined,32,False,,False,1.0,264,41.9181327,-87.6852282,Chicago
1236705014573221276,135.0,8,Entire home/apt,3.0,3.0,1.0,undefined,32,False,5.0,True,2.0,354,41.81913780541244,-87.63400230556726,Chicago
1236971213661248077,344.0,5,Entire home/apt,2.0,2.0,2.0,undefined,32,False,,True,131.0,364,41.88105,-87.64797,Chicago
1237067292678398180,251.0,8,Entire home/apt,2.0,0.0,2.0,undefined,1,True,4.92,False,38.0,188,41.89373,-87.628916,Chicago
1237202493357479704,254.0,5,Entire home/apt,3.0,3.0,1.0,undefined,2,False,5.0,False,1.0,263,41.95030193950486,-87.67053588458151,Chicago
1237919561817217438,282.0,7,Entire home/apt,3.0,4.0,2.0,undefined,2,True,4.73,False,2.0,262,41.89363776464041,-87.6577962813225,Chicago
1238559788045797781,339.0,14,Entire home/apt,5.0,9.0,3.0,undefined,1,False,4.96,True,2.0,49,41.95656766954004,-87.72278810893363,Chicago
1238611268078051863,70.0,1,Private room,1.0,1.0,1.0,undefined,32,False,5.0,False,8.0,319,41.917212,-87.67618870000001,Chicago
1239125682671366585,93.0,2,Entire home/apt,0.0,2.0,1.0,undefined,1,False,5.0,False,1.0,348,41.9540677,-87.7832012,Chicago
1239324763161971183,89.0,2,Entire home/apt,1.0,1.0,1.0,undefined,1,False,4.95,True,30.0,329,41.9502142091992,-87.66160990261376,Chicago
1239701978584483688,195.0,6,Entire home/apt,2.0,3.0,2.0,undefined,31,False,5.0,True,1.0,103,41.8954849,-87.62647989999999,Chicago
1239754098910629473,197.0,8,Entire home/apt,4.0,4.0,2.5,undefined,2,True,4.55,False,1.0,345,41.8146,-87.6154,Chicago
1239897228500799797,129.0,4,Entire home/apt,2.0,2.0,1.0,undefined,32,False,,False,3.0,365,41.95463729999999,-87.7116872,Chicago
1239928982813466394,55.0,1,Private room,1.0,1.0,2.0,undefined,32,False,,False,7.0,164,41.87055,-87.68621,Chicago
1240717733151081907,151.0,4,Entire home/apt,2.0,2.0,2.0,undefined,7,False,4.8,False,1.0,113,41.9415153,-87.7232879,Chicago
1241376115444965812,334.0,9,Entire home/apt,4.0,4.0,2.0,undefined,1,True,4.93,True,1.0,335,41.9508808,-87.6559238,Chicago
1242007668014195864,182.0,4,Entire home/apt,1.0,2.0,1.0,undefined,1,False,,False,1.0,361,41.756181853399816,-87.57354690991558,Chicago
1242048503585026749,136.0,4,Entire home/apt,1.0,2.0,1.0,undefined,1,True,4.74,,5.0,46,41.97021664482615,-87.67118868461613,Chicago
1242119681265721629,560.0,9,Entire home/apt,4.0,4.0,2.0,undefined,2,False,4.41,False,2.0,24,41.88513289576,-87.65330342899433,Chicago
1242133091698413253,61.0,3,Entire home/apt,2.0,2.0,1.0,undefined,32,True,5.0,False,2.0,306,41.77469,-87.60309,Chicago
1242284633153626718,48.0,1,Private room,1.0,1.0,2.0,undefined,32,False,,False,7.0,358,41.87016,-87.68694,Chicago
1242770277947909405,45.0,1,Private room,1.0,1.0,1.0,undefined,32,False,,,10.0,134,41.93386,-87.71191,Chicago
1243200546062203445,85.0,2,Private room,1.0,1.0,3.0,undefined,2,True,,False,74.0,348,41.80367,-87.60335,Chicago
1243200578538022023,81.0,2,Private room,1.0,1.0,2.0,undefined,2,True,5.0,False,74.0,336,41.80367,-87.60335,Chicago
1243200605579980883,79.0,2,Private room,1.0,1.0,2.0,undefined,2,True,5.0,False,74.0,327,41.80367,-87.60335,Chicago
1243200632770338559,83.0,2,Private room,1.0,1.0,2.0,undefined,2,True,3.0,False,74.0,328,41.80367,-87.60335,Chicago
1243200658663608182,84.0,2,Private room,1.0,1.0,2.0,undefined,2,True,5.0,False,74.0,316,41.80367,-87.60335,Chicago
1243200683371826925,70.0,2,Private room,1.0,1.0,2.0,undefined,32,True,4.0,False,74.0,338,41.80367,-87.60335,Chicago
1243200713054018928,108.0,2,Private room,1.0,1.0,2.0,undefined,2,True,2.0,False,74.0,344,41.80367,-87.60335,Chicago
1243200736986316594,61.0,2,Private room,1.0,1.0,3.0,undefined,32,True,4.0,False,74.0,286,41.80367,-87.60335,Chicago
1243200763820962162,90.0,2,Private room,1.0,1.0,2.0,undefined,2,True,,False,74.0,350,41.80367,-87.60335,Chicago
1243200789742766968,45.0,2,Private room,1.0,1.0,2.0,undefined,32,True,,False,74.0,300,41.80367,-87.60335,Chicago
1243399966839526729,171.0,6,Entire home/apt,2.0,3.0,2.0,undefined,2,True,4.85,,32.0,157,41.9982568,-87.6626168,Chicago
1243581827717418477,44.0,1,Private room,1.0,1.0,2.0,undefined,32,False,,False,7.0,180,41.87034,-87.68575,Chicago
1243588960378508115,51.0,1,Private room,1.0,1.0,2.0,undefined,32,False,,False,7.0,365,41.870470499044885,-87.68761393760057,Chicago
1243644965117753129,65.0,1,Private room,1.0,1.0,1.0,undefined,32,False,,False,8.0,202,41.89262052768068,-87.66063969941386,Chicago
1243732885350085352,69.0,6,Entire home/apt,2.0,0.0,1.0,undefined,1,True,4.79,False,5.0,324,41.91097,-87.67878,Chicago
1243748132105183589,230.0,2,Entire home/apt,1.0,2.0,1.0,undefined,32,False,,False,7.0,364,41.97452389253591,-87.6575430482626,Chicago
1244146789418803700,180.0,14,Entire home/apt,3.0,7.0,2.0,undefined,2,False,4.7,False,45.0,91,41.910841,-87.63349869999999,Chicago
1244178919178914830,63.0,2,Private room,1.0,1.0,1.0,undefined,1,False,,False,1.0,360,41.81688,-87.60931,Chicago
1244194432485607073,138.0,1,Private room,1.0,1.0,,undefined,32,False,,False,4.0,365,41.89754909229432,-87.68221163723882,Chicago
1244275266213466090,592.0,16,Entire home/apt,6.0,0.0,4.0,undefined,2,False,4.85,True,41.0,105,41.925983,-87.6499552,Chicago
1244324156171371058,251.0,7,Entire home/apt,2.0,3.0,2.0,undefined,2,False,4.87,True,12.0,285,41.89255,-87.63292,Chicago
1244508398325480200,467.0,12,Entire home/apt,5.0,6.0,3.5,undefined,3,True,5.0,True,6.0,221,41.9073107,-87.69672039999999,Chicago
1244872078894286052,152.0,6,Entire home/apt,3.0,5.0,1.5,undefined,32,False,5.0,True,61.0,358,41.77551,-87.75367,Chicago
1244882984342968159,387.0,4,Entire home/apt,2.0,2.0,2.0,undefined,32,True,,False,,145,41.8861693,-87.65860310000001,Chicago
1244883819075352114,250.0,2,Entire home/apt,0.0,1.0,1.0,undefined,32,True,,False,,338,41.8861693,-87.65860310000001,Chicago
1244884255857721889,280.0,2,Entire home/apt,1.0,1.0,1.0,undefined,32,True,,False,,362,41.8861693,-87.65860310000001,Chicago
1244968145315761828,104.0,4,Entire home/apt,2.0,2.0,1.0,undefined,32,True,4.64,False,18.0,361,41.99213799894092,-87.78549122119489,Chicago
1245111380885277377,224.0,5,Entire home/apt,2.0,2.0,1.0,undefined,5,False,4.94,True,53.0,58,41.87011782335404,-87.62480257791863,Chicago
1245112268200951259,97.0,3,Entire home/apt,1.0,2.0,1.0,undefined,1,False,4.86,False,16.0,325,41.8583804,-87.6416467,Chicago
1245150657123835977,105.0,5,Entire home/apt,2.0,2.0,1.0,undefined,2,True,4.93,True,2.0,186,41.94259251700328,-87.76343208877759,Chicago
1245596243828537170,205.0,4,Entire home/apt,2.0,2.0,2.0,undefined,2,True,4.83,False,3.0,355,41.8855603,-87.6656988,Chicago
1245764171760583875,185.0,10,Entire home/apt,4.0,4.0,2.0,undefined,32,False,4.87,True,6.0,354,41.85021905406021,-87.67900786898495,Chicago
1245894559083302192,266.0,5,Entire home/apt,2.0,2.0,1.0,undefined,5,False,4.95,True,53.0,53,41.87015,-87.62458,Chicago
1245900566371482973,498.0,6,Entire home/apt,3.0,3.0,2.0,undefined,5,False,5.0,True,53.0,49,41.87212708589433,-87.62520564365941,Chicago
1245901779126243044,269.0,5,Entire home/apt,2.0,2.0,1.0,undefined,5,False,4.97,True,53.0,45,41.87054950285404,-87.62470649378066,Chicago
1245903616418683314,1352.0,16,Entire home/apt,9.0,9.0,5.0,undefined,4,False,,True,53.0,119,41.87074,-87.62661,Chicago
1246383320458400521,236.0,12,Entire home/apt,4.0,7.0,3.0,undefined,1,False,4.71,False,16.0,324,41.8572139,-87.652127,Chicago
1246620570694363906,119.0,5,Entire home/apt,2.0,3.0,2.0,undefined,32,False,5.0,True,2.0,278,41.97115146140317,-87.67410749270195,Chicago
1247067926762205766,71.0,6,Entire home/apt,3.0,3.0,1.0,undefined,32,True,,False,376.0,260,41.75915,-87.602,Chicago
1247132017135344418,144.0,5,Entire home/apt,2.0,2.0,1.0,undefined,2,False,5.0,True,1.0,171,41.9591451,-87.7124427,Chicago
1247401454343031568,246.0,4,Entire home/apt,1.0,3.0,1.0,undefined,1,False,4.94,,12.0,346,41.94968371259161,-87.6566144460327,Chicago
1247771476730061063,172.0,4,Entire home/apt,2.0,3.0,1.0,undefined,2,False,5.0,True,1.0,272,41.98577,-87.78639,Chicago
1248220312026401805,42.0,1,Private room,1.0,1.0,2.0,undefined,1,True,3.0,False,9.0,348,41.82995,-87.64602,Chicago
1248329275947929621,37.0,1,Private room,1.0,1.0,2.0,undefined,1,False,4.52,False,9.0,353,41.82977,-87.6447,Chicago
1248374046767674932,201.0,4,Private room,1.0,4.0,1.0,undefined,1,True,3.8,False,51.0,32,41.89183137298041,-87.6282134454072,Chicago
1248450469487745423,188.0,2,Private room,1.0,1.0,1.0,undefined,1,True,5.0,False,51.0,32,41.89334233267146,-87.6281243026469,Chicago
1248453723747045797,188.0,2,Private room,1.0,1.0,1.0,undefined,1,True,,False,51.0,32,41.89347952459393,-87.62700674127026,Chicago
1248454625905408049,188.0,2,Private room,1.0,1.0,1.0,undefined,1,True,,False,51.0,32,41.8914,-87.62797,Chicago
1248455791181926427,188.0,2,Private room,1.0,1.0,1.0,undefined,1,True,4.0,False,51.0,32,41.89166343760056,-87.62797804748382,Chicago
1248468168699209907,188.0,2,Private room,1.0,1.0,1.0,undefined,1,True,,False,51.0,32,41.89129781640893,-87.62812677498796,Chicago
1248469698975692851,188.0,2,Private room,1.0,1.0,1.0,undefined,1,True,5.0,False,51.0,30,41.89261,-87.62619,Chicago
1248491080892069783,164.0,6,Entire home/apt,2.0,3.0,1.0,undefined,2,True,4.85,True,3.0,343,41.8801,-87.68485,Chicago
1248520861969629159,169.0,2,Private room,1.0,1.0,1.0,undefined,1,True,4.0,False,51.0,32,41.8913393244214,-87.6268474867989,Chicago
1248561023085816090,51.0,1,Shared room,1.0,1.0,1.0,undefined,1,True,,False,51.0,32,41.893216992809904,-87.62642754885186,Chicago
1248562163305776611,51.0,1,Shared room,1.0,1.0,1.0,undefined,1,True,,False,51.0,30,41.8931215940923,-87.62622174503463,Chicago
1248565129891389426,51.0,1,Shared room,1.0,1.0,1.0,undefined,1,True,4.42,False,51.0,32,41.8930142911071,-87.62840904253157,Chicago
1248571308046274930,51.0,1,Shared room,1.0,1.0,1.0,undefined,1,True,3.88,False,51.0,30,41.89146651168515,-87.62692668096655,Chicago
1248572810327846055,51.0,1,Shared room,1.0,1.0,1.0,undefined,1,True,3.0,False,51.0,32,41.893402088383766,-87.62661676104193,Chicago
1248577424168201557,46.0,1,Shared room,1.0,1.0,1.0,undefined,1,True,,False,51.0,30,41.89145822428095,-87.62623882786505,Chicago
1248580736426208702,46.0,1,Shared room,1.0,1.0,1.0,undefined,1,True,,False,51.0,32,41.89281,-87.62653,Chicago
1248585431813002313,46.0,1,Shared room,1.0,1.0,1.0,undefined,1,True,,False,51.0,32,41.89352,-87.62756,Chicago
1248597713952482242,300.0,4,Entire home/apt,3.0,3.0,3.0,undefined,32,False,5.0,False,1.0,332,41.97286,-87.69774,Chicago
1249172392960204286,109.0,3,Entire home/apt,1.0,1.0,1.0,undefined,1,True,4.71,,19.0,188,41.9010537301774,-87.7156707958187,Chicago
1249325096978332462,72.0,5,Entire home/apt,2.0,2.0,1.0,undefined,2,False,4.4,False,24.0,355,41.9188925,-87.7041466,Chicago
1249510421513334894,183.0,6,Entire home/apt,3.0,4.0,1.0,undefined,2,True,4.9,True,3.0,296,41.9165,-87.73657,Chicago
1250940298560352167,272.0,8,Entire home/apt,3.0,4.0,1.5,undefined,3,True,4.86,True,3.0,339,41.89448955466104,-87.66546177495444,Chicago
1250951233975719414,106.0,2,Entire home/apt,0.0,1.0,1.0,undefined,1,True,4.75,,70.0,337,41.91960635095349,-87.6376017554257,Chicago
1251526463782686408,368.0,8,Entire home/apt,3.0,0.0,2.0,undefined,1,True,4.83,False,38.0,98,41.89872,-87.62033,Chicago
1251583845011029059,158.0,8,Entire home/apt,3.0,4.0,2.0,undefined,2,False,4.67,False,4.0,355,41.7605624499357,-87.56985323189915,Chicago
1252188220579382343,91.0,1,Entire home/apt,1.0,1.0,1.0,undefined,33,False,5.0,True,3.0,35,41.87446,-87.62804,Chicago
1252287982606282509,69.0,2,Private room,1.0,1.0,1.5,undefined,32,False,,True,5.0,303,41.90928117091973,-87.67429014324037,Chicago
1252943953599434616,131.0,4,Entire home/apt,2.0,2.0,1.0,undefined,2,False,4.98,,5.0,30,41.83685,-87.65051,Chicago
1253004872814383530,166.0,6,Entire home/apt,2.0,2.0,1.5,undefined,1,False,4.96,True,1.0,129,41.8513122,-87.634175,Chicago
1253031746568302437,41.0,1,Private room,1.0,1.0,1.5,undefined,1,True,4.0,False,9.0,349,41.82985,-87.64598,Chicago
1253070630171070556,44.0,1,Private room,1.0,1.0,1.0,undefined,32,False,,True,5.0,303,41.90799,-87.67625,Chicago
1253095403027259118,48.0,2,Private room,1.0,1.0,1.0,undefined,32,False,,True,5.0,303,41.90945,-87.67473,Chicago
1253388465502574679,192.0,2,Entire home/apt,1.0,1.0,1.0,undefined,32,True,,False,,328,41.8861693,-87.65860310000001,Chicago
1253629821077866493,221.0,6,Entire home/apt,2.0,3.0,1.5,undefined,2,False,4.92,True,1.0,211,41.93579,-87.64591,Chicago
1253708983272069866,96.0,9,Entire home/apt,2.0,4.0,1.0,undefined,2,False,4.83,False,45.0,78,41.90012,-87.6578,Chicago
1253709645341182321,180.0,16,Entire home/apt,4.0,8.0,2.0,undefined,2,False,5.0,False,45.0,78,41.89994766038351,-87.65694618225098,Chicago
1253710140903428439,216.0,12,Entire home/apt,3.0,8.0,2.5,undefined,2,False,4.54,False,45.0,90,41.9000452,-87.6575677,Chicago
1253710174919259187,1620.0,16,Entire home/apt,7.0,16.0,4.5,undefined,2,False,4.36,False,45.0,78,41.90020491161837,-87.65799685344238,Chicago
1253999247670327737,31.0,2,Private room,1.0,1.0,2.0,undefined,365,True,,False,2.0,365,41.67972,-87.63502,Chicago
1254160246568612893,127.0,4,Entire home/apt,2.0,2.0,1.0,undefined,31,False,3.67,False,45.0,65,41.9108264,-87.6335017,Chicago
1254163570574458234,97.0,8,Entire home/apt,2.0,4.0,2.0,undefined,2,False,4.72,False,45.0,43,41.9272033,-87.6631223,Chicago
1254163825804512817,96.0,8,Entire home/apt,2.0,4.0,1.0,undefined,2,False,4.75,False,45.0,50,41.9272018,-87.6630607,Chicago
1254164055735268122,188.0,16,Entire home/apt,4.0,8.0,3.0,undefined,2,False,4.88,False,45.0,43,41.9272018,-87.6630607,Chicago
1254166629631197516,113.0,9,Entire home/apt,2.0,4.0,2.0,undefined,2,False,4.89,False,45.0,270,41.9021894,-87.6260999,Chicago
1254166666516096627,87.0,8,Entire home/apt,1.0,3.0,1.0,undefined,2,False,4.86,False,45.0,284,41.9021894,-87.6260999,Chicago
1254166922781703685,87.0,6,Entire home/apt,1.0,3.0,1.0,undefined,2,False,4.24,False,45.0,298,41.9021822,-87.6261081,Chicago
1254167157996589695,165.0,14,Entire home/apt,2.0,5.0,2.0,undefined,2,False,4.57,False,45.0,260,41.90219,-87.6261,Chicago
1254167399725672880,285.0,16,Entire home/apt,4.0,9.0,4.0,undefined,2,False,3.75,False,45.0,227,41.9021894,-87.6260999,Chicago
1254168428071761429,123.0,9,Entire home/apt,2.0,4.0,2.5,undefined,2,False,4.84,False,45.0,35,41.8969893,-87.638474,Chicago
1254168834740955215,193.0,11,Entire home/apt,3.0,5.0,2.5,undefined,2,False,4.69,False,45.0,88,41.89678,-87.63882,Chicago
1254169042793019826,203.0,11,Entire home/apt,3.0,5.0,2.5,undefined,2,False,4.8,False,45.0,70,41.89670180432324,-87.63838816931153,Chicago
1254169319433497315,1478.0,16,Entire home/apt,5.0,9.0,5.0,undefined,2,False,4.67,False,45.0,37,41.8969893,-87.638474,Chicago
1254169668805091839,1581.0,16,Entire home/apt,6.0,11.0,6.0,undefined,2,False,4.9,False,45.0,64,41.89686,-87.63875,Chicago
1254169865359292544,3188.0,16,Entire home/apt,11.0,20.0,10.0,undefined,2,False,5.0,False,45.0,35,41.8969893,-87.638474,Chicago
1254170240775650771,97.0,10,Entire home/apt,2.0,5.0,1.0,undefined,2,False,4.88,False,45.0,59,41.898281,-87.63737619999999,Chicago
1254170718901745421,97.0,10,Entire home/apt,2.0,5.0,1.0,undefined,2,False,4.71,False,45.0,48,41.8983129432381,-87.63711870793456,Chicago
1254170974496963022,183.0,10,Entire home/apt,2.0,5.0,2.0,undefined,2,False,4.75,False,45.0,78,41.89826965332031,-87.63754272460938,Chicago
1254171181466147452,1337.0,16,Entire home/apt,4.0,9.0,3.0,undefined,2,False,4.75,False,45.0,60,41.8974723815918,-87.63816833496094,Chicago
1254171373739758853,1337.0,16,Entire home/apt,4.0,10.0,3.0,undefined,2,False,4.7,False,45.0,46,41.89826965332031,-87.63754272460938,Chicago
1254171664253865460,2674.0,16,Entire home/apt,8.0,20.0,6.0,undefined,2,False,4.0,False,45.0,44,41.89826965332031,-87.63754272460938,Chicago
1254172216695296475,147.0,8,Entire home/apt,2.0,4.0,2.0,undefined,2,False,4.79,False,45.0,347,41.898612,-87.63748799999999,Chicago
1254172510488646134,503.0,16,Entire home/apt,4.0,8.0,3.0,undefined,2,False,4.89,False,45.0,212,41.8986451,-87.6374931,Chicago
1254172703972921639,548.0,16,Entire home/apt,7.0,14.0,4.0,undefined,2,False,,False,45.0,333,41.898693014578,-87.6370424888855,Chicago
1254669666758115112,312.0,7,Entire home/apt,3.0,3.0,2.0,undefined,3,False,5.0,True,1.0,80,41.735911,-87.60696999999999,Chicago
1255060213848023464,200.0,14,Entire home/apt,3.0,6.0,2.0,undefined,2,False,4.58,False,45.0,78,41.8969893,-87.638474,Chicago
1255136944851984514,78.0,6,Entire home/apt,3.0,4.0,2.0,undefined,3,True,4.46,False,1.0,53,41.77290507870983,-87.61328689431186,Chicago
1255209107975040366,267.0,10,Entire home/apt,4.0,6.0,3.5,undefined,2,True,4.17,False,3.0,241,41.87961553111945,-87.6791182339366,Chicago
1255226108700207815,194.0,6,Entire home/apt,3.0,3.0,2.0,undefined,2,True,4.79,False,2.0,214,41.829726,-87.617758,Chicago
1255255066519903759,120.0,6,Entire home/apt,2.0,1.0,2.0,undefined,1,True,3.75,False,5.0,363,41.86851200658739,-87.68246725085814,Chicago
1255340768232067370,250.0,4,Entire home/apt,3.0,3.0,1.5,undefined,1,False,4.5,False,1.0,360,41.91967169999999,-87.7092701,Chicago
1255443481431892446,116.0,4,Entire home/apt,2.0,2.0,1.0,undefined,32,True,4.2,False,18.0,363,41.94026474125645,-87.70055988814862,Chicago
1255652087229672497,1104.0,6,Entire home/apt,3.0,3.0,2.0,undefined,4,False,5.0,True,15.0,95,41.91244,-87.64919,Chicago
1256259774938678081,1030.0,12,Entire home/apt,4.0,6.0,4.5,undefined,1,True,5.0,True,8.0,101,41.90417,-87.62763,Chicago
1256653539677567034,888.0,8,Entire home/apt,4.0,5.0,2.5,undefined,2,False,5.0,True,15.0,349,41.97384344378845,-87.6583893212749,Chicago
1256800245055694164,376.0,2,Private room,1.0,1.0,1.0,undefined,32,True,5.0,True,12.0,323,41.83159782773401,-87.67734162413288,Chicago
1257468240370392357,175.0,2,Entire home/apt,1.0,1.0,1.0,undefined,32,False,,False,3.0,365,41.962151793297664,-87.65096769467338,Chicago
1257488661538405412,250.0,6,Entire home/apt,3.0,3.0,2.0,undefined,2,True,4.81,False,1.0,254,41.81220566205056,-87.609043813433,Chicago
1257889157623531815,227.0,2,Entire home/apt,1.0,1.0,1.0,undefined,32,True,,False,,298,41.8861693,-87.65860310000001,Chicago
1258171325243225224,176.0,4,Entire home/apt,1.0,2.0,1.0,undefined,2,True,4.89,True,9.0,238,41.9779576,-87.66454039999999,Chicago
1258251253446809567,287.0,8,Entire home/apt,3.0,3.0,1.0,undefined,30,False,,True,14.0,365,41.8775483,-87.70565739999999,Chicago
1258257912597048556,431.0,12,Entire home/apt,5.0,12.0,3.5,undefined,2,False,4.91,True,4.0,326,41.72046,-87.66491,Chicago
1258823727354825466,215.0,2,Entire home/apt,1.0,2.0,1.0,undefined,2,False,4.97,True,8.0,343,41.94854,-87.65339,Chicago
1258913916112323382,98.0,4,Entire home/apt,2.0,2.0,1.0,undefined,1,True,4.56,False,18.0,359,41.99017,-87.78462,Chicago
1258933033321405238,135.0,4,Entire home/apt,1.0,4.0,1.0,undefined,1,False,4.94,False,1.0,358,41.83466418024237,-87.62000372501083,Chicago
1258989775470068739,435.0,8,Entire home/apt,4.0,4.0,4.0,undefined,1,False,4.88,True,1.0,238,41.90352916257711,-87.67691277406318,Chicago
1259015170896128629,246.0,6,Entire home/apt,2.0,3.0,1.0,undefined,2,False,4.84,True,12.0,316,41.89255,-87.63292,Chicago
1259027731550082714,428.0,6,Entire home/apt,3.0,3.0,2.5,undefined,5,False,5.0,False,2.0,87,41.883277490743936,-87.67911679409934,Chicago
1259343425868525700,238.0,4,Entire home/apt,1.0,1.0,1.0,undefined,32,False,,False,2.0,364,41.88557,-87.65354,Chicago
1259413993538107023,273.0,7,Entire home/apt,3.0,3.0,2.0,undefined,2,True,4.7,False,16.0,338,41.894678513627454,-87.6794261454298,Chicago
1259706036324054858,185.0,4,Entire home/apt,1.0,1.0,1.0,undefined,32,False,,False,4.0,171,41.93452705121816,-87.6438295841217,Chicago
1259839316126791984,122.0,2,Private room,1.0,1.0,1.0,undefined,32,False,,False,6.0,364,41.86166,-87.62534,Chicago
1260137812407694239,153.0,4,Entire home/apt,2.0,2.0,2.0,undefined,32,True,,False,3.0,63,41.9629988,-87.6517088,Chicago
1260223875059071243,303.0,12,Entire home/apt,4.0,5.0,2.0,undefined,1,True,4.82,True,6.0,251,41.73575863989508,-87.57591126676148,Chicago
1260436774384697745,141.0,4,Entire home/apt,2.0,2.0,1.0,undefined,2,True,4.85,True,1.0,209,41.75608494663194,-87.59276300668716,Chicago
1260954453954058191,40.0,2,Private room,1.0,1.0,1.0,undefined,32,False,,False,13.0,325,41.78361,-87.60629,Chicago
1260957464073236834,93.0,2,Entire home/apt,1.0,1.0,2.0,undefined,2,False,4.96,True,2.0,324,41.8284821,-87.6451158,Chicago
1260958043772567763,98.0,3,Entire home/apt,1.0,1.0,1.0,undefined,32,False,4.67,False,22.0,49,41.8945962855749,-87.62575898322254,Chicago
1261201598293452120,73.0,4,Entire home/apt,2.0,1.0,1.0,undefined,32,False,4.33,False,8.0,338,41.8969722,-87.6988832,Chicago
1261215287351184071,83.0,7,Entire home/apt,3.0,3.0,1.0,undefined,3,False,5.0,True,1.0,357,41.8389923794881,-87.66070962341703,Chicago
1261817090012473602,100.0,3,Entire home/apt,1.0,2.0,1.0,undefined,1,True,5.0,True,1.0,189,41.98548,-87.69261,Chicago
1262339994359566208,41.0,3,Private room,1.0,1.0,1.0,undefined,2,False,4.89,False,53.0,352,41.918192401759605,-87.69631956973355,Chicago
1262368016269509178,104.0,4,Entire home/apt,2.0,3.0,1.0,undefined,2,False,4.95,True,1.0,157,41.85079562908615,-87.68247144099598,Chicago
1262621182578282560,32.0,2,Private room,1.0,1.0,1.0,undefined,2,True,3.33,False,25.0,344,41.83926,-87.63298,Chicago
1262639312369807576,436.0,6,Entire home/apt,3.0,3.0,2.5,undefined,2,False,5.0,True,4.0,342,41.81305,-87.61151,Chicago
1262697703548414716,157.0,2,Entire home/apt,1.0,1.0,1.0,undefined,32,False,,False,1.0,161,41.8849466,-87.654608,Chicago
1262977783786902131,228.0,2,Entire home/apt,1.0,1.0,1.0,undefined,32,True,,False,,204,41.8861693,-87.65860310000001,Chicago
1262988412867268150,403.0,8,Entire home/apt,4.0,4.0,3.0,undefined,1,True,4.64,True,136.0,351,41.9083224,-87.65032839999999,Chicago
1262988903126392908,384.0,8,Entire home/apt,4.0,4.0,3.0,undefined,1,True,5.0,True,136.0,324,41.9083224,-87.65032839999999,Chicago
1262989621149011466,314.0,8,Entire home/apt,4.0,4.0,3.0,undefined,1,True,4.85,True,136.0,350,41.9083224,-87.65032839999999,Chicago
1262990071619446226,325.0,8,Entire home/apt,4.0,4.0,3.0,undefined,1,True,4.88,True,136.0,353,41.9083224,-87.65032839999999,Chicago
1262990541068127166,344.0,8,Entire home/apt,4.0,4.0,3.0,undefined,1,True,3.4,True,136.0,354,41.9083224,-87.65032839999999,Chicago
1263116642284978297,102.0,4,Entire home/apt,2.0,2.0,1.0,undefined,1,False,4.56,False,1.0,340,41.9480783,-87.7536569,Chicago
1263140259169117857,154.0,3,Entire home/apt,1.0,2.0,1.0,undefined,2,False,4.6,False,1.0,335,41.9576338,-87.647048,Chicago
1263324557032775239,165.0,3,Entire home/apt,0.0,2.0,1.0,undefined,1,False,4.59,True,3.0,341,41.91233,-87.63835,Chicago
1263709530917462168,31.0,1,Private room,1.0,1.0,1.0,undefined,2,True,4.4,False,25.0,313,41.8405,-87.63083,Chicago
1263874260424403720,138.0,2,Entire home/apt,1.0,1.0,1.0,undefined,2,True,4.93,True,9.0,229,41.96060780000001,-87.6718693,Chicago
1264001169043481483,76.0,4,Private room,2.0,2.0,2.0,undefined,2,False,5.0,True,2.0,55,41.77686302996775,-87.5924786345637,Chicago
1264007835889061049,45.0,2,Private room,1.0,1.0,1.0,undefined,64,False,5.0,False,13.0,345,41.78391,-87.60791,Chicago
1264060475385818786,31.0,1,Private room,1.0,1.0,1.0,undefined,2,True,4.22,False,25.0,349,41.83911213327775,-87.63248854026159,Chicago
1264072907615224760,110.0,2,Entire home/apt,1.0,1.0,1.0,undefined,32,True,4.0,False,1.0,357,41.883304,-87.67875099999999,Chicago
1264375361018799880,367.0,4,Entire home/apt,2.0,2.0,2.0,undefined,32,True,,False,,298,41.8861693,-87.65860310000001,Chicago
1264405420866920719,68.0,1,Private room,1.0,1.0,2.0,undefined,2,False,4.92,False,12.0,360,41.9358592,-87.7129224,Chicago
1264432572407323106,69.0,2,Private room,1.0,1.0,2.0,undefined,1,False,4.92,False,12.0,352,41.9358592,-87.7129224,Chicago
1264488973407617947,110.0,4,Entire home/apt,1.0,2.0,1.0,undefined,2,True,4.84,True,9.0,253,41.9660758,-87.7007093,Chicago
1264520689686973600,81.0,2,Private room,1.0,1.0,1.0,undefined,2,False,4.8,False,12.0,347,41.9358592,-87.7129224,Chicago
1264542066266984040,126.0,2,Entire home/apt,1.0,1.0,1.0,undefined,2,True,4.55,True,9.0,251,41.9654741,-87.6860444,Chicago
1264609924189917744,68.0,2,Private room,1.0,1.0,1.0,undefined,1,False,4.96,False,12.0,348,41.9358592,-87.7129224,Chicago
1264631695810724801,78.0,1,Private room,1.0,1.0,1.0,undefined,2,False,4.67,False,12.0,359,41.9358592,-87.7129224,Chicago
1264636996953247008,92.0,2,Private room,1.0,1.0,1.0,undefined,2,False,4.9,False,12.0,345,41.9358592,-87.7129224,Chicago
1264764647763341127,232.0,10,Entire home/apt,3.0,5.0,2.0,undefined,2,False,4.63,False,6.0,351,41.82275,-87.62216,Chicago
1264885906950055049,235.0,8,Entire home/apt,3.0,4.0,1.0,undefined,1,False,4.79,False,1.0,351,41.7540821189184,-87.66141124891836,Chicago
1264929874170322651,160.0,4,Entire home/apt,2.0,2.0,2.0,undefined,32,True,4.0,False,2.0,272,41.883801590868806,-87.65654408485683,Chicago
1264952612201241530,256.0,5,Entire home/apt,4.0,4.0,4.0,undefined,32,True,1.5,False,6.0,365,41.98981,-87.69393,Chicago
1265164913691481185,129.0,4,Entire home/apt,1.0,1.0,1.0,undefined,2,True,4.95,True,3.0,330,41.9600604,-87.72015259999999,Chicago
1265256497100044450,120.0,4,Entire home/apt,2.0,2.0,1.0,undefined,32,False,,False,3.0,293,41.90829,-87.66454,Chicago
1266061914630362916,36.0,2,Private room,1.0,1.0,1.0,undefined,32,False,4.5,False,13.0,281,41.78444,-87.60779,Chicago
1266291811318587320,30.0,1,Private room,1.0,1.0,1.0,undefined,32,True,5.0,True,12.0,205,41.83122311098535,-87.67914033017155,Chicago
1266525901865734006,135.0,6,Entire home/apt,2.0,3.0,1.0,undefined,2,True,5.0,False,1.0,167,41.7753652,-87.61162739999999,Chicago
1267036827703482093,125.0,5,Entire home/apt,2.0,1.0,1.0,undefined,1,False,4.91,True,1.0,354,41.94108,-87.68389,Chicago
1267396301733749836,350.0,16,Entire home/apt,5.0,8.0,3.5,undefined,2,False,4.94,True,74.0,297,41.905564241625605,-87.68408179563679,Chicago
1267422022335301648,249.0,6,Entire home/apt,3.0,4.0,1.0,undefined,3,True,5.0,True,1.0,337,41.93244,-87.68938,Chicago
1267448454847857253,95.0,2,Entire home/apt,1.0,1.0,1.0,undefined,2,False,4.94,True,30.0,320,41.9471,-87.65999,Chicago
1267499371463399004,216.0,8,Entire home/apt,3.0,7.0,1.0,undefined,2,True,4.83,False,1.0,250,41.8957217,-87.6700795,Chicago
1267570459025437088,140.0,3,Entire home/apt,2.0,2.0,1.0,undefined,32,False,,False,2.0,327,41.93392491581435,-87.70785897086768,Chicago
1267669388227707975,393.0,8,Entire home/apt,3.0,4.0,2.5,undefined,2,True,5.0,True,3.0,308,41.90051,-87.66603,Chicago
1267740124298621811,156.0,6,Entire home/apt,2.0,3.0,2.0,undefined,2,False,4.96,True,1.0,326,41.910643501891336,-87.68808744979363,Chicago
1268054478449635094,192.0,7,Entire home/apt,3.0,4.0,2.0,undefined,4,False,4.86,True,1.0,347,41.87387890630942,-87.69512270674569,Chicago
1268232716748499543,95.0,2,Entire home/apt,2.0,1.0,2.0,undefined,32,False,5.0,False,1.0,79,41.88329,-87.68451,Chicago
1268245208136382980,376.0,6,Entire home/apt,3.0,4.0,3.0,undefined,2,True,4.5,False,1.0,176,41.8562,-87.6297,Chicago
1268263705525003654,249.0,5,Entire home/apt,1.0,2.0,1.0,undefined,2,False,5.0,True,61.0,314,41.86281,-87.62409,Chicago
1268869571683108679,77.0,1,Private room,1.0,1.0,1.0,undefined,32,False,3.0,False,8.0,365,41.917212,-87.67618870000001,Chicago
1269099479757003660,165.0,5,Entire home/apt,2.0,2.0,1.0,undefined,2,False,4.4,False,12.0,135,41.9028426,-87.6815925,Chicago
1269552945330786033,116.0,6,Entire home/apt,3.0,3.0,1.0,undefined,2,False,4.79,True,1.0,207,41.84652,-87.64593,Chicago
1269577034827828384,771.0,10,Entire home/apt,4.0,6.0,2.5,undefined,3,False,4.9,False,2.0,319,41.929500386965785,-87.6449131965637,Chicago
1269598964012368937,57.0,2,Private room,1.0,1.0,1.0,undefined,14,False,4.6,True,3.0,162,41.80952422481211,-87.6078514449923,Chicago
1269816586688027542,100.0,4,Entire home/apt,2.0,2.0,1.0,undefined,32,True,,False,3.0,365,41.82033,-87.62607,Chicago
1269900252647278666,180.0,5,Entire home/apt,2.0,2.0,1.0,undefined,1,False,5.0,True,3.0,253,41.90098,-87.70601,Chicago
1269927594485684741,125.0,6,Entire home/apt,3.0,4.0,2.0,undefined,3,False,4.44,False,2.0,166,41.78295379265372,-87.60406281799078,Chicago
1270289299573081278,99.0,5,Entire home/apt,3.0,3.0,2.5,undefined,32,False,,False,1.0,87,41.76030860772618,-87.579486298753,Chicago
1270513209047745990,336.0,6,Entire home/apt,2.0,3.0,2.5,undefined,2,False,4.91,True,2.0,233,41.91386,-87.68098,Chicago
1270552517287206307,424.0,12,Entire home/apt,5.0,7.0,3.0,undefined,2,False,4.9,True,11.0,159,41.95101111058122,-87.67604125136532,Chicago
1270969175177935490,128.0,6,Entire home/apt,2.0,1.0,1.0,undefined,2,False,4.5,False,1.0,328,41.89386,-87.71007,Chicago
1270985925180365243,119.0,4,Entire home/apt,2.0,2.0,1.0,undefined,32,True,4.83,False,18.0,362,41.9621659833181,-87.68338417868524,Chicago
1271002101188446835,123.0,6,Entire home/apt,2.0,2.0,1.0,undefined,1,True,4.56,False,1.0,350,41.8026968,-87.60041989999999,Chicago
1271742252636513603,196.0,6,Entire home/apt,3.0,3.0,1.5,undefined,2,False,4.71,False,1.0,75,41.7778565,-87.5967076,Chicago
1271961382650126475,69.0,1,Private room,1.0,1.0,1.0,undefined,1,False,4.85,True,2.0,351,41.708445961009765,-87.68695839813378,Chicago
1271972327758925052,96.0,4,Entire home/apt,2.0,2.0,1.0,undefined,32,False,,False,1.0,364,41.7791939,-87.6080635,Chicago
1272034521007845393,60.0,2,Entire home/apt,1.0,1.0,1.0,undefined,32,False,,False,1.0,354,41.8435664,-87.7076603,Chicago
1272068892514497552,120.0,2,Entire home/apt,1.0,1.0,2.0,undefined,32,True,,True,3.0,157,41.7712232638096,-87.57727362639746,Chicago
1272677273513334903,125.0,5,Entire home/apt,1.0,1.0,1.0,undefined,32,False,5.0,True,61.0,341,41.86281,-87.62263,Chicago
1272837356667803881,65.0,2,Private room,3.0,1.0,2.0,undefined,32,False,5.0,True,6.0,237,41.89316692618037,-87.6785906279302,Chicago
1273035944262625331,250.0,2,Entire home/apt,1.0,1.0,1.0,undefined,32,True,,False,,261,41.8861693,-87.65860310000001,Chicago
1273036589012362770,252.0,2,Entire home/apt,1.0,1.0,1.0,undefined,32,True,,False,,338,41.8861693,-87.65860310000001,Chicago
1273271487749858422,1130.0,12,Entire home/apt,6.0,6.0,4.0,undefined,2,False,,False,12.0,336,41.9358592,-87.7129224,Chicago
1273393709262677149,275.0,6,Entire home/apt,2.0,3.0,1.0,undefined,2,False,5.0,True,1.0,248,41.9543,-87.66892,Chicago
1273444877636818225,311.0,8,Entire home/apt,5.0,8.0,1.5,undefined,3,False,5.0,True,1.0,254,41.92699,-87.74104,Chicago
1273910201609877591,210.0,2,Entire home/apt,0.0,1.0,1.0,undefined,32,True,,False,,358,41.8861693,-87.65860310000001,Chicago
1274321177279143923,37.0,2,Private room,1.0,1.0,1.0,undefined,32,False,5.0,False,13.0,281,41.782423989832274,-87.60812702699995,Chicago
1274538438589330953,291.0,6,Entire home/apt,2.0,3.0,2.0,undefined,1,False,4.98,True,43.0,60,41.88431417781473,-87.65681291201506,Chicago
1274562049646525209,153.0,4,Entire home/apt,2.0,2.0,1.0,undefined,2,True,5.0,False,1.0,318,41.690994,-87.67338869999999,Chicago
1274969212438978205,179.0,6,Entire home/apt,3.0,3.0,2.0,undefined,32,False,5.0,True,21.0,328,41.93775,-87.68525,Chicago
1275038070609410598,112.0,4,Entire home/apt,2.0,2.0,1.0,undefined,3,False,4.78,False,3.0,111,41.700142747161706,-87.6622678564285,Chicago
1275039425692333036,241.0,10,Entire home/apt,2.0,6.0,2.0,undefined,1,False,4.95,True,11.0,365,41.9261221,-87.6873773,Chicago
1275044622509887316,245.0,9,Entire home/apt,2.0,6.0,2.0,undefined,1,False,4.87,True,11.0,358,41.9261221,-87.6873773,Chicago
1275047126505492587,257.0,9,Entire home/apt,2.0,6.0,2.0,undefined,1,False,4.89,True,11.0,358,41.9261221,-87.6873773,Chicago
1275050619326239276,306.0,10,Entire home/apt,2.0,8.0,2.0,undefined,1,False,5.0,True,11.0,363,41.9261221,-87.6873773,Chicago
1275054068579260378,361.0,15,Entire home/apt,3.0,11.0,2.0,undefined,1,False,5.0,True,11.0,357,41.9261221,-87.6873773,Chicago
1275715934833827991,60.0,2,Private room,3.0,1.0,2.0,undefined,32,False,5.0,True,6.0,130,41.89115409986207,-87.68019441740988,Chicago
1276010390560439600,99.0,8,Entire home/apt,3.0,4.0,1.0,undefined,32,True,5.0,False,2.0,326,41.95577,-87.71883,Chicago
1276189286217121850,149.0,2,Entire home/apt,1.0,1.0,1.0,undefined,32,False,,False,1.0,364,41.8909003,-87.6364339,Chicago
1276848812581223213,255.0,4,Entire home/apt,3.0,3.0,2.0,undefined,3,False,5.0,True,2.0,350,41.96066112199421,-87.70364787429571,Chicago
1276850193412053295,136.0,1,Entire home/apt,1.0,1.0,1.0,undefined,32,True,,True,6.0,316,41.913787,-87.6354885,Chicago
1277556121847703538,71.0,4,Entire home/apt,1.0,1.0,1.0,undefined,32,False,,False,2.0,241,41.91391218267047,-87.63547860964879,Chicago
1277647629028321703,85.0,2,Private room,1.0,1.0,1.0,undefined,1,False,4.96,True,1.0,319,41.80144,-87.59471,Chicago
1277691132898812735,203.0,3,Entire home/apt,2.0,2.0,1.0,undefined,4,False,5.0,True,4.0,29,41.92334,-87.68271,Chicago
1277713992563005592,170.0,6,Entire home/apt,3.0,3.0,1.0,undefined,1,False,4.89,True,1.0,79,41.803336471139865,-87.74828300117456,Chicago
1277811471701218581,43.0,1,Private room,1.0,1.0,1.0,undefined,32,False,5.0,False,13.0,345,41.783901220161006,-87.60812347329326,Chicago
1277837903761442805,113.0,2,Entire home/apt,2.0,1.0,1.0,undefined,32,False,,False,1.0,364,41.7797396,-87.61169459999999,Chicago
1277897372301363519,136.0,6,Entire home/apt,2.0,2.0,1.0,undefined,1,False,4.83,True,2.0,349,41.75063007919636,-87.64843071715221,Chicago
1278241795269294239,87.0,6,Entire home/apt,3.0,3.0,1.0,undefined,2,False,4.37,False,1.0,347,41.883145255733865,-87.75343033098503,Chicago
1278385139764322419,254.0,2,Hotel room,1.0,0.0,1.0,undefined,1,True,5.0,False,33.0,318,41.8931328,-87.6257708,Chicago
1278385989543853315,227.0,4,Hotel room,1.0,0.0,1.0,undefined,1,True,4.84,False,33.0,318,41.8931328,-87.6257708,Chicago
1278389520461009137,682.0,12,Hotel room,3.0,0.0,3.0,undefined,1,True,4.83,False,33.0,318,41.89313,-87.62577,Chicago
1278389929340764943,908.0,16,Hotel room,4.0,0.0,4.0,undefined,1,True,4.88,False,33.0,317,41.8931328,-87.6257708,Chicago
1278391580963800095,229.0,2,Hotel room,1.0,0.0,1.0,undefined,1,True,4.77,False,33.0,318,41.8931328,-87.6257708,Chicago
1278397489785771942,175.0,5,Entire home/apt,2.0,2.0,1.0,undefined,2,True,5.0,True,2.0,76,41.848801928193566,-87.63633613558197,Chicago
1279233581713654756,30.0,2,Private room,1.0,1.0,2.0,undefined,32,True,3.0,True,11.0,322,41.8433031938214,-87.65665834157792,Chicago
1279296085002903316,49.0,6,Private room,1.0,3.0,1.0,undefined,2,False,4.81,False,5.0,73,41.94154,-87.66837,Chicago
1279317110999784936,69.0,8,Private room,1.0,4.0,1.0,undefined,2,False,5.0,False,5.0,73,41.94056061604739,-87.66608765421509,Chicago
1279349569947677926,102.0,2,Private room,1.0,1.0,3.0,undefined,32,True,4.25,False,74.0,234,41.80367,-87.60335,Chicago
1279349598720848417,80.0,2,Private room,1.0,1.0,2.0,undefined,32,True,,False,74.0,340,41.80367,-87.60335,Chicago
1279349628414917068,45.0,2,Private room,1.0,1.0,2.0,undefined,32,True,5.0,False,74.0,326,41.80367,-87.60335,Chicago
1279349658525413925,45.0,2,Private room,1.0,1.0,2.0,undefined,32,True,,False,74.0,280,41.80367,-87.60335,Chicago
1279349686466512677,45.0,2,Private room,1.0,1.0,2.0,undefined,32,True,,False,74.0,284,41.80367,-87.60335,Chicago
1279349712962304027,49.0,2,Private room,1.0,1.0,1.0,undefined,32,True,4.0,False,74.0,206,41.78247,-87.5935,Chicago
1279349744920215831,43.0,2,Private room,1.0,1.0,2.0,undefined,32,True,,False,74.0,326,41.78247,-87.5935,Chicago
1279349770972727321,43.0,2,Private room,1.0,1.0,2.0,undefined,32,True,,False,74.0,327,41.78247,-87.5935,Chicago
1279349797879723423,43.0,2,Private room,1.0,1.0,2.0,undefined,32,True,3.0,False,74.0,97,41.78247,-87.5935,Chicago
1279349825253709821,90.0,2,Private room,1.0,1.0,2.0,undefined,32,True,,False,74.0,191,41.78247,-87.5935,Chicago
1279535728092336615,166.0,2,Entire home/apt,1.0,1.0,1.0,undefined,32,True,,False,,226,41.8672741,-87.62440819999999,Chicago
1279661582865780949,92.0,4,Entire home/apt,1.0,1.0,1.0,undefined,1,False,4.47,False,1.0,240,41.80314,-87.5953,Chicago
1279761238406145506,226.0,5,Entire home/apt,2.0,2.0,1.0,undefined,2,False,4.9,True,12.0,300,41.89241,-87.63332,Chicago
1280409974933261565,46.0,1,Private room,1.0,1.0,2.0,undefined,32,False,,True,6.0,72,41.8684,-87.68773,Chicago
1280420967632453360,46.0,1,Private room,1.0,1.0,2.0,undefined,32,False,,True,6.0,72,41.87072571782235,-87.68609288021354,Chicago
1280425510219064936,46.0,1,Private room,1.0,1.0,2.0,undefined,32,False,,True,6.0,72,41.87044820256638,-87.68763923644609,Chicago
1280661323754524572,193.0,4,Entire home/apt,2.0,2.0,2.0,undefined,1,False,4.99,True,1.0,132,41.90382646954436,-87.68043561815291,Chicago
1281264994928185141,81.0,4,Entire home/apt,1.0,2.0,1.0,undefined,2,False,4.86,True,1.0,60,41.97411659902959,-87.75842897593975,Chicago
1281305058534732857,224.0,10,Entire home/apt,5.0,6.0,3.0,undefined,2,False,4.57,False,1.0,240,41.7456256757032,-87.5888096598467,Chicago
1281550505655072182,149.0,6,Entire home/apt,2.0,6.0,2.0,undefined,3,False,4.8,True,2.0,340,41.99331,-87.66826,Chicago
1281917341928113016,325.0,6,Entire home/apt,3.0,4.0,2.5,undefined,32,True,,False,3.0,272,41.9089252,-87.6298008,Chicago
1281932811859042091,188.0,12,Entire home/apt,4.0,5.0,3.0,undefined,1,True,4.8,True,2.0,357,41.91735567984332,-87.74344117277302,Chicago
1281941577247322124,116.0,3,Entire home/apt,0.0,1.0,1.0,undefined,1,True,4.71,False,43.0,359,42.0012074,-87.665776,Chicago
1282000223766163288,250.0,4,Entire home/apt,1.0,0.0,1.0,undefined,3,True,5.0,False,4.0,212,41.8724306,-87.6332523,Chicago
1282097976141550334,135.0,2,Entire home/apt,1.0,1.0,1.0,undefined,1,False,4.89,False,1.0,329,41.99091,-87.66186,Chicago
1282142031278996137,176.0,7,Entire home/apt,2.0,3.0,2.0,undefined,1,True,4.91,True,15.0,251,41.8768,-87.62805,Chicago
1282628301795210680,108.0,2,Entire home/apt,1.0,1.0,1.0,undefined,2,False,4.81,False,2.0,244,41.97008871066004,-87.65778900493471,Chicago
1282969055377197027,205.0,7,Entire home/apt,2.0,3.0,2.0,undefined,1,True,4.9,True,15.0,249,41.877692834179406,-87.62801878588452,Chicago
1283295005606552681,175.0,2,Entire home/apt,1.0,1.0,1.0,undefined,32,True,,False,,365,41.8746601,-87.675844,Chicago
1283295379561751963,192.0,2,Entire home/apt,1.0,1.0,1.0,undefined,32,True,,False,,211,41.8746601,-87.675844,Chicago
1283296195665787133,496.0,4,Entire home/apt,2.0,2.0,2.0,undefined,32,True,,False,,111,41.8950168,-87.6277882,Chicago
1283317141331468698,40.0,7,Private room,5.0,5.0,3.5,undefined,32,False,,False,2.0,266,41.77522829999999,-87.5954728,Chicago
1283652884096004435,110.0,2,Entire home/apt,1.0,1.0,1.0,undefined,1,False,4.94,True,1.0,319,41.95606725585887,-87.75631779887176,Chicago
1284092534848332170,297.0,4,Entire home/apt,3.0,6.0,3.0,undefined,2,False,4.97,True,4.0,336,41.914916,-87.68952,Chicago
1284202561085472166,135.0,7,Entire home/apt,2.0,3.0,2.0,undefined,1,False,4.56,True,15.0,251,41.876023072423685,-87.6286777971743,Chicago
1284238608270380244,210.0,7,Entire home/apt,2.0,3.0,2.0,undefined,1,True,4.88,True,15.0,340,41.878318689945466,-87.62860736263282,Chicago
1284248399378342313,168.0,7,Entire home/apt,2.0,3.0,2.0,undefined,1,True,4.94,True,15.0,247,41.87605,-87.6281,Chicago
1284411373632639624,199.0,5,Entire home/apt,2.0,3.0,2.0,undefined,1,False,4.92,True,61.0,255,41.86865715369899,-87.63162116469789,Chicago
1284721129388006678,226.0,8,Entire home/apt,2.0,5.0,2.0,undefined,1,True,5.0,False,5.0,228,41.95070579710794,-87.65693811457795,Chicago
1284754171877600643,254.0,4,Entire home/apt,2.0,2.0,2.0,undefined,32,True,,False,,352,41.8746601,-87.675844,Chicago
1284830703199090820,239.0,5,Entire home/apt,2.0,2.0,1.0,undefined,2,False,5.0,False,1.0,356,41.93264,-87.71849,Chicago
1284919595171639536,257.0,1,Entire home/apt,4.0,4.0,1.0,undefined,32,False,5.0,False,8.0,321,41.76892073808465,-87.61820551415505,Chicago
1284982807347976058,50.0,1,Private room,1.0,1.0,1.0,undefined,32,False,5.0,True,3.0,332,41.89696169152168,-87.7008442985962,Chicago
1285110208275722407,285.0,3,Entire home/apt,1.0,1.0,1.0,undefined,32,True,5.0,True,79.0,118,41.89774,-87.63569,Chicago
1285190208794675950,188.0,12,Entire home/apt,3.0,6.0,2.0,undefined,2,False,4.71,True,44.0,344,41.9684135,-87.685887,Chicago
1285210923237829717,101.0,2,Entire home/apt,1.0,1.0,1.0,undefined,2,False,4.9,True,44.0,346,41.9113043,-87.6486094,Chicago
1285229754181958407,160.0,2,Entire home/apt,1.0,1.0,1.0,undefined,32,True,,False,,177,41.8672741,-87.62440819999999,Chicago
1285367568828528492,224.0,5,Entire home/apt,2.0,2.0,2.0,undefined,32,True,5.0,True,79.0,99,41.89676165492297,-87.64097933903435,Chicago
1285389433419454764,167.0,3,Entire home/apt,1.0,1.0,1.0,undefined,32,True,,True,79.0,79,41.895054910205296,-87.63889298860552,Chicago
1285498616670698406,199.0,5,Entire home/apt,2.0,3.0,2.0,undefined,1,False,4.96,True,61.0,345,41.869948763148805,-87.63199258296788,Chicago
1285552363560058744,266.0,8,Entire home/apt,3.0,6.0,1.0,undefined,32,False,5.0,False,1.0,329,41.910589214211896,-87.67561898779789,Chicago
1285567847733300395,81.0,4,Entire home/apt,1.0,2.0,1.0,undefined,1,False,5.0,True,1.0,125,41.959551078174655,-87.71519551246683,Chicago
1286283859281041787,95.0,2,Entire home/apt,1.0,1.0,1.0,undefined,4,False,5.0,False,2.0,62,41.9922566,-87.77757299999999,Chicago
1286291353983862284,84.0,4,Entire home/apt,1.0,1.0,1.0,undefined,32,False,5.0,True,1.0,297,41.96796,-87.65109,Chicago
1286378224471387164,88.0,4,Entire home/apt,1.0,2.0,1.0,undefined,32,True,4.5,False,3.0,253,42.0122365,-87.6634988,Chicago
1286887028147516852,243.0,10,Entire home/apt,3.0,6.0,1.0,undefined,1,True,3.0,True,4.0,325,41.72223,-87.60868,Chicago
1287048606160289573,157.0,6,Entire home/apt,2.0,2.0,1.0,undefined,1,False,5.0,False,1.0,303,41.95198009323618,-87.70354757856686,Chicago
1287146176347574856,206.0,7,Entire home/apt,3.0,4.0,1.0,undefined,2,False,5.0,True,1.0,352,41.86854,-87.77267,Chicago
1287217869859113111,154.0,3,Entire home/apt,1.0,1.0,1.0,undefined,32,False,5.0,False,12.0,77,41.870174,-87.6655892,Chicago
1287609842871062878,107.0,6,Entire home/apt,3.0,4.0,1.0,undefined,2,False,4.97,True,2.0,130,41.84602,-87.63396,Chicago
1287881600810140375,279.0,12,Entire home/apt,3.0,7.0,2.5,undefined,2,False,4.92,False,1.0,169,41.8679831,-87.6596957,Chicago
1288289928331064077,85.0,4,Entire home/apt,1.0,2.0,1.0,undefined,2,False,4.0,False,6.0,273,41.79096959551496,-87.697505878821,Chicago
1288411300189046044,476.0,3,Hotel room,1.0,0.0,1.0,undefined,1,True,5.0,False,33.0,364,41.8873941,-87.625694,Chicago
1288412363692367764,442.0,4,Hotel room,1.0,0.0,1.0,undefined,1,True,4.8,False,33.0,360,41.8873941,-87.625694,Chicago
1288415428081302574,50000.0,4,Hotel room,1.0,0.0,1.0,undefined,1,True,4.88,False,33.0,351,41.8873941,-87.625694,Chicago
1288421823668538788,417.0,2,Hotel room,1.0,0.0,1.0,undefined,1,True,5.0,False,33.0,363,41.8873941,-87.625694,Chicago
1288425427965936009,375.0,2,Hotel room,1.0,0.0,1.0,undefined,1,True,4.0,False,33.0,357,41.8873941,-87.625694,Chicago
1288430337741357588,40000.0,3,Hotel room,1.0,0.0,1.0,undefined,1,True,,False,33.0,349,41.8873941,-87.625694,Chicago
1288435435504823757,50000.0,4,Hotel room,1.0,0.0,1.0,undefined,1,True,4.7,False,33.0,308,41.8873941,-87.625694,Chicago
1288465784119117015,100.0,5,Entire home/apt,1.0,0.0,1.0,undefined,1,True,4.92,True,2.0,332,41.96839749999999,-87.77455789999999,Chicago
1288486450583195229,50000.0,12,Hotel room,3.0,0.0,3.0,undefined,1,True,5.0,False,33.0,286,41.8873941,-87.625694,Chicago
1288488226110621585,40000.0,16,Hotel room,4.0,0.0,4.0,undefined,1,True,5.0,False,33.0,275,41.8873941,-87.625694,Chicago
1288491632012079929,698.0,3,Hotel room,1.0,0.0,1.0,undefined,1,True,5.0,False,33.0,364,41.8873941,-87.625694,Chicago
1288492545555986646,791.0,3,Hotel room,1.0,0.0,1.0,undefined,1,True,,False,33.0,364,41.8873941,-87.625694,Chicago
1288524425446697617,110.0,1,Private room,1.0,1.0,1.0,undefined,32,False,,False,8.0,296,41.8937667,-87.661372,Chicago
1288590643029737153,413.0,8,Entire home/apt,4.0,4.0,3.0,undefined,1,True,4.0,True,136.0,342,41.9083224,-87.65032839999999,Chicago
1288743731237693154,129.0,6,Entire home/apt,2.0,3.0,1.0,undefined,2,True,5.0,,35.0,168,41.8982655,-87.68842889999999,Chicago
1288779407697998158,110.0,2,Entire home/apt,1.0,1.0,1.0,undefined,1,True,4.35,False,18.0,351,41.98831828327989,-87.66565212093079,Chicago
1289085677490957670,341.0,6,Entire home/apt,3.0,3.0,2.0,undefined,32,True,,False,,360,41.8746601,-87.675844,Chicago
1289086047541631026,403.0,4,Entire home/apt,2.0,2.0,2.0,undefined,32,True,,False,,329,41.8950168,-87.6277882,Chicago
1289086904382473028,232.0,4,Entire home/apt,2.0,2.0,2.0,undefined,32,True,,False,,279,41.8672741,-87.62440819999999,Chicago
1289538989923459279,26.0,1,Private room,1.0,1.0,2.0,undefined,32,True,5.0,True,11.0,319,41.842,-87.65586,Chicago
1289792655213011775,26.0,1,Private room,1.0,1.0,2.0,undefined,32,True,4.0,True,11.0,355,41.841791208374,-87.65821046600061,Chicago
1289793630442671250,288.0,8,Entire home/apt,3.0,3.0,2.0,undefined,2,True,4.64,False,59.0,337,41.85302,-87.62508,Chicago
1289890812970525556,97.0,6,Entire home/apt,2.0,2.0,1.0,undefined,2,False,4.9,,8.0,160,41.91117,-87.72335,Chicago
1289900487010596048,141.0,6,Entire home/apt,2.0,2.0,2.0,undefined,2,False,4.62,False,88.0,133,41.92655717703944,-87.65920517130336,Chicago
1290014018031614673,48.0,1,Private room,1.0,1.0,1.0,undefined,32,False,5.0,,10.0,326,41.93448494572555,-87.71225338747817,Chicago
1290105487158584784,42.0,1,Private room,1.0,1.0,2.0,undefined,1,True,4.25,,53.0,169,41.83855,-87.64361,Chicago
1290119241263255290,30.0,2,Private room,1.0,1.0,2.0,undefined,32,True,3.0,True,11.0,340,41.84136915534311,-87.65750645540983,Chicago
1290280108005220639,45.0,1,Private room,1.0,1.0,2.0,undefined,1,True,4.0,,53.0,176,41.83826538167809,-87.64162087227338,Chicago
1290348238523724466,454.0,8,Hotel room,2.0,0.0,2.0,undefined,1,True,4.25,False,33.0,317,41.8931328,-87.6257708,Chicago
1290499315073780607,74.0,2,Private room,1.0,1.0,1.0,undefined,33,False,,False,2.0,179,41.968319681626646,-87.7167001013324,Chicago
1290756695202955759,285.0,5,Entire home/apt,2.0,2.0,1.0,undefined,2,False,5.0,True,3.0,341,41.9123319931534,-87.63835083693266,Chicago
1290999130732358984,475.0,8,Entire home/apt,3.0,4.0,2.0,undefined,2,False,5.0,True,3.0,336,41.912332,-87.6383508,Chicago
1291463738051181252,72.0,4,Entire home/apt,1.0,1.0,1.0,undefined,32,True,,False,1.0,365,41.8789,-87.77313,Chicago
1291492115169479560,114.0,2,Entire home/apt,1.0,1.0,1.0,undefined,2,False,5.0,True,4.0,125,41.95181,-87.72081,Chicago
1291572897689126672,200.0,12,Entire home/apt,4.0,4.0,2.0,undefined,3,False,,False,3.0,358,41.69676663339466,-87.66455009878243,Chicago
1291718750414371009,109.0,2,Entire home/apt,0.0,1.0,1.0,undefined,1,True,4.15,False,43.0,358,42.00218959555774,-87.66462771199097,Chicago
1291755408228949642,144.0,4,Entire home/apt,2.0,2.0,1.0,undefined,32,True,4.55,,35.0,171,41.8923778,-87.68290239999999,Chicago
1292092416157875561,132.0,5,Entire home/apt,2.0,2.0,1.0,undefined,1,False,4.94,False,4.0,78,41.83952,-87.71022,Chicago
1292286981122736791,123.0,5,Entire home/apt,2.0,0.0,1.0,undefined,2,False,4.47,True,2.0,73,41.78326,-87.61183,Chicago
1292330313263262513,174.0,7,Entire home/apt,3.0,3.0,2.0,undefined,2,False,4.98,,4.0,336,41.93482530028722,-87.71662838836059,Chicago
1292429714251602750,180.0,3,Entire home/apt,2.0,2.0,1.0,undefined,2,False,5.0,True,24.0,295,41.89616312257303,-87.68198739933939,Chicago
1292665691541275842,461.0,6,Entire home/apt,2.0,2.0,2.0,undefined,2,False,4.96,,12.0,340,41.94733,-87.65066,Chicago
1292925384300097272,26.0,2,Private room,1.0,1.0,2.0,undefined,32,True,1.0,True,11.0,358,41.84128265075982,-87.65641384183576,Chicago
1292956519936473925,115.0,4,Entire home/apt,1.0,2.0,1.0,undefined,2,True,4.8,,32.0,166,42.015754819303694,-87.66371313482523,Chicago
1293004038848609872,55.0,4,Entire home/apt,3.0,3.0,1.0,undefined,32,False,,False,13.0,283,41.78307034066754,-87.60598995743398,Chicago
1293041474116832611,425.0,10,Entire home/apt,3.0,4.0,2.5,undefined,1,True,4.92,True,2.0,312,41.80480216914339,-87.61457946522792,Chicago
1293167369590611198,480.0,2,Entire home/apt,2.0,3.0,2.0,undefined,32,False,,False,20.0,364,41.89302,-87.62037,Chicago
1293872018692874793,661.0,16,Entire home/apt,6.0,8.0,3.0,undefined,2,False,4.96,True,1.0,236,41.95585,-87.67066,Chicago
1294419309736536411,97.0,6,Entire home/apt,1.0,3.0,1.0,undefined,1,False,4.6,True,18.0,70,41.9295159,-87.72051010000001,Chicago
1294471646097188828,175.0,6,Entire home/apt,2.0,2.0,1.0,undefined,2,False,4.89,True,1.0,197,41.85897,-87.658,Chicago
1294593337377349716,76.0,7,Entire home/apt,2.0,3.0,2.0,undefined,2,False,4.13,False,24.0,334,41.9010398,-87.6325001,Chicago
1295292025130504701,109.0,2,Entire home/apt,1.0,1.0,1.0,undefined,2,False,4.33,True,11.0,116,41.77860039999999,-87.6007202,Chicago
1295661506326195193,162.0,2,Entire home/apt,1.0,1.0,1.0,undefined,32,True,,False,,40,41.8672741,-87.62440819999999,Chicago
1295661890784503478,150.0,2,Entire home/apt,1.0,1.0,1.0,undefined,32,True,,False,,293,41.8672741,-87.62440819999999,Chicago
1295662256645943716,253.0,2,Entire home/apt,1.0,1.0,1.0,undefined,32,True,5.0,False,,231,41.8925495,-87.6162736,Chicago
1295714891101387461,450.0,10,Entire home/apt,3.0,4.0,2.5,undefined,1,True,5.0,True,2.0,296,41.803624622476,-87.61256933102976,Chicago
1295934137759114841,152.0,6,Entire home/apt,3.0,3.0,2.0,undefined,1,False,4.74,True,7.0,334,41.86858,-87.68817,Chicago
1296158368116576344,260.0,10,Entire home/apt,3.0,5.0,2.0,undefined,2,False,5.0,True,44.0,350,41.9072138,-87.6934876,Chicago
1296175444294078032,207.0,8,Entire home/apt,3.0,5.0,2.0,undefined,60,False,4.8,True,44.0,261,41.8824161,-87.67757929999999,Chicago
1296426894550629129,122.0,6,Entire home/apt,3.0,3.0,1.0,undefined,3,False,4.75,True,8.0,346,41.8251598,-87.6180016,Chicago
1296498271334688572,99.0,6,Entire home/apt,3.0,3.0,2.0,undefined,32,False,4.33,False,4.0,185,41.78302,-87.61118,Chicago
1296761859792596154,107.0,2,Entire home/apt,0.0,1.0,1.0,undefined,1,True,4.63,False,43.0,358,42.00121,-87.66578,Chicago
1297020023965808556,159.0,4,Entire home/apt,3.0,3.0,1.0,undefined,32,False,,True,3.0,356,41.89093338770752,-87.66087401658297,Chicago
1297085119353957230,90.0,5,Entire home/apt,1.0,3.0,1.0,undefined,1,True,4.7,False,2.0,342,41.93797529295527,-87.83263727028489,Chicago
1297184093623484018,99.0,2,Entire home/apt,2.0,1.0,2.0,undefined,32,False,,False,4.0,365,41.77517881919654,-87.58812446147203,Chicago
1297287067064754255,185.0,4,Entire home/apt,2.0,2.0,1.0,undefined,2,True,4.71,True,10.0,81,41.85111636962167,-87.67958742326627,Chicago
1297537609909415827,105.0,2,Private room,1.0,1.0,1.0,undefined,1,False,5.0,False,2.0,240,41.93651111663017,-87.68309142440557,Chicago
1297827589267755036,34.0,1,Private room,1.0,1.0,1.0,undefined,6,False,4.89,True,3.0,357,41.696043873812165,-87.54349019565505,Chicago
1297841661372799750,29.0,1,Private room,1.0,1.0,1.0,undefined,6,False,4.82,True,3.0,345,41.69498,-87.54341,Chicago
1297923440159228394,415.0,10,Entire home/apt,3.0,5.0,3.0,undefined,2,False,4.85,True,41.0,114,41.9026426,-87.6258993,Chicago
1298327062146923643,221.0,2,Entire home/apt,1.0,1.0,1.0,undefined,32,True,,False,,151,41.8989104,-87.62797139999999,Chicago
1298332597286026364,141.0,2,Entire home/apt,1.0,1.0,1.0,undefined,32,True,5.0,False,,263,41.9839704,-87.655453,Chicago
1298746571352975406,56.0,2,Private room,1.0,1.0,1.0,undefined,1,True,4.87,True,2.0,186,41.9647043,-87.6510481,Chicago
1299404518424538844,94.0,2,Entire home/apt,0.0,1.0,1.0,undefined,1,True,4.67,False,43.0,357,42.00037279351398,-87.66647501089282,Chicago
1299930686739686049,80.0,2,Entire home/apt,1.0,1.0,1.0,undefined,32,False,,False,1.0,364,41.92034558227927,-87.63628420442686,Chicago
1299947606571842905,90.0,2,Private room,1.0,1.0,1.0,undefined,2,False,4.95,True,3.0,333,41.8118667,-87.6095965,Chicago
1299961150698448337,892.0,16,Entire home/apt,12.0,12.0,9.0,undefined,1,False,,True,136.0,361,41.90847,-87.65036,Chicago
1299962087812030351,1135.0,16,Entire home/apt,16.0,16.0,12.0,undefined,1,False,,True,136.0,364,41.9083224,-87.65032839999999,Chicago
1299962695189981514,730.0,16,Entire home/apt,8.0,8.0,6.0,undefined,1,False,4.0,True,136.0,364,41.90847,-87.65036,Chicago
1300093895098687392,34.0,2,Private room,1.0,1.0,1.0,undefined,32,False,,True,3.0,362,41.87009,-87.71839,Chicago
1300159566670920271,143.0,3,Entire home/apt,3.0,3.0,1.0,undefined,3,False,4.57,False,1.0,162,41.8773787451584,-87.7558203775541,Chicago
1300845887411816120,231.0,10,Entire home/apt,4.0,5.0,3.0,undefined,3,False,4.87,True,1.0,72,41.91158077707429,-87.72873844232626,Chicago
1300943764600413432,154.0,5,Entire home/apt,2.0,4.0,1.0,undefined,2,False,4.96,True,2.0,3,41.74802828115871,-87.63447958910353,Chicago
1301401921877955543,52.0,1,Private room,1.0,1.0,1.0,undefined,6,False,5.0,False,11.0,9,41.844015285035496,-87.65875735977758,Chicago
1301502749606155214,162.0,5,Entire home/apt,2.0,2.0,1.0,undefined,2,True,5.0,False,1.0,83,41.7808713292722,-87.61016913884467,Chicago
1302154847791567995,83.0,1,Private room,1.0,1.0,1.0,undefined,32,False,,False,3.0,88,41.93011819234452,-87.64199380718568,Chicago
1302191144608208132,58.0,4,Entire home/apt,2.0,3.0,1.0,undefined,32,False,,False,1.0,326,41.782633,-87.6129958,Chicago
1302282186383318069,108.0,2,Entire home/apt,1.0,1.0,1.0,undefined,1,False,4.67,True,44.0,353,41.9393175,-87.6429285,Chicago
1302287090687096948,208.0,6,Entire home/apt,2.0,3.0,1.0,undefined,1,False,4.95,True,44.0,357,41.9393175,-87.6429285,Chicago
1302467502769720643,33.0,1,Private room,1.0,1.0,1.0,undefined,2,False,4.0,False,9.0,276,41.825103379613104,-87.69143722667143,Chicago
1302487353565958350,32.0,1,Private room,1.0,1.0,1.0,undefined,2,False,4.56,False,4.0,245,41.83448353019045,-87.66591226630071,Chicago
1302498659858454372,37.0,2,Private room,1.0,1.0,1.0,undefined,2,False,4.63,False,11.0,357,41.874535703099205,-87.69262428053615,Chicago
1302990165822082531,37.0,1,Private room,1.0,1.0,1.0,undefined,32,True,1.0,True,12.0,258,41.77420207372055,-87.61220040809323,Chicago
1303008544301300178,130.0,4,Entire home/apt,2.0,2.0,1.0,undefined,1,True,4.44,,35.0,167,41.89689,-87.69765,Chicago
1303027568640410131,74.0,2,Entire home/apt,1.0,0.0,1.0,undefined,32,False,,True,15.0,162,41.8559386,-87.6946711,Chicago
1303029506265434748,32.0,2,Private room,1.0,1.0,1.0,undefined,1,True,3.75,False,25.0,342,41.83899,-87.63273,Chicago
1303123384091940422,116.0,10,Entire home/apt,3.0,5.0,1.0,undefined,1,False,4.69,True,18.0,350,41.8592891,-87.6591182,Chicago
1303214390591183042,300.0,6,Entire home/apt,3.0,3.0,2.0,undefined,32,True,,False,1.0,210,41.96258,-87.69746,Chicago
1303610301599163532,74.0,2,Entire home/apt,1.0,0.0,1.0,undefined,32,False,,True,15.0,109,41.8560673,-87.6947069,Chicago
1303610440330865546,74.0,2,Entire home/apt,1.0,1.0,1.0,undefined,32,False,,True,15.0,248,41.86319,-87.69547,Chicago
1303673351465516864,37.0,1,Private room,1.0,1.0,1.0,undefined,32,True,,True,12.0,182,41.77479,-87.6125,Chicago
1303691498384934867,30.0,1,Private room,1.0,2.0,1.0,undefined,32,True,,True,12.0,208,41.77524651640627,-87.61267116307634,Chicago
1303932555881633659,130.0,5,Private room,3.0,5.0,1.0,undefined,3,False,4.75,False,1.0,172,41.73441,-87.57275,Chicago
1303948928130093782,111.0,6,Entire home/apt,3.0,3.0,2.0,undefined,1,True,4.9,True,1.0,175,41.80654,-87.60801,Chicago
1303951591125646673,132.0,5,Entire home/apt,2.0,2.0,1.0,undefined,2,True,4.93,True,1.0,69,41.94795768373764,-87.74926936617824,Chicago
1304125008340466556,212.0,6,Entire home/apt,2.0,3.0,1.0,undefined,2,False,4.91,True,12.0,307,41.89217,-87.63337,Chicago
1304152509136470265,254.0,7,Entire home/apt,2.0,3.0,2.0,undefined,2,False,4.97,True,12.0,295,41.89217,-87.63337,Chicago
1304394541254551245,221.0,2,Entire home/apt,1.0,1.0,1.0,undefined,32,True,,False,,207,41.8989104,-87.62797139999999,Chicago
1304395009100571252,222.0,2,Entire home/apt,1.0,1.0,1.0,undefined,32,True,,False,,91,41.8989104,-87.62797139999999,Chicago
1304453137114214057,55.0,2,Private room,1.0,1.0,1.0,undefined,32,True,,False,56.0,277,41.87193,-87.65353,Chicago
1304572744360486356,110.0,2,Entire home/apt,1.0,1.0,1.0,undefined,2,True,4.28,,70.0,348,41.91098871180426,-87.68857095419501,Chicago
1304606690862941297,182.0,2,Entire home/apt,1.0,1.0,1.0,undefined,32,False,4.8,True,7.0,240,41.90856083832965,-87.63386407485919,Chicago
1305101814489206289,355.0,4,Entire home/apt,1.0,2.0,1.0,undefined,1,True,4.65,False,73.0,323,41.89454016697661,-87.61703633118762,Chicago
1305106073110961557,273.0,4,Entire home/apt,1.0,2.0,1.0,undefined,1,True,4.68,False,73.0,344,41.89272,-87.61534,Chicago
1305106459269672679,292.0,2,Entire home/apt,,1.0,1.0,undefined,1,True,4.33,False,73.0,293,41.8929881307879,-87.61758232715206,Chicago
1305107872984965566,565.0,6,Entire home/apt,2.0,3.0,1.0,undefined,1,True,4.67,False,73.0,317,41.89290967867012,-87.61552777310041,Chicago
1305110241358456908,637.0,6,Entire home/apt,2.0,3.0,2.0,undefined,1,True,4.52,False,73.0,308,41.89288,-87.61539,Chicago
1305110882327285115,334.0,2,Entire home/apt,,1.0,1.0,undefined,1,True,4.71,False,73.0,323,41.89258,-87.61574,Chicago
1305115263858160918,374.0,4,Entire home/apt,,2.0,1.0,undefined,1,True,4.63,False,73.0,331,41.89251,-87.61529,Chicago
1305117318890099615,713.0,8,Entire home/apt,3.0,4.0,2.0,undefined,1,True,4.43,False,73.0,284,41.89474699177716,-87.61700414395904,Chicago
1305440831966983946,91.0,6,Entire home/apt,3.0,3.0,1.0,undefined,2,False,4.58,False,2.0,352,41.77331,-87.606,Chicago
1305687041447274195,233.0,1,Entire home/apt,1.0,1.0,1.0,undefined,32,True,,False,,247,41.8925495,-87.6162736,Chicago
1305743217273716375,102.0,2,Entire home/apt,0.0,1.0,1.0,undefined,1,True,4.67,False,43.0,365,42.00036021874954,-87.6653951547174,Chicago
1306444888542326055,165.0,3,Entire home/apt,1.0,2.0,1.0,undefined,1,True,5.0,True,2.0,343,41.9525285,-87.6559728,Chicago
1307272130074867408,258.0,4,Entire home/apt,2.0,2.0,2.0,undefined,3,True,4.83,True,1.0,283,42.0112554,-87.668227,Chicago
1307478147586208638,142.0,2,Entire home/apt,1.0,1.0,1.0,undefined,1,True,5.0,True,1.0,343,41.83838421953016,-87.61865184816564,Chicago
1307537496136314789,126.0,4,Entire home/apt,2.0,2.0,1.0,undefined,1,True,4.82,True,1.0,328,41.9404479,-87.70671929999999,Chicago
1307542335736131544,143.0,4,Entire home/apt,2.0,2.0,2.0,undefined,1,False,5.0,False,2.0,189,41.89899,-87.66858,Chicago
1307935388983993805,222.0,2,Entire home/apt,1.0,1.0,1.0,undefined,32,True,,False,,83,41.8906484,-87.6361458,Chicago
1307938759943841917,311.0,4,Entire home/apt,2.0,2.0,2.0,undefined,32,True,,False,,55,41.8919731,-87.6221473,Chicago
1307939316437175670,255.0,2,Entire home/apt,1.0,1.0,1.0,undefined,32,True,,False,,287,41.8919731,-87.6221473,Chicago
1307939827136036011,310.0,2,Entire home/apt,1.0,1.0,1.0,undefined,32,True,,False,,359,41.8919731,-87.6221473,Chicago
1308023132216905281,371.0,4,Entire home/apt,2.0,2.0,2.0,undefined,32,True,,False,,364,41.8919731,-87.6221473,Chicago
1308023132351694222,326.0,4,Entire home/apt,2.0,2.0,2.0,undefined,32,True,,False,,209,41.8919731,-87.6221473,Chicago
1308301795181486711,126.0,4,Entire home/apt,1.0,1.0,1.0,undefined,2,True,5.0,True,97.0,282,41.94958838632513,-87.70691002489193,Chicago
1308302283539527283,125.0,4,Entire home/apt,1.0,1.0,1.0,undefined,2,True,5.0,True,97.0,343,41.94764,-87.70703,Chicago
1308322007524928104,60.0,2,Private room,1.0,1.0,2.0,undefined,32,False,,False,6.0,284,41.783592151205205,-87.6132314380162,Chicago
1308349668630919051,62.0,2,Private room,1.0,1.0,1.5,undefined,3,True,4.56,False,11.0,321,41.8012,-87.59649,Chicago
1308350338804698070,579.0,14,Entire home/apt,4.0,7.0,2.0,undefined,2,False,5.0,,29.0,217,41.90973,-87.67591,Chicago
1308357105793649372,62.0,2,Private room,1.0,1.0,1.5,undefined,3,True,5.0,False,11.0,326,41.80109,-87.59878,Chicago
1308365276419004942,36.0,2,Private room,1.0,1.0,1.0,undefined,32,False,5.0,False,6.0,356,41.782633,-87.6129958,Chicago
1308547663849723453,282.0,4,Entire home/apt,2.0,2.0,2.0,undefined,32,True,,False,,301,41.8911995,-87.6278336,Chicago
1308629887769963031,128.0,5,Entire home/apt,2.0,2.0,1.0,undefined,32,False,5.0,,17.0,90,41.918862,-87.7154958,Chicago
1308812266434747413,186.0,8,Entire home/apt,3.0,4.0,1.5,undefined,2,False,4.71,False,1.0,90,41.9546752,-87.713223,Chicago
1308823256587006385,99.0,5,Entire home/apt,3.0,3.0,1.5,undefined,32,False,5.0,False,3.0,174,41.91525126554248,-87.70334717482747,Chicago
1308865142633784201,95.0,2,Private room,1.0,1.0,1.0,undefined,2,False,4.94,True,4.0,137,41.91583089181279,-87.68891382438203,Chicago
1308877406191221153,90.0,2,Private room,1.0,1.0,1.0,undefined,2,False,4.95,True,4.0,15,41.9139785564917,-87.68918667464789,Chicago
1309050495001791835,45.0,1,Private room,1.0,3.0,3.0,undefined,32,False,5.0,False,2.0,230,41.8473625,-87.6192777,Chicago
1309395528590831108,336.0,4,Entire home/apt,2.0,2.0,2.0,undefined,32,True,,False,,359,41.8850065,-87.64402919999999,Chicago
1309408753257718493,386.0,4,Entire home/apt,2.0,2.0,2.0,undefined,32,True,,False,,365,41.8850065,-87.64402919999999,Chicago
1309409092813916766,292.0,4,Entire home/apt,2.0,2.0,2.0,undefined,32,True,,False,,268,41.8850065,-87.64402919999999,Chicago
1309641680867529146,1049.0,3,Entire home/apt,1.0,2.0,1.0,undefined,1,True,4.89,True,17.0,273,41.8970541,-87.63437979999999,Chicago
1309644296479762011,864.0,5,Entire home/apt,2.0,4.0,2.0,undefined,1,True,4.82,True,17.0,234,41.8970541,-87.63437979999999,Chicago
1309651296116285031,1049.0,2,Entire home/apt,1.0,1.0,1.0,undefined,1,True,4.77,True,17.0,296,41.8970541,-87.63437979999999,Chicago
1309653776799066764,1049.0,2,Entire home/apt,0.0,1.0,1.0,undefined,1,True,4.82,True,17.0,294,41.8970541,-87.63437979999999,Chicago
1309722366977114978,79.0,5,Entire home/apt,3.0,3.0,1.0,undefined,32,True,5.0,False,1.0,174,41.94999466602493,-87.74557744559654,Chicago
1309727852479629423,121.0,6,Private room,2.0,2.0,2.0,undefined,32,True,,False,1.0,364,41.8684675219155,-87.63333760129987,Chicago
1310180950975509259,265.0,3,Entire home/apt,1.0,2.0,1.0,undefined,1,True,4.72,True,17.0,300,41.8955449,-87.6289803,Chicago
1310284504540928116,43.0,2,Private room,1.0,1.0,1.0,undefined,32,False,,False,4.0,264,41.781848496991934,-87.61215899093624,Chicago
1310428883343042370,155.0,5,Entire home/apt,2.0,3.0,1.0,undefined,1,True,4.96,,22.0,346,41.91937,-87.637,Chicago
1310831410846795138,116.0,4,Entire home/apt,2.0,2.0,1.0,undefined,2,False,4.75,True,2.0,245,41.95018,-87.81152,Chicago
1310835514882225850,242.0,2,Entire home/apt,1.0,1.0,1.0,undefined,32,True,,False,,183,41.8906484,-87.6361458,Chicago
1310944655131544750,115.0,2,Entire home/apt,0.0,1.0,1.0,undefined,1,True,4.0,False,43.0,362,42.00024,-87.66517,Chicago
1311297004628074604,41.0,1,Private room,1.0,1.0,1.0,undefined,1,True,4.27,,53.0,356,41.84038,-87.64146,Chicago
1311319169527742893,41.0,1,Private room,1.0,1.0,1.0,undefined,1,True,3.4,,53.0,352,41.83862,-87.64143,Chicago
1311321804278856956,48.0,1,Private room,1.0,1.0,2.0,undefined,1,True,3.5,,53.0,357,41.84024,-87.64295,Chicago
1311875418561555063,85.0,2,Entire home/apt,1.0,1.0,1.0,undefined,1,True,4.64,False,3.0,176,42.00195,-87.66631,Chicago
1312440119836177199,317.0,8,Entire home/apt,3.0,4.0,2.0,undefined,2,False,5.0,False,12.0,77,41.8959,-87.65445,Chicago
1312453744191648612,105.0,3,Entire home/apt,1.0,1.0,1.0,undefined,32,False,,False,1.0,178,41.94691,-87.68793,Chicago
1312563599308066054,154.0,4,Entire home/apt,2.0,2.0,1.0,undefined,2,False,4.95,True,1.0,77,41.85095,-87.67637,Chicago
1313049287093198972,299.0,4,Entire home/apt,2.0,2.0,2.0,undefined,32,True,,False,,345,41.8919731,-87.6221473,Chicago
1313055926385410230,182.0,2,Entire home/apt,0.0,1.0,1.0,undefined,32,True,,False,,365,41.876299,-87.6537208,Chicago
1313071815202475310,77.0,1,Private room,1.0,1.0,1.0,undefined,1,False,4.88,,15.0,249,41.94053,-87.71471,Chicago
1313086298380296487,999.0,3,Entire home/apt,1.0,2.0,1.0,undefined,1,True,4.81,True,17.0,283,41.8955449,-87.6289803,Chicago
1313201709574547006,92.0,4,Entire home/apt,2.0,2.0,1.0,undefined,32,True,5.0,False,376.0,356,41.99889505262863,-87.68473136135275,Chicago
1313352530338621785,135.0,4,Entire home/apt,2.0,2.0,1.0,undefined,2,False,4.9,True,1.0,316,41.91083,-87.68706,Chicago
1313723485631792507,295.0,4,Entire home/apt,2.0,2.0,2.0,undefined,32,True,,False,,64,41.8843773,-87.6626888,Chicago
1313796026369122100,999.0,5,Entire home/apt,2.0,3.0,2.0,undefined,1,True,4.82,True,17.0,283,41.8955449,-87.6289803,Chicago
1313843065451003891,999.0,2,Entire home/apt,0.0,1.0,1.0,undefined,1,True,4.82,True,17.0,299,41.8955449,-87.6289803,Chicago
1313849359480390872,267.0,2,Entire home/apt,0.0,1.0,1.0,undefined,1,True,4.74,True,17.0,293,41.8955449,-87.6289803,Chicago
1313854840159902571,999.0,2,Entire home/apt,0.0,1.0,1.0,undefined,1,True,4.81,True,17.0,283,41.8955449,-87.6289803,Chicago
1313983214201731621,81.0,2,Entire home/apt,0.0,1.0,1.0,undefined,180,False,,True,3.0,355,41.90997805634347,-87.63237152050279,Chicago
1314519732532674661,40000.0,8,Private room,2.0,0.0,2.0,undefined,1,True,,False,6545.0,342,41.89692533799064,-87.62218339848378,Chicago
1315240983957685414,234.0,2,Entire home/apt,1.0,1.0,1.0,undefined,32,True,,False,,277,41.8989104,-87.62797139999999,Chicago
1315241418567461937,240.0,4,Entire home/apt,2.0,2.0,1.0,undefined,32,True,,False,,135,41.876299,-87.6537208,Chicago
1315355036833362756,92.0,4,Entire home/apt,2.0,2.0,2.0,undefined,2,True,4.77,False,1.0,224,41.95947,-87.72753,Chicago
1315486096754667274,230.0,10,Entire home/apt,3.0,5.0,2.0,undefined,2,False,4.8,False,6.0,332,41.82143,-87.62066,Chicago
1315882715512149873,183.0,2,Entire home/apt,1.0,1.0,1.0,undefined,32,True,,False,,328,41.8982194,-87.6284907,Chicago
1315913306835034379,119.0,5,Entire home/apt,2.0,2.0,1.5,undefined,32,False,5.0,False,1.0,324,41.7933792,-87.78644589999999,Chicago
1316579988321583134,175.0,8,Entire home/apt,4.0,5.0,2.0,undefined,2,True,4.86,True,5.0,73,41.94302928439846,-87.75598367811877,Chicago
1316618442953500493,45.0,1,Private room,1.0,2.0,1.0,undefined,1,False,4.9,False,2.0,237,41.71891087796691,-87.53783704329472,Chicago
1317798492433632805,35.0,1,Private room,1.0,1.0,2.0,undefined,32,True,3.75,False,7.0,365,41.83714,-87.6688,Chicago
1318041939842330724,339.0,4,Entire home/apt,2.0,2.0,2.0,undefined,32,True,,False,,218,41.876299,-87.6537208,Chicago
1318042495944600686,194.0,2,Entire home/apt,1.0,1.0,1.0,undefined,32,True,,False,,267,41.88438,-87.66269,Chicago
1318064589720219356,208.0,2,Entire home/apt,1.0,1.0,1.0,undefined,32,True,,False,,54,41.8906484,-87.6361458,Chicago
1318155185225764337,253.0,2,Entire home/apt,1.0,1.0,0.0,undefined,32,True,,False,,177,41.8912133,-87.6221817,Chicago
1318342700512739950,392.0,12,Entire home/apt,3.0,7.0,2.5,undefined,1,False,4.86,True,7.0,336,41.89005,-87.66284,Chicago
1318454892562018197,122.0,4,Entire home/apt,2.0,2.0,1.0,undefined,33,True,,False,3.0,180,41.7770976,-87.6462512,Chicago
1319064964106838311,118.0,5,Entire home/apt,2.0,2.0,1.0,undefined,32,True,3.33,False,6.0,300,42.0179,-87.66395,Chicago
1319677006434058293,103.0,3,Entire home/apt,1.0,2.0,1.0,undefined,3,True,4.9,True,2.0,318,41.85888,-87.65325,Chicago
1319680937953872337,119.0,4,Entire home/apt,2.0,2.0,1.0,undefined,32,False,5.0,False,4.0,218,41.927212513760445,-87.71734445767211,Chicago
1319976735866847631,164.0,5,Entire home/apt,2.0,3.0,1.0,undefined,3,False,5.0,True,2.0,256,41.95978,-87.74104,Chicago
1320312772844058957,59.0,1,Private room,1.0,1.0,1.0,undefined,32,True,,False,8.0,365,41.89697,-87.69888,Chicago
1320381997483197027,142.0,6,Entire home/apt,3.0,3.0,1.5,undefined,2,False,5.0,True,11.0,175,41.85293,-87.63672,Chicago
1320429138920789729,109.0,7,Entire home/apt,3.0,4.0,3.0,undefined,2,True,4.79,True,5.0,64,42.02178,-87.66498,Chicago
1321005759350404783,85.0,2,Entire home/apt,1.0,1.0,1.0,undefined,1,False,4.82,True,1.0,294,41.98488,-87.71638,Chicago
1321273426728681425,116.0,7,Entire home/apt,3.0,4.0,1.0,undefined,2,False,4.9,True,1.0,147,41.9192,-87.71464,Chicago
1321303512849608229,105.0,4,Entire home/apt,1.0,1.0,1.0,undefined,2,False,4.94,True,2.0,118,41.915396525100114,-87.69109686387073,Chicago
1321406535988354875,94.0,2,Entire home/apt,1.0,1.0,1.0,undefined,1,True,4.74,,15.0,164,41.940881819581904,-87.71377891302109,Chicago
1321660650559350058,125.0,2,Private room,1.0,1.0,1.0,undefined,32,False,,False,2.0,358,41.86016,-87.66279,Chicago
1322057577871281739,113.0,6,Entire home/apt,3.0,3.0,1.0,undefined,3,True,5.0,False,2.0,120,41.92171,-87.71293,Chicago
1322127819899643624,299.0,6,Entire home/apt,3.0,3.0,2.5,undefined,32,False,,False,2.0,361,41.91234,-87.64246,Chicago
1322633945013055122,122.0,4,Private room,1.0,2.0,1.0,undefined,1,False,5.0,False,1.0,349,41.89844,-87.71181,Chicago
1322781461978188672,179.0,8,Entire home/apt,4.0,4.0,3.0,undefined,32,False,5.0,False,1.0,145,41.72234,-87.62258,Chicago
1322802918835478814,70.0,2,Private room,1.0,1.0,2.0,undefined,32,False,5.0,False,1.0,302,41.91295801789628,-87.67042688382178,Chicago
1323402594804893969,104.0,2,Entire home/apt,1.0,1.0,1.0,undefined,1,True,4.71,False,7.0,349,41.90462,-87.67043,Chicago
1323571800345542296,216.0,6,Entire home/apt,3.0,3.0,1.0,undefined,3,True,4.72,True,4.0,336,41.99483,-87.67482,Chicago
1323843037243415845,174.0,6,Entire home/apt,2.0,3.0,1.0,undefined,1,True,5.0,True,28.0,92,41.90894,-87.66566,Chicago
1323867128133660812,174.0,6,Entire home/apt,2.0,3.0,1.0,undefined,1,True,5.0,True,28.0,109,41.91086,-87.66695,Chicago
1324172898400065286,97.0,2,Entire home/apt,0.0,1.0,1.0,undefined,2,False,4.69,False,43.0,355,41.95716,-87.64989,Chicago
1324810888931970481,40000.0,3,Private room,1.0,0.0,1.0,undefined,1,True,,False,4923.0,361,41.8843129,-87.6334807,Chicago
1325065834085374443,32.0,1,Private room,1.0,1.0,1.0,undefined,32,True,5.0,,53.0,252,41.84029,-87.64172,Chicago
1325244402056268619,236.0,2,Entire home/apt,1.0,1.0,1.0,undefined,32,True,,False,,223,41.8912,-87.62783,Chicago
1325245149030791620,181.0,2,Entire home/apt,1.0,1.0,1.0,undefined,32,True,,False,,130,41.89822,-87.62849,Chicago
1325245659802683473,199.0,2,Entire home/apt,1.0,1.0,1.0,undefined,32,True,,False,,250,41.88556,-87.63466,Chicago
1325334948776475010,103.0,2,Entire home/apt,1.0,2.0,1.0,undefined,32,False,,False,1.0,88,41.89552,-87.64179,Chicago
1325441344962186603,51.0,3,Entire home/apt,1.0,1.0,1.0,undefined,7,False,5.0,False,3.0,145,42.00987911728332,-87.66041661925942,Chicago
1325725648837322641,257.0,13,Entire home/apt,4.0,4.0,3.0,undefined,2,False,4.7,False,1.0,351,41.74003,-87.6488,Chicago
1325979677784856016,218.0,2,Entire home/apt,1.0,1.0,1.0,undefined,32,True,,False,,357,41.88438,-87.66269,Chicago
1325980137973862724,199.0,2,Entire home/apt,1.0,1.0,1.0,undefined,32,True,,False,,325,41.88556,-87.63466,Chicago
1326022025269579814,216.0,2,Entire home/apt,1.0,1.0,1.0,undefined,32,True,,False,,356,41.8763,-87.65372,Chicago
1326022663151331739,221.0,2,Entire home/apt,1.0,1.0,1.0,undefined,32,True,,False,,311,41.88592,-87.62522,Chicago
1326026455761213089,65.0,2,Private room,3.0,1.0,2.0,undefined,32,False,,True,6.0,227,41.89178,-87.68019,Chicago
1326264959582958180,115.0,4,Entire home/apt,2.0,2.0,1.0,undefined,3,False,5.0,True,3.0,357,41.81198,-87.62481,Chicago
1326824060545639411,338.0,6,Entire home/apt,3.0,3.0,2.0,undefined,1,False,5.0,True,1.0,113,41.94308,-87.64412,Chicago
1326938523960388466,82.0,2,Entire home/apt,1.0,1.0,1.0,undefined,32,True,4.75,False,6.0,349,42.01969,-87.66412,Chicago
1327040398234231799,111.0,4,Entire home/apt,2.0,4.0,1.0,undefined,1,False,5.0,False,1.0,301,41.85234,-87.67885,Chicago
1327841150133138287,73.0,4,Entire home/apt,1.0,1.0,1.0,undefined,2,False,5.0,False,6.0,22,41.7925,-87.69769,Chicago
1328373733725368261,153.0,6,Entire home/apt,3.0,4.0,1.0,undefined,1,True,4.85,True,1.0,327,41.94562,-87.77144,Chicago
1328482316502513212,219.0,4,Entire home/apt,2.0,2.0,2.0,undefined,2,False,4.44,False,8.0,339,41.89508,-87.63379,Chicago
1328519599199330643,77.0,9,Entire home/apt,5.0,5.0,1.5,undefined,32,True,,False,376.0,321,41.799381965314105,-87.65350478325406,Chicago
1328757350704268922,157.0,3,Entire home/apt,1.0,1.0,1.0,undefined,2,True,4.44,False,5.0,6,41.88881,-87.63785,Chicago
1328956326703591693,119.0,4,Entire home/apt,1.0,2.0,1.0,undefined,2,True,4.84,True,8.0,145,41.85232,-87.68225,Chicago
1328973931390224151,38.0,2,Private room,1.0,1.0,1.0,undefined,7,True,4.59,False,9.0,121,41.8512,-87.67805,Chicago
1329195027157387495,141.0,4,Entire home/apt,2.0,2.0,1.0,undefined,2,True,4.88,False,376.0,349,41.80677059707308,-87.61233030614683,Chicago
1329944525259321188,147.0,12,Entire home/apt,3.0,3.0,1.5,undefined,3,True,4.79,,7.0,355,41.8937711,-87.6617302,Chicago
1329952044531819921,119.0,6,Entire home/apt,2.0,3.0,2.0,undefined,1,False,4.64,True,18.0,350,41.935384,-87.6606408,Chicago
1329985925492029027,183.0,5,Entire home/apt,2.0,2.0,2.0,undefined,1,True,4.48,False,7.0,0,41.938601637853,-87.71505225530107,Chicago
1330342504226928495,244.0,2,Entire home/apt,1.0,1.0,1.0,undefined,32,True,,False,,283,41.8911934,-87.6279108,Chicago
1330343015526733077,229.0,2,Entire home/apt,1.0,1.0,1.0,undefined,32,True,5.0,False,,307,41.8911934,-87.6279108,Chicago
1330343448119778024,233.0,2,Entire home/apt,1.0,1.0,1.0,undefined,32,True,,False,,163,41.8911934,-87.6279108,Chicago
1330343904573206379,252.0,2,Entire home/apt,1.0,1.0,1.0,undefined,32,True,,False,,208,41.8911934,-87.6279108,Chicago
1330344343964963580,324.0,4,Entire home/apt,2.0,2.0,2.0,undefined,32,True,,False,,343,41.8911934,-87.6279108,Chicago
1330344788820236355,319.0,4,Entire home/apt,2.0,2.0,2.0,undefined,32,True,,False,,199,41.8911934,-87.6279108,Chicago
1330345271099414287,229.0,2,Entire home/apt,1.0,1.0,1.0,undefined,32,True,,False,,311,41.8911934,-87.6279108,Chicago
1330345650972261876,235.0,2,Entire home/apt,1.0,1.0,1.0,undefined,32,True,,False,,178,41.8911995,-87.6278336,Chicago
1330346094416491938,241.0,2,Entire home/apt,1.0,1.0,1.0,undefined,32,True,,False,,267,41.8911995,-87.6278336,Chicago
1330346541388722875,226.0,2,Entire home/apt,1.0,1.0,1.0,undefined,32,True,,False,,251,41.8911995,-87.6278336,Chicago
1330348108011747175,217.0,2,Entire home/apt,1.0,1.0,1.0,undefined,32,True,,False,,165,41.8911995,-87.6278336,Chicago
1330476821385922245,232.0,2,Entire home/apt,1.0,1.0,1.0,undefined,32,True,,False,,135,41.8859193,-87.6252194,Chicago
1330477369771862580,219.0,2,Entire home/apt,1.0,1.0,1.0,undefined,32,True,,False,,158,41.8859193,-87.6252194,Chicago
1330477940911468877,235.0,2,Entire home/apt,1.0,1.0,1.0,undefined,32,True,,False,,284,41.8859193,-87.6252194,Chicago
1330558355273495456,115.0,9,Entire home/apt,4.0,0.0,2.0,undefined,2,True,4.7,True,11.0,362,41.91929,-87.71816,Chicago
1330603125225556212,94.0,5,Entire home/apt,2.0,3.0,1.0,undefined,2,False,4.89,True,1.0,346,41.91557,-87.77143,Chicago
1330611664360887160,134.0,4,Entire home/apt,2.0,2.0,1.0,undefined,32,False,,True,6.0,361,41.8974,-87.62981,Chicago
1330833358952736140,77.0,4,Entire home/apt,2.0,2.0,1.0,undefined,2,False,4.64,True,11.0,348,41.91929046555969,-87.71815560758114,Chicago
1331146112075249081,35.0,2,Private room,1.0,3.0,1.0,undefined,7,True,4.74,False,9.0,73,41.85071701242918,-87.67615844204178,Chicago
1331161465445614349,41.0,1,Private room,1.0,1.0,1.0,undefined,7,True,4.91,False,9.0,47,41.85227245556536,-87.67736605895912,Chicago
1331165790496458405,59.0,3,Entire home/apt,1.0,1.0,1.0,undefined,7,True,4.33,False,9.0,58,41.85085369203296,-87.67594704731538,Chicago
1331255329322201348,97.0,10,Entire home/apt,3.0,4.0,2.0,undefined,2,False,4.78,False,24.0,324,41.8579404,-87.6698526,Chicago
1331265586824923997,1165.0,16,Entire home/apt,6.0,7.0,6.0,undefined,32,True,5.0,True,41.0,89,41.90264,-87.6259,Chicago
1331341742187803915,36.0,2,Private room,1.0,1.0,1.0,undefined,32,False,5.0,False,13.0,278,41.78262,-87.6069,Chicago
1332185854793835072,130.0,6,Entire home/apt,3.0,3.0,1.0,undefined,1,False,5.0,False,2.0,90,41.782779461354814,-87.61261364196557,Chicago
1332515828266751796,70.0,4,Entire home/apt,2.0,2.0,1.0,undefined,90,False,,False,1.0,347,41.7772,-87.61266,Chicago
1332928029074044423,48.0,1,Private room,1.0,1.0,1.0,undefined,32,True,,False,7.0,79,41.88133592939897,-87.68346578390275,Chicago
1334002115892796501,214.0,2,Entire home/apt,1.0,1.0,1.0,undefined,32,True,,False,,277,41.8859193,-87.6252194,Chicago
1334002886314219888,189.0,2,Entire home/apt,1.0,1.0,1.0,undefined,32,True,,False,,200,41.8936738,-87.6339332,Chicago
1334045133137667145,1507.0,16,Entire home/apt,20.0,20.0,15.0,undefined,1,False,,True,136.0,364,41.90846609,-87.65036059,Chicago
1334899516592064466,67.0,2,Private room,1.0,1.0,1.0,undefined,1,True,4.67,True,3.0,349,41.7798196,-87.6092678,Chicago
1334906303743161245,76.0,2,Private room,1.0,1.0,1.0,undefined,1,False,5.0,True,3.0,334,41.78074593242315,-87.60816312697084,Chicago
1335259765903179214,76.0,2,Private room,1.0,1.0,1.0,undefined,2,True,5.0,False,1.0,149,41.83940417435612,-87.63127687548882,Chicago
1335345975856763044,181.0,2,Entire home/apt,1.0,1.0,1.0,undefined,32,True,,False,,84,41.8925495,-87.6162736,Chicago
1335346499027710687,239.0,2,Entire home/apt,1.0,1.0,1.0,undefined,32,True,,False,,260,41.8859193,-87.6252194,Chicago
1335347333567507293,247.0,4,Entire home/apt,2.0,2.0,1.0,undefined,32,True,,False,,223,41.8936738,-87.6339332,Chicago
1335348077665441715,233.0,2,Entire home/apt,1.0,1.0,1.0,undefined,32,True,,False,,167,41.8936738,-87.6339332,Chicago
1335639914676288139,134.0,4,Entire home/apt,4.0,3.0,1.0,undefined,3,False,4.53,False,4.0,55,41.8408031,-87.6339198,Chicago
1335645946146071326,56.0,2,Private room,1.0,1.0,1.0,undefined,2,False,5.0,False,4.0,73,41.8408031,-87.6339198,Chicago
1335660375731711776,45.0,1,Private room,1.0,1.0,1.0,undefined,3,False,,False,4.0,77,41.8408031,-87.6339198,Chicago
1335663806689685628,45.0,1,Private room,1.0,1.0,1.0,undefined,3,False,5.0,False,4.0,77,41.8408031,-87.6339198,Chicago
1336221439508450752,52.0,1,Private room,1.0,1.0,1.0,undefined,32,False,5.0,True,51.0,351,41.782237111129824,-87.60744746890585,Chicago
1336448417683956712,117.0,4,Entire home/apt,0.0,2.0,1.0,undefined,1,False,4.94,True,1.0,250,41.96449,-87.76999,Chicago
1336687936173269675,213.0,4,Entire home/apt,1.0,0.0,1.0,undefined,1,True,4.65,False,1.0,23,41.87375566107799,-87.6849515343933,Chicago
1337244758088345864,236.0,3,Entire home/apt,2.0,2.0,2.0,undefined,3,False,5.0,False,1.0,36,41.88108,-87.65662,Chicago
1338064737170598470,94.0,4,Entire home/apt,2.0,1.0,1.0,undefined,32,True,5.0,False,2.0,359,41.85897191204303,-87.72115059822082,Chicago
1338617680093927346,216.0,8,Entire home/apt,3.0,4.0,2.0,undefined,2,True,4.4,False,46.0,355,41.85573,-87.6274,Chicago
1338667243603163397,67.0,2,Private room,1.0,1.0,1.0,undefined,1,False,5.0,False,3.0,157,41.9042566,-87.72861739999999,Chicago
1338676603894299226,181.0,6,Entire home/apt,2.0,2.0,1.0,undefined,1,False,5.0,False,3.0,97,41.9042566,-87.72861739999999,Chicago
1338853846640261945,125.0,5,Entire home/apt,2.0,3.0,1.0,undefined,1,False,,False,1.0,323,41.90744,-87.66811,Chicago
1339128386144128832,185.0,2,Entire home/apt,0.0,1.0,1.0,undefined,32,True,,False,,282,41.8859193,-87.6252194,Chicago
1339129196184468964,182.0,2,Entire home/apt,0.0,1.0,1.0,undefined,32,True,,False,,268,41.8859193,-87.6252194,Chicago
1339129798188360598,189.0,2,Entire home/apt,1.0,1.0,1.0,undefined,32,True,,False,,326,41.8936738,-87.6339332,Chicago
1339130502026763266,215.0,2,Entire home/apt,1.0,1.0,1.0,undefined,32,True,5.0,False,,305,41.8936738,-87.6339332,Chicago
1339587035591471689,138.0,4,Entire home/apt,2.0,2.0,1.0,undefined,3,False,5.0,True,1.0,317,41.84157270000001,-87.6558202,Chicago
1339876466569029185,214.0,2,Entire home/apt,1.0,1.0,1.0,undefined,32,True,,False,,284,41.8855608,-87.6346564,Chicago
1339877232098486102,195.0,2,Entire home/apt,1.0,1.0,1.0,undefined,32,True,,False,,67,41.8855608,-87.6346564,Chicago
1340060080317354248,110.0,5,Entire home/apt,2.0,4.0,1.0,undefined,1,False,4.92,True,1.0,348,41.86067,-87.71648,Chicago
1340259752921656702,128.0,2,Entire home/apt,1.0,1.0,1.0,undefined,32,False,,False,1.0,296,41.8961,-87.6255,Chicago
1340264469209092427,90.0,2,Private room,1.0,1.0,1.0,undefined,28,False,,False,3.0,30,41.89535140376112,-87.6580835133791,Chicago
1340307622418381035,171.0,6,Entire home/apt,2.0,2.0,1.0,undefined,2,False,5.0,True,1.0,128,41.8272596,-87.6234251,Chicago
1340698129179258439,85.0,3,Entire home/apt,2.0,2.0,1.0,undefined,2,True,4.73,True,1.0,265,41.77803,-87.60883,Chicago
1340785891437880974,6977.0,10,Entire home/apt,4.0,4.0,3.0,undefined,1,False,4.9,False,1.0,356,41.90331070000001,-87.6277575,Chicago
1340799262424386425,230.0,9,Entire home/apt,2.0,6.0,2.5,undefined,2,False,4.94,True,1.0,337,41.9183633,-87.6797211,Chicago
1341272526724076481,190.0,2,Entire home/apt,1.0,1.0,1.0,undefined,32,True,,False,,8,41.876299,-87.6537208,Chicago
1341389422241931822,73.0,3,Entire home/apt,2.0,3.0,1.0,undefined,1,True,4.75,False,1.0,167,41.68623162475962,-87.61301446892837,Chicago
1341394354934109024,320.0,6,Entire home/apt,3.0,3.0,1.5,undefined,3,False,5.0,False,1.0,102,41.98556898413629,-87.66151964313175,Chicago
1341408197793331752,243.0,4,Entire home/apt,2.0,2.0,2.0,undefined,2,False,4.57,False,8.0,323,41.8950793,-87.63379,Chicago
1341408271233303029,243.0,4,Entire home/apt,2.0,2.0,2.0,undefined,2,False,4.85,False,8.0,296,41.8950793,-87.63379,Chicago
1341408304271464614,243.0,4,Entire home/apt,2.0,2.0,2.0,undefined,2,False,4.59,False,8.0,316,41.8950793,-87.63379,Chicago
1342016759770493017,177.0,2,Entire home/apt,1.0,1.0,1.0,undefined,1,False,4.9,True,11.0,342,41.93306,-87.72085,Chicago
1342076629781749196,222.0,2,Entire home/apt,1.0,1.0,1.0,undefined,32,True,4.73,True,3.0,179,41.927003867310994,-87.64112086355209,Chicago
1342274833706091115,152.0,6,Entire home/apt,2.0,2.0,1.0,undefined,1,False,4.92,True,5.0,353,41.85643390000001,-87.64225619999999,Chicago
1342296062568835500,105.0,5,Entire home/apt,3.0,3.0,2.0,undefined,32,False,5.0,True,8.0,214,41.84883812041211,-87.69178106957351,Chicago
1342323259717828353,233.0,10,Entire home/apt,5.0,5.0,2.0,undefined,2,True,4.44,True,9.0,239,41.73762,-87.58937,Chicago
1343012331038916136,348.0,10,Entire home/apt,4.0,6.0,2.0,undefined,2,True,4.55,False,2.0,263,41.87435,-87.76473,Chicago
1343424204423595526,239.0,2,Entire home/apt,1.0,1.0,1.0,undefined,32,True,,False,,48,41.8906484,-87.6361458,Chicago
1343424614766513682,222.0,2,Entire home/apt,1.0,1.0,1.0,undefined,32,True,,False,,125,41.876299,-87.6537208,Chicago
1343425273911978662,217.0,2,Entire home/apt,1.0,1.0,1.0,undefined,32,True,,False,,201,41.8912133,-87.6221817,Chicago
1343426122949826056,245.0,2,Entire home/apt,1.0,1.0,1.0,undefined,32,True,,False,,276,41.8864623,-87.6201026,Chicago
1343590054778530535,111.0,6,Entire home/apt,2.0,2.0,1.0,undefined,2,True,4.73,False,1.0,173,41.87373,-87.68663,Chicago
1343773351043273348,232.0,8,Entire home/apt,4.0,5.0,2.0,undefined,3,True,5.0,False,1.0,265,41.9354,-87.8137,Chicago
1344020626563635064,233.0,2,Entire home/apt,1.0,1.0,1.0,undefined,32,True,,False,,161,41.8864623,-87.6201026,Chicago
1344179175770073688,318.0,4,Entire home/apt,2.0,2.0,2.0,undefined,32,True,,False,,328,41.8864623,-87.6201026,Chicago
1344282207605866468,81.0,6,Private room,4.0,6.0,2.0,undefined,32,False,,False,1.0,365,41.75397675594257,-87.5599551314757,Chicago
1344375065708952429,591.0,12,Entire home/apt,6.0,6.0,2.0,undefined,1,True,4.57,False,46.0,345,41.849994869443066,-87.62215881778302,Chicago
1344484935214357055,174.0,7,Entire home/apt,3.0,4.0,1.0,undefined,1,False,5.0,False,3.0,350,41.94203,-87.73583,Chicago
1344888849745098215,226.0,2,Entire home/apt,1.0,1.0,1.0,undefined,32,True,,False,,219,41.8864623,-87.6201026,Chicago
1344889674962822346,223.0,2,Entire home/apt,1.0,1.0,1.0,undefined,32,True,,False,,199,41.8864623,-87.6201026,Chicago
1344994334195837219,122.0,1,Private room,1.0,1.0,1.0,undefined,32,False,,False,8.0,364,41.8937667,-87.661372,Chicago
1345018542723581048,194.0,5,Entire home/apt,0.0,2.0,2.0,undefined,1,False,5.0,True,6.0,352,42.01891161001316,-87.66550608102958,Chicago
1345386356763441590,333.0,14,Entire home/apt,4.0,6.0,2.0,undefined,1,False,5.0,False,2.0,352,41.96658,-87.72251,Chicago
1345658928264147145,219.0,2,Entire home/apt,1.0,1.0,1.0,undefined,32,True,,False,,328,41.8906484,-87.6361458,Chicago
1345659364421150818,216.0,2,Entire home/apt,1.0,1.0,1.0,undefined,32,True,,False,,237,41.8850065,-87.64402919999999,Chicago
1345944208472346166,238.0,8,Entire home/apt,3.0,3.0,2.0,undefined,1,False,4.85,True,5.0,356,41.82204173452979,-87.61676730083009,Chicago
1346001515103824220,287.0,8,Entire home/apt,4.0,4.0,3.0,undefined,1,False,5.0,False,1.0,357,41.72830581574424,-87.61036393467339,Chicago
1346355982012264105,214.0,10,Entire home/apt,3.0,6.0,2.0,undefined,2,False,4.92,False,45.0,360,41.898612,-87.63748799999999,Chicago
1346478786764193439,223.0,2,Entire home/apt,1.0,1.0,1.0,undefined,2,True,4.97,True,2.0,80,41.9162531,-87.6361723,Chicago
1346485823114786708,90.0,7,Entire home/apt,1.0,5.0,1.0,undefined,32,True,5.0,False,1.0,365,41.81883,-87.63909,Chicago
1347801796390207395,148.0,6,Entire home/apt,3.0,3.0,2.0,undefined,1,True,4.83,True,7.0,143,41.86834844239383,-87.68729150066922,Chicago
1348085611140110637,230.0,6,Entire home/apt,2.0,3.0,2.0,undefined,2,False,5.0,True,1.0,288,41.87163,-87.68227,Chicago
1348192987654555264,475.0,16,Entire home/apt,6.0,10.0,3.5,undefined,3,False,5.0,True,11.0,349,41.93870301058117,-87.8079326790677,Chicago
1348774990662812070,99.0,4,Entire home/apt,1.0,3.0,1.0,undefined,1,True,4.85,False,7.0,253,41.90353,-87.67053,Chicago
1348803566931163385,185.0,8,Private room,3.0,3.0,2.0,undefined,33,False,,False,6.0,264,41.78729265270994,-87.62189234390677,Chicago
1348886097770807684,570.0,14,Entire home/apt,3.0,5.0,2.5,undefined,2,True,4.86,True,2.0,3,41.90960063854256,-87.63623389479913,Chicago
1348932944043722371,345.0,13,Entire home/apt,5.0,7.0,3.5,undefined,2,True,4.69,True,7.0,127,41.88433939999999,-87.72113519999999,Chicago
1349316732714922691,89.0,6,Entire home/apt,1.0,3.0,1.0,undefined,2,True,4.81,False,1.0,161,42.0162983,-87.70386239999999,Chicago
1349483222356224237,147.0,10,Entire home/apt,2.0,7.0,1.0,undefined,1,False,4.9,True,18.0,335,41.93538,-87.66064,Chicago
1349485119593838081,190.0,6,Entire home/apt,3.0,3.0,2.0,undefined,1,False,4.59,False,1.0,316,41.7142689,-87.6562469,Chicago
1349531977853558986,57.0,1,Private room,1.0,1.0,1.0,undefined,1,False,4.75,False,43.0,0,41.98704,-87.66498,Chicago
1349650822833970669,64.0,2,Entire home/apt,1.0,1.0,1.0,undefined,32,False,5.0,False,2.0,300,41.83114495809925,-87.62170635045783,Chicago
1350060426255212484,214.0,2,Entire home/apt,1.0,1.0,1.0,undefined,32,True,,False,,230,41.876299,-87.6537208,Chicago
1350061108441136657,202.0,2,Entire home/apt,1.0,1.0,1.0,undefined,32,True,5.0,False,,38,41.8864623,-87.6201026,Chicago
1350061877401418234,324.0,2,Entire home/apt,1.0,1.0,1.0,undefined,32,True,,False,,194,41.8910591,-87.62790559999999,Chicago
1350084592778908335,204.0,6,Entire home/apt,1.0,2.0,1.0,undefined,1,True,5.0,True,61.0,242,41.88427,-87.62671,Chicago
1350375043771450108,140.0,4,Entire home/apt,2.0,3.0,1.0,undefined,2,False,5.0,True,1.0,166,41.82059,-87.60445,Chicago
1350747851129844678,169.0,5,Entire home/apt,1.0,2.0,1.0,undefined,1,True,5.0,True,61.0,235,41.88588,-87.62664,Chicago
1350751961017610301,121.0,6,Entire home/apt,2.0,3.0,2.0,undefined,3,False,4.8,True,15.0,324,42.01232690507434,-87.68969815968211,Chicago
1350772520693650802,112.0,4,Entire home/apt,1.0,2.0,1.0,undefined,3,True,4.88,True,2.0,174,41.83290147025266,-87.68436957187973,Chicago
1351336332446016873,268.0,4,Entire home/apt,2.0,2.0,2.0,undefined,32,True,,False,,145,41.894723,-87.6307257,Chicago
1351483812525176594,322.0,4,Entire home/apt,2.0,2.0,1.5,undefined,32,False,,,39.0,365,41.89700633049577,-87.62978033652178,Chicago
1351554259450925289,102.0,16,Entire home/apt,4.0,11.0,4.0,undefined,2,False,4.83,False,24.0,324,41.8544087,-87.66318129999999,Chicago
1351648098504896556,25.0,1,Private room,1.0,1.0,1.0,undefined,32,False,,False,4.0,231,41.73913,-87.55096,Chicago
1351749710907607221,129.0,6,Entire home/apt,3.0,3.0,1.5,undefined,5,False,4.95,True,2.0,140,41.7675941,-87.5824426,Chicago
1352225273048007321,25.0,1,Private room,1.0,1.0,1.0,undefined,32,False,,False,5.0,227,41.70589,-87.53698,Chicago
1352226323431335291,127.0,2,Entire home/apt,1.0,1.0,1.0,undefined,1,False,5.0,True,3.0,72,41.87972178020655,-87.71091364324093,Chicago
1352246187869479731,409.0,6,Entire home/apt,2.0,3.0,3.0,undefined,4,True,4.91,True,11.0,304,41.8920655,-87.6282444,Chicago
1353077022408759031,75.0,1,Private room,3.0,3.0,1.0,undefined,30,False,,False,3.0,87,41.85524663261649,-87.7136391201314,Chicago
1353661661491745440,223.0,2,Entire home/apt,1.0,1.0,1.0,undefined,32,True,,False,,147,41.876299,-87.6537208,Chicago
1353696435982411250,27.0,1,Private room,1.0,1.0,2.0,undefined,32,True,5.0,True,11.0,344,41.84157133488408,-87.65591873453774,Chicago
1353738598551342129,26.0,1,Private room,1.0,1.0,2.0,undefined,32,True,5.0,True,11.0,316,41.84281119878084,-87.65808315770963,Chicago
1353743851711161907,28.0,2,Private room,1.0,1.0,2.0,undefined,32,True,,True,11.0,267,41.84347,-87.65741,Chicago
1353751317573708452,212.0,8,Entire home/apt,2.0,4.0,2.0,undefined,2,False,5.0,True,44.0,352,41.8803861,-87.66648339999999,Chicago
1353779837072629620,98.0,4,Entire home/apt,1.0,2.0,1.0,undefined,32,False,5.0,True,3.0,228,41.9544013,-87.677747,Chicago
1354153988362156179,36.0,1,Private room,1.0,1.0,0.0,undefined,32,False,,False,1413.0,113,41.92285917654976,-87.72067858813267,Chicago
1354154085069387113,36.0,1,Private room,1.0,1.0,0.0,undefined,32,False,,False,1413.0,129,41.857040384575136,-87.6327710446772,Chicago
1354154318745761721,34.0,1,Private room,1.0,1.0,0.0,undefined,32,False,,False,1413.0,145,41.90990846707127,-87.68545306410914,Chicago
1354154447751480229,34.0,1,Private room,1.0,1.0,0.0,undefined,32,False,,False,1413.0,144,41.90138,-87.66207,Chicago
1354154607688353746,40.0,1,Private room,1.0,1.0,0.0,undefined,32,False,,False,1413.0,145,41.86693,-87.66196,Chicago
1354154676217301516,35.0,1,Private room,1.0,1.0,0.0,undefined,32,False,,False,1413.0,143,41.93571,-87.70836,Chicago
1354155121413994926,47.0,1,Private room,1.0,1.0,0.0,undefined,32,False,5.0,False,1413.0,149,41.91829552476424,-87.69379873905125,Chicago
1354155829796218642,42.0,1,Private room,1.0,1.0,0.0,undefined,32,False,,False,1413.0,79,41.97115356599305,-87.65965428609361,Chicago
1354155872099198649,36.0,1,Private room,1.0,1.0,0.0,undefined,32,False,,False,1413.0,149,41.91821613481022,-87.69168006696907,Chicago
1354155897127370433,39.0,1,Private room,4.0,1.0,0.0,undefined,32,False,,False,1413.0,110,41.937256529707945,-87.70859869216181,Chicago
1354156097395783018,41.0,1,Private room,1.0,1.0,0.0,undefined,32,False,,False,1413.0,84,41.86848154774103,-87.66222015478164,Chicago
1354418658796208275,168.0,6,Entire home/apt,2.0,2.0,2.0,undefined,32,True,,,13.0,99,41.77514894997688,-87.60320652448756,Chicago
1354458060663962124,32.0,1,Private room,3.0,1.0,0.0,undefined,32,False,,False,1413.0,150,41.85304713153347,-87.67468568791645,Chicago
1354458329603967109,33.0,1,Private room,1.0,1.0,0.0,undefined,32,False,,False,1413.0,113,41.91151,-87.68481,Chicago
1354592939746147240,132.0,6,Entire home/apt,3.0,3.0,1.0,undefined,32,False,,False,1.0,363,41.6697,-87.6327,Chicago
1354706785200221615,115.0,4,Entire home/apt,1.0,2.0,1.0,undefined,2,True,4.93,False,2.0,243,41.83347,-87.61793,Chicago
1354799604720233092,257.0,2,Entire home/apt,1.0,1.0,1.0,undefined,2,True,4.8,True,4.0,200,41.7005898,-87.6363346,Chicago
1355050809987925121,196.0,2,Entire home/apt,1.0,1.0,1.0,undefined,32,True,,False,,2,41.8854578,-87.64299009999999,Chicago
1355083791447939901,91.0,10,Entire home/apt,4.0,7.0,1.0,undefined,2,False,4.86,False,24.0,338,41.9474986,-87.6539442,Chicago
1355367259430988672,81.0,2,Entire home/apt,0.0,1.0,1.0,undefined,1,True,4.54,False,43.0,355,42.00017398413464,-87.66464418121487,Chicago
1355490436165021816,166.0,3,Entire home/apt,1.0,2.0,1.0,undefined,32,True,4.67,True,6.0,327,41.8725605,-87.6339106,Chicago
1355647244677902738,203.0,2,Entire home/apt,1.0,1.0,1.0,undefined,32,True,,False,,292,41.8779991,-87.6579648,Chicago
1355962863767780125,166.0,6,Entire home/apt,3.0,3.0,2.0,undefined,1,True,4.46,False,182.0,152,41.82635,-87.61985,Chicago
1355966530170677891,82.0,5,Entire home/apt,2.0,3.0,1.0,undefined,32,True,,False,376.0,305,41.95920463184377,-87.76692416452924,Chicago
1355996888522235211,133.0,2,Entire home/apt,0.0,1.0,1.0,undefined,1,True,4.71,False,43.0,355,42.00165,-87.66496,Chicago
1356097660434083820,72.0,2,Entire home/apt,1.0,1.0,1.0,undefined,32,False,,False,4.0,278,41.946292904057735,-87.64196739653909,Chicago
1356372019994488208,199.0,2,Entire home/apt,1.0,1.0,1.0,undefined,32,True,,False,,325,41.8694789,-87.6312255,Chicago
1356668889036589005,203.0,6,Entire home/apt,3.0,3.0,2.0,undefined,3,True,4.79,False,182.0,163,41.8275107548128,-87.61775752117246,Chicago
1356687006069189357,460.0,15,Private room,0.0,1.0,1.0,undefined,1,False,,False,2.0,89,41.71465,-87.64469,Chicago
1356753615862141508,120.0,6,Entire home/apt,2.0,3.0,1.0,undefined,2,True,4.57,False,376.0,323,41.89609938012718,-87.68139805730324,Chicago
1357251228945863679,129.0,3,Entire home/apt,1.0,1.0,1.0,undefined,2,False,4.94,True,2.0,113,41.851136034799154,-87.67992413821652,Chicago
1357398458730333507,139.0,4,Entire home/apt,2.0,2.0,1.0,undefined,4,True,4.9,True,1.0,338,41.8368548,-87.65216740000001,Chicago
1357433726520950728,97.0,4,Entire home/apt,1.0,2.0,1.0,undefined,2,False,4.85,True,1.0,40,41.96997,-87.75494,Chicago
1358119293640644891,158.0,4,Entire home/apt,1.0,1.0,1.0,undefined,32,False,5.0,False,22.0,177,41.88705193835425,-87.62080700795372,Chicago
1358221634152827660,196.0,6,Entire home/apt,3.0,3.0,2.0,undefined,2,True,4.36,False,182.0,170,41.82781177467428,-87.61828053943185,Chicago
1358249747049582170,203.0,8,Entire home/apt,3.0,4.0,2.0,undefined,2,False,5.0,True,8.0,319,41.98783576453248,-87.66074158259194,Chicago
1358293877866528840,188.0,6,Entire home/apt,3.0,3.0,2.0,undefined,1,True,4.73,False,182.0,171,41.82734666341842,-87.61958300258156,Chicago
1358319394892416252,999.0,16,Entire home/apt,6.0,13.0,4.5,undefined,2,True,4.84,,12.0,325,41.90159,-87.62479,Chicago
1358845832646696249,176.0,2,Entire home/apt,1.0,2.0,1.0,undefined,1,False,5.0,False,4.0,144,41.9780378796199,-87.65670302632863,Chicago
1358905431617759382,95.0,6,Entire home/apt,4.0,4.0,2.0,undefined,32,True,,False,4.0,357,41.70750767865094,-87.64955514905257,Chicago
1358909947051496898,258.0,5,Entire home/apt,2.0,3.0,1.0,undefined,3,True,5.0,True,4.0,338,41.91593,-87.67451,Chicago
1358989289349350605,165.0,7,Entire home/apt,3.0,5.0,2.0,undefined,2,False,4.5,False,2.0,305,41.76140657264564,-87.57630420428919,Chicago
1359098352898989406,182.0,5,Entire home/apt,2.0,3.0,1.0,undefined,2,True,4.92,True,3.0,249,41.9213516,-87.6489106,Chicago
1359334482024874894,69.0,3,Entire home/apt,1.0,1.0,0.5,undefined,324,False,,False,1.0,364,41.862783401394765,-87.7133438496687,Chicago
1359459864010932179,209.0,2,Entire home/apt,1.0,1.0,1.0,undefined,32,True,,False,,123,41.8779991,-87.6579648,Chicago
1359460336340762254,197.0,2,Entire home/apt,1.0,1.0,1.0,undefined,32,True,,False,,214,41.8854578,-87.64299009999999,Chicago
1359460890407042359,195.0,2,Entire home/apt,1.0,1.0,1.0,undefined,32,True,,False,,226,41.8695089,-87.631142,Chicago
1359758654895963684,120.0,6,Entire home/apt,3.0,5.0,1.0,undefined,1,True,4.33,False,5.0,333,42.014949541130605,-87.68959110027251,Chicago
1359814285006020321,208.0,6,Entire home/apt,3.0,3.0,2.0,undefined,2,False,5.0,True,3.0,52,41.8102989,-87.6093135,Chicago
1360340319575650564,175.0,3,Entire home/apt,1.0,2.0,1.0,undefined,32,True,5.0,False,2.0,362,41.88499,-87.62659,Chicago
1360363620972674280,77.0,7,Entire home/apt,2.0,3.0,1.0,undefined,2,True,4.5,False,24.0,336,41.8912124,-87.65630349999999,Chicago
1360856612680710184,206.0,10,Entire home/apt,4.0,5.0,3.0,undefined,2,False,4.96,True,1.0,72,41.908010361218295,-87.71184001811166,Chicago
1361125640130594734,76.0,3,Entire home/apt,1.0,2.0,1.0,undefined,1,False,4.2,False,2.0,332,41.78477608046977,-87.69696264085269,Chicago
1361565685471560046,139.0,2,Entire home/apt,1.0,1.0,1.0,undefined,32,False,,False,1.0,175,41.90128990422595,-87.62701230292804,Chicago
1361608432897951267,140.0,6,Entire home/apt,3.0,4.0,1.0,undefined,2,False,4.63,False,3.0,259,41.8398802,-87.6343212,Chicago
1361628877068859069,60.0,1,Private room,1.0,1.0,1.0,undefined,32,False,,False,1.0,76,41.95300210000001,-87.7077103,Chicago
1361758724536889496,84.0,2,Entire home/apt,1.0,1.0,1.0,undefined,60,False,5.0,False,1.0,99,41.94490533326659,-87.77499828332344,Chicago
1362422581312842642,61.0,2,Private room,1.0,1.0,0.5,undefined,150,True,,False,3.0,313,42.02065,-87.67339,Chicago
1362423457473032408,40000.0,12,Private room,3.0,0.0,3.0,undefined,1,True,,False,6545.0,342,41.89527433897104,-87.62340741428875,Chicago
1362423462238260080,40000.0,12,Private room,3.0,0.0,3.0,undefined,1,True,1.0,False,6545.0,342,41.8971809746204,-87.62302568662896,Chicago
1362547193113063258,186.0,10,Entire home/apt,6.0,6.0,2.0,undefined,32,True,,False,2.0,365,41.77644533000368,-87.67716594819392,Chicago
1363440253662217299,157.0,2,Entire home/apt,1.0,1.0,1.0,undefined,3,False,4.74,False,7.0,338,41.89144,-87.65179,Chicago
1363665094515794952,272.0,4,Entire home/apt,2.0,2.0,2.0,undefined,32,True,,False,,297,41.88498310000001,-87.66112059999999,Chicago
1363665936594762693,211.0,2,Entire home/apt,1.0,1.0,1.0,undefined,32,True,,False,,276,41.8854578,-87.64299009999999,Chicago
1364129352468361828,643.0,14,Entire home/apt,4.0,7.0,3.5,undefined,2,False,5.0,True,1.0,86,41.9192525,-87.6738209,Chicago
1364592842375955692,157.0,4,Entire home/apt,1.0,1.0,1.0,undefined,32,False,5.0,False,22.0,179,41.8853706533308,-87.6195528788554,Chicago
1364654091727155948,189.0,2,Entire home/apt,1.0,1.0,1.0,undefined,32,True,,False,,306,41.8779991,-87.6579648,Chicago
1364658822384065898,50000.0,8,Private room,2.0,0.0,2.0,undefined,1,True,,False,6545.0,337,41.89720921500355,-87.62233246368362,Chicago
1364663625274150083,164.0,4,Entire home/apt,1.0,2.0,1.0,undefined,32,False,5.0,True,149.0,95,41.88594077220445,-87.6211273947557,Chicago
1364743630554542840,59.0,2,Private room,1.0,1.0,1.0,undefined,32,True,,False,56.0,365,41.87237,-87.65351,Chicago
1365264155142096010,2772.0,16,Entire home/apt,9.0,18.0,3.0,undefined,2,False,,False,31.0,203,41.94894420945533,-87.65672679196545,Chicago
1365264156929056835,408.0,6,Entire home/apt,3.0,3.0,1.0,undefined,2,False,3.5,False,31.0,201,41.95021,-87.65646,Chicago
1365264642597259350,146.0,2,Private room,1.0,1.0,1.0,undefined,1,False,4.78,False,31.0,203,41.95041848116036,-87.65625129440046,Chicago
1365264643115370979,152.0,2,Private room,1.0,1.0,1.0,undefined,1,False,3.5,False,31.0,203,41.95017756421893,-87.65827230624514,Chicago
1365264644287538287,144.0,2,Private room,1.0,1.0,1.0,undefined,1,False,4.9,False,31.0,204,41.94892940701199,-87.65806011382465,Chicago
1365372340338890561,464.0,12,Entire home/apt,4.0,4.0,3.0,undefined,32,False,,True,6.0,351,41.89894176124171,-87.63061775199523,Chicago
1365963251731315497,170.0,5,Entire home/apt,4.0,4.0,2.0,undefined,32,False,,False,11.0,178,41.87054900649229,-87.68041107924076,Chicago
1366080343441661670,446.0,7,Entire home/apt,3.0,3.0,3.0,undefined,32,True,5.0,True,79.0,365,41.89114,-87.62021,Chicago
1366112609838756111,74.0,3,Entire home/apt,1.0,2.0,1.0,undefined,2,True,5.0,False,1.0,309,41.9756,-87.74054,Chicago
1366306787920240188,212.0,6,Entire home/apt,3.0,3.0,2.0,undefined,30,False,4.93,False,6.0,194,41.782633,-87.6129958,Chicago
1366331715197582231,87.0,2,Entire home/apt,1.0,1.0,1.0,undefined,1,False,4.77,False,6.0,75,41.98019,-87.67695,Chicago
1366622339677704737,107.0,5,Entire home/apt,1.0,2.0,1.0,undefined,1,True,4.71,False,18.0,243,41.96040494062152,-87.65349342126419,Chicago
1367104718334669507,46.0,2,Private room,1.0,1.0,1.0,undefined,32,True,,False,18.0,59,42.0146897,-87.6694381,Chicago
1367114881961315475,70.0,2,Private room,1.0,1.0,1.0,undefined,30,True,,False,18.0,263,42.00081249999999,-87.6707461,Chicago
1367481887716773970,148.0,4,Entire home/apt,2.0,2.0,2.0,undefined,32,False,,True,21.0,327,41.92237,-87.65222,Chicago
1368779485632386441,81.0,2,Private room,1.0,4.0,1.0,undefined,1,False,4.75,False,4.0,359,41.75845328885423,-87.571356834557,Chicago
1368799964842624001,148.0,4,Entire home/apt,2.0,2.0,1.0,undefined,1,True,4.64,False,5.0,24,41.90069311010389,-87.66697287182741,Chicago
1368971551572939366,170.0,2,Entire home/apt,0.0,1.0,1.0,undefined,1,False,4.53,False,3.0,81,41.90861936050195,-87.6342223736397,Chicago
1369149305878803803,108.0,2,Entire home/apt,0.0,1.0,1.0,undefined,1,True,4.25,False,276.0,145,41.87299,-87.627202,Chicago
1369172517548126635,108.0,2,Private room,1.0,1.0,1.0,undefined,1,True,4.0,False,182.0,170,41.82585,-87.61796,Chicago
1369209014408193643,106.0,2,Entire home/apt,0.0,1.0,1.0,undefined,1,True,4.86,False,276.0,146,41.87299,-87.627202,Chicago
1369218498381996530,108.0,2,Entire home/apt,0.0,1.0,1.0,undefined,1,True,4.1,False,276.0,151,41.87299,-87.627202,Chicago
1369224725451160173,106.0,2,Entire home/apt,0.0,1.0,1.0,undefined,1,True,5.0,False,276.0,149,41.87299,-87.6272,Chicago
1369237153130576352,108.0,2,Entire home/apt,0.0,1.0,1.0,undefined,1,True,3.57,False,276.0,154,41.87299,-87.627202,Chicago
1369591623538137709,190.0,2,Entire home/apt,1.0,1.0,1.0,undefined,32,True,5.0,False,,1,41.894723,-87.6307257,Chicago
1369592269645333588,217.0,2,Entire home/apt,1.0,1.0,1.0,undefined,32,True,,False,,131,41.894723,-87.6307257,Chicago
1369592917665117725,188.0,2,Entire home/apt,1.0,1.0,1.0,undefined,32,True,,False,,130,41.894723,-87.6307257,Chicago
1369623041705251249,168.0,4,Entire home/apt,2.0,2.0,1.0,undefined,22,False,5.0,False,4.0,351,41.98144293010817,-87.7781884848833,Chicago
1369711061645368634,56.0,2,Private room,1.0,1.0,1.0,undefined,2,False,4.5,True,4.0,260,41.78327,-87.61333,Chicago
1369733738577166114,214.0,5,Entire home/apt,3.0,3.0,2.0,undefined,2,False,4.93,,7.0,243,41.90761748137402,-87.67339088022707,Chicago
1369738315228757745,104.0,3,Entire home/apt,0.0,2.0,1.0,undefined,2,True,4.73,False,14.0,250,41.84613702720901,-87.64058389897909,Chicago
1369749029337510842,68.0,2,Private room,1.0,1.0,1.0,undefined,2,False,4.63,True,4.0,251,41.78559,-87.61327,Chicago
1369756560068338036,278.0,10,Entire home/apt,5.0,5.0,3.0,undefined,2,False,4.92,True,2.0,109,41.86626416811403,-87.77365592633541,Chicago
1369827159735712279,175.0,10,Entire home/apt,3.0,5.0,1.0,undefined,32,False,,False,1.0,173,41.87532,-87.75271,Chicago
1369859858229397780,139.0,6,Entire home/apt,2.0,3.0,1.0,undefined,3,True,4.79,True,2.0,180,41.83286,-87.68439,Chicago
1369958190108510285,115.0,2,Private room,1.0,1.0,1.0,undefined,32,False,,False,182.0,170,41.82701,-87.62009,Chicago
1369988289839447734,100.0,2,Private room,1.0,1.0,1.0,undefined,32,False,,False,182.0,170,41.82751,-87.6183,Chicago
1370127694249628040,200.0,2,Entire home/apt,1.0,1.0,1.0,undefined,32,True,,False,,244,41.8855608,-87.6346564,Chicago
1370128197984049842,146.0,2,Entire home/apt,1.0,1.0,1.0,undefined,32,True,,False,,241,41.8854045,-87.63411730000001,Chicago
1370189465947432875,610.0,6,Entire home/apt,3.0,3.0,2.0,undefined,1,True,4.88,True,8.0,75,41.90066,-87.62484,Chicago
1370220073253234196,45.0,1,Private room,1.0,1.0,2.0,undefined,32,True,4.14,False,9.0,365,41.84090834945744,-87.65860800275492,Chicago
1370226492497174500,45.0,1,Private room,1.0,1.0,1.0,undefined,32,True,4.63,False,9.0,365,41.83927079231808,-87.65718941959221,Chicago
1370544333602548751,720.0,3,Entire home/apt,1.0,1.0,1.0,undefined,32,True,,False,20.0,365,41.88504086242013,-87.6144088525074,Chicago
1370599302589261452,130.0,6,Entire home/apt,3.0,3.0,2.0,undefined,32,False,,True,21.0,325,41.938119700221804,-87.68474799568628,Chicago
1370599381564226534,415.0,12,Entire home/apt,3.0,7.0,2.5,undefined,1,False,4.81,True,7.0,337,41.8915,-87.66612,Chicago
1370647875289133233,68.0,2,Private room,1.0,1.0,1.0,undefined,2,False,5.0,False,4.0,358,41.76046,-87.57144,Chicago
1370678016240734641,126.0,10,Entire home/apt,3.0,6.0,3.0,undefined,1,True,4.83,False,1.0,75,41.7284278,-87.5573761,Chicago
1370800121028345007,400.0,10,Entire home/apt,3.0,5.0,2.0,undefined,32,False,,True,44.0,364,41.8814039,-87.65894750000001,Chicago
1370905284431243968,181.0,2,Entire home/apt,1.0,1.0,1.0,undefined,32,True,,False,,286,41.8694789,-87.6312255,Chicago
1371019537621610903,120.0,2,Entire home/apt,1.0,1.0,1.0,undefined,35,False,5.0,False,2.0,317,41.87026,-87.62379,Chicago
1371048734386165676,214.0,2,Entire home/apt,1.0,1.0,1.0,undefined,32,True,,False,,281,41.8864623,-87.6201026,Chicago
1371255357300561512,144.0,6,Entire home/apt,3.0,3.0,2.0,undefined,32,False,,False,3.0,364,41.83854,-87.70273,Chicago
1371654874221312527,225.0,4,Entire home/apt,2.0,2.0,2.0,undefined,32,True,5.0,True,79.0,238,41.885620566280096,-87.65883439729919,Chicago
1371675357378851042,183.0,2,Entire home/apt,1.0,1.0,1.0,undefined,32,True,,False,,243,41.894723,-87.6307257,Chicago
1371913898007234078,113.0,2,Private room,1.0,1.0,1.0,undefined,2,False,5.0,False,4.0,357,41.75874686677408,-87.57146594231078,Chicago
1371954952464745324,587.0,12,Entire home/apt,6.0,6.0,4.0,undefined,2,True,5.0,True,80.0,299,41.85409,-87.62505,Chicago
1372126912951800120,250.0,10,Entire home/apt,3.0,5.0,2.0,undefined,1,False,4.83,True,44.0,339,41.8814039,-87.65894750000001,Chicago
1372520949907166661,96.0,16,Entire home/apt,4.0,8.0,2.0,undefined,2,False,4.31,False,24.0,357,41.9875659,-87.6583702,Chicago
1372778608666550623,139.0,6,Entire home/apt,3.0,4.0,2.0,undefined,2,True,4.75,True,1.0,86,41.7776182745542,-87.60382407973157,Chicago
1373577224422049612,156.0,6,Entire home/apt,3.0,3.0,1.0,undefined,2,False,5.0,True,2.0,45,41.9577502,-87.7490895,Chicago
1373781920423582703,224.0,2,Entire home/apt,1.0,1.0,1.0,undefined,32,True,,True,79.0,243,41.89536637411992,-87.62943019811445,Chicago
1373888016085650031,98.0,4,Entire home/apt,2.0,2.0,1.0,undefined,2,False,5.0,True,1.0,323,41.98034740396419,-87.7817025843426,Chicago
1373941371100385276,232.0,10,Entire home/apt,3.0,5.0,2.0,undefined,2,False,5.0,False,6.0,331,41.82145,-87.62056,Chicago
1374097548115975079,140.0,4,Entire home/apt,0.0,2.0,1.0,undefined,3,True,5.0,True,10.0,65,41.84962,-87.6795,Chicago
1374128808048540445,176.0,4,Entire home/apt,1.0,1.0,1.0,undefined,32,False,,True,94.0,89,41.88729078731113,-87.6196051757058,Chicago
1374284625797413296,26.0,2,Private room,1.0,1.0,1.0,undefined,32,False,,False,13.0,281,41.78439036463888,-87.60555555908918,Chicago
1374667983949939818,105.0,5,Entire home/apt,2.0,2.0,2.0,undefined,3,False,4.88,True,15.0,351,42.01161,-87.6888,Chicago
1374751579634915118,320.0,8,Entire home/apt,2.0,3.0,2.0,undefined,2,False,4.86,True,41.0,117,41.9042995,-87.6326984,Chicago
1374780161064178073,268.0,10,Entire home/apt,4.0,5.0,4.0,undefined,3,False,5.0,True,15.0,350,42.01248436515208,-87.69068171269859,Chicago
1375041452245588602,407.0,8,Entire home/apt,3.0,5.0,2.0,undefined,3,False,,True,10.0,168,41.85095021136837,-87.67949150111657,Chicago
1375065944601452828,238.0,11,Entire home/apt,2.0,8.0,2.0,undefined,2,False,4.8,True,11.0,365,41.9261221,-87.6873773,Chicago
1375069774275918276,45.0,1,Private room,1.0,1.0,1.0,undefined,32,True,4.2,False,9.0,356,41.84091,-87.65668,Chicago
1375361301170850689,99.0,2,Entire home/apt,1.0,1.0,1.0,undefined,1,False,5.0,False,2.0,266,41.71232,-87.64782,Chicago
1375377635556312908,104.0,2,Entire home/apt,0.0,1.0,1.0,undefined,32,False,5.0,False,235.0,364,41.90323,-87.63355,Chicago
1375494095560909451,378.0,2,Private room,1.0,1.0,1.0,undefined,1,True,4.6,False,1.0,113,41.899411,-87.627505,Chicago
1375586840723610968,495.0,5,Entire home/apt,2.0,3.0,2.0,undefined,32,False,5.0,False,2.0,89,41.890071020540326,-87.62190403868637,Chicago
1375605351485700513,97.0,2,Entire home/apt,1.0,1.0,1.0,undefined,2,False,4.94,True,2.0,337,41.81859388936101,-87.60518495105254,Chicago
1375705854090771639,75.0,1,Private room,1.0,1.0,1.0,undefined,1,False,5.0,False,1.0,50,41.75939054348074,-87.60208047060382,Chicago
1376122155328931159,155.0,2,Entire home/apt,1.0,1.0,1.0,undefined,32,True,,False,,258,41.8854045,-87.63411730000001,Chicago
1376122388291586233,146.0,2,Entire home/apt,1.0,1.0,1.0,undefined,32,True,,False,,280,41.8854045,-87.63411730000001,Chicago
1376122709095098611,139.0,2,Entire home/apt,0.0,1.0,1.0,undefined,32,True,,False,,250,41.8854045,-87.63411730000001,Chicago
1376123015762687604,161.0,2,Entire home/apt,1.0,1.0,1.0,undefined,32,True,,False,,171,41.8854045,-87.63411730000001,Chicago
1376236066384833237,272.0,2,Private room,1.0,1.0,1.0,undefined,1,True,4.79,True,1.0,113,41.8870832,-87.6195214,Chicago
1376458375373441226,219.0,6,Entire home/apt,3.0,3.0,2.0,undefined,1,True,4.8,False,182.0,168,41.82760439968559,-87.61917636295139,Chicago
1376861678532455634,209.0,6,Entire home/apt,3.0,3.0,2.5,undefined,3,True,4.38,False,1.0,362,41.88266,-87.68384,Chicago
1376936114868636977,127.0,6,Entire home/apt,2.0,3.0,1.0,undefined,2,True,4.2,False,376.0,333,41.917527,-87.6806836,Chicago
1377169135263857152,238.0,8,Entire home/apt,2.0,3.0,1.0,undefined,2,False,5.0,False,2.0,230,41.9612389068677,-87.68951900899673,Chicago
1377552484239682824,112.0,5,Entire home/apt,2.0,3.0,1.0,undefined,3,False,4.86,True,4.0,245,41.91688096494844,-87.70595151144998,Chicago
1377727856153334066,155.0,8,Entire home/apt,3.0,5.0,2.0,undefined,85,False,,True,44.0,261,41.8824161,-87.67757929999999,Chicago
1377862135165396927,450.0,4,Entire home/apt,2.0,3.0,2.0,undefined,32,False,1.0,False,2.0,364,41.89028550494229,-87.62019318408477,Chicago
1377922611063854732,114.0,2,Entire home/apt,1.0,1.0,1.0,undefined,2,True,4.88,True,5.0,70,42.00908,-87.66972,Chicago
1378262028353612316,69.0,2,Private room,1.0,1.0,1.0,undefined,3,True,4.5,False,56.0,311,41.86940119660652,-87.65745312685037,Chicago
1378282743458394262,97.0,2,Private room,1.0,1.0,1.0,undefined,32,True,1.0,False,182.0,164,41.827639770678594,-87.61825433490583,Chicago
1378327745741974082,99.0,2,Private room,1.0,1.0,1.0,undefined,1,True,,False,182.0,168,41.82802946455877,-87.61958874407809,Chicago
1378368476764658627,99.0,2,Private room,1.0,1.0,1.0,undefined,32,True,,False,182.0,169,41.82592248327529,-87.61855826749637,Chicago
1378413739834766756,175.0,6,Entire home/apt,2.0,2.0,1.0,undefined,2,True,4.89,False,8.0,77,41.83905257738027,-87.65826420648419,Chicago
1378454493952660223,108.0,2,Private room,1.0,1.0,1.0,undefined,32,True,,False,182.0,153,41.82586,-87.61802,Chicago
1378481965465814920,110.0,2,Private room,1.0,1.0,1.0,undefined,32,True,,False,182.0,145,41.82586,-87.61919,Chicago
1378521304294283433,143.0,6,Entire home/apt,2.0,3.0,2.0,undefined,2,False,4.77,True,3.0,340,41.90901355189816,-87.68449001889847,Chicago
1378530858270754783,61.0,1,Private room,1.0,1.0,1.0,undefined,32,False,,True,51.0,365,41.830292574346025,-87.6199472446734,Chicago
1378551612374952080,113.0,2,Private room,1.0,1.0,1.0,undefined,32,True,,False,182.0,174,41.82556,-87.61855,Chicago
1378576775305033487,114.0,2,Private room,1.0,1.0,1.0,undefined,1,True,5.0,False,182.0,174,41.82780025479797,-87.61811222620278,Chicago
1378960624584705643,173.0,6,Entire home/apt,2.0,3.0,2.0,undefined,2,False,4.95,True,3.0,270,41.90872,-87.68589,Chicago
1379045964474670037,456.0,12,Entire home/apt,6.0,6.0,3.0,undefined,2,True,4.67,True,80.0,291,41.85553,-87.62518,Chicago
1379131792603493663,90.0,4,Entire home/apt,1.0,2.0,1.0,undefined,1,False,4.61,False,1.0,350,41.79709,-87.73647,Chicago
1379370595959853140,76.0,2,Private room,1.0,1.0,1.0,undefined,1,False,4.89,True,3.0,347,41.77884410149024,-87.60828982646044,Chicago
1379527100923542988,216.0,2,Entire home/apt,1.0,1.0,1.0,undefined,32,True,,False,,264,41.8855608,-87.6346564,Chicago
1379527900876594125,285.0,4,Entire home/apt,2.0,2.0,2.0,undefined,32,True,,False,,238,41.88498310000001,-87.66112059999999,Chicago
1379528606476218136,242.0,4,Entire home/apt,2.0,2.0,1.0,undefined,32,True,,False,,236,41.8854578,-87.64299009999999,Chicago
1379529078784897598,165.0,2,Entire home/apt,0.0,1.0,1.0,undefined,32,True,,False,,199,41.8854578,-87.64299009999999,Chicago
1379529517349311851,163.0,2,Entire home/apt,1.0,1.0,1.0,undefined,32,True,,False,,183,41.8854045,-87.63411730000001,Chicago
1379529802574950722,144.0,2,Entire home/apt,1.0,1.0,1.0,undefined,32,True,,False,,280,41.8854045,-87.63411730000001,Chicago
1379530075227633304,158.0,2,Entire home/apt,1.0,1.0,1.0,undefined,32,True,,False,,264,41.8854045,-87.63411730000001,Chicago
1379821252038147024,245.0,8,Entire home/apt,3.0,4.0,3.0,undefined,3,True,4.57,False,376.0,360,41.71624048992742,-87.56485774761964,Chicago
1379946101506687282,161.0,4,Entire home/apt,1.0,1.0,1.0,undefined,14,False,5.0,True,61.0,213,41.89208014379464,-87.62227219872128,Chicago
1379956058469079978,198.0,5,Entire home/apt,2.0,5.0,1.0,undefined,2,True,2.33,False,43.0,353,41.89365517563771,-87.6796080580044,Chicago
1380052612387404773,369.0,6,Entire home/apt,2.0,4.0,2.0,undefined,1,True,4.81,False,1.0,192,41.86635214467385,-87.62389068498908,Chicago
1380342470418053649,194.0,2,Entire home/apt,1.0,1.0,1.0,undefined,32,True,,False,,223,41.8694789,-87.6312255,Chicago
1380494364980626448,161.0,6,Entire home/apt,3.0,4.0,2.0,undefined,32,False,5.0,False,1.0,197,41.98333022438534,-87.66816273530698,Chicago
1380641430436435752,190.0,2,Private room,1.0,1.0,1.0,undefined,32,False,,False,7.0,364,41.86,-87.65073,Chicago
1380682618701151820,289.0,4,Entire home/apt,4.0,4.0,2.0,undefined,1,False,4.85,False,1.0,365,41.75063112755945,-87.7354986919557,Chicago
1380757710339185497,275.0,8,Entire home/apt,4.0,4.0,2.0,undefined,32,False,,False,36.0,365,41.77420523876484,-87.73361067937286,Chicago
1380776255535947060,671.0,2,Entire home/apt,1.0,1.0,1.0,undefined,32,False,,False,6.0,179,41.88201,-87.64368,Chicago
1381129251896850782,110.0,4,Entire home/apt,1.0,2.0,1.0,undefined,2,True,4.63,True,8.0,173,41.852284,-87.68228669999999,Chicago
1381203218266332523,511.0,10,Entire home/apt,3.0,6.0,2.0,undefined,2,False,4.85,True,41.0,82,41.900907,-87.62803269999999,Chicago
1381284985263495445,200.0,8,Entire home/apt,3.0,5.0,1.0,undefined,2,False,4.75,False,32.0,353,41.97302,-87.65972,Chicago
1381288379032928131,157.0,8,Entire home/apt,3.0,4.0,1.0,undefined,2,True,4.9,True,2.0,141,41.89857223031345,-87.6828508000561,Chicago
1381658476850665993,133.0,4,Entire home/apt,2.0,2.0,1.5,undefined,1,True,4.75,True,3.0,309,41.89996188654354,-87.71573595406434,Chicago
1381663675645507455,220.0,2,Entire home/apt,1.0,1.0,1.0,undefined,32,True,,False,,328,41.8906484,-87.6361458,Chicago
1381664099902267078,189.0,2,Entire home/apt,1.0,1.0,1.0,undefined,32,True,1.0,False,,83,41.8982194,-87.6284907,Chicago
1381678129473558609,145.0,6,Entire home/apt,3.0,3.0,1.5,undefined,1,True,4.8,True,3.0,312,41.90140756780688,-87.71694603204723,Chicago
1381878127601328284,162.0,6,Entire home/apt,3.0,3.0,2.0,undefined,1,True,5.0,True,4.0,252,41.78482519873748,-87.61508123038372,Chicago
1381878533043928323,96.0,6,Entire home/apt,2.0,3.0,2.0,undefined,3,False,5.0,True,15.0,357,42.01205543953102,-87.68893272123638,Chicago
1381885165705633453,111.0,5,Entire home/apt,2.0,3.0,1.0,undefined,32,True,5.0,False,4.0,320,41.9018814,-87.6890032,Chicago
1381914852982318849,305.0,7,Entire home/apt,2.0,7.0,1.0,undefined,2,True,4.5,False,2.0,356,41.90761836666235,-87.62892978366577,Chicago
1382004349067237501,50.0,2,Private room,1.0,1.0,1.0,undefined,10,True,,False,18.0,82,42.00618,-87.66902,Chicago
1382052870032019434,167.0,4,Entire home/apt,2.0,2.0,2.0,undefined,3,False,4.95,True,2.0,322,41.89725,-87.6574,Chicago
1382150899299154378,106.0,2,Entire home/apt,1.0,1.0,1.0,undefined,1,True,4.7,True,5.0,78,42.00704549793895,-87.66984753964668,Chicago
1382725583914623055,54.0,2,Private room,1.0,1.0,1.0,undefined,7,True,1.0,False,18.0,270,41.99992011049701,-87.66954935536867,Chicago
1382748713065649556,134.0,4,Entire home/apt,2.0,2.0,1.0,undefined,2,True,4.56,True,1.0,356,41.78377930000001,-87.69502229999999,Chicago
1383678113552455857,101.0,7,Entire home/apt,3.0,4.0,1.0,undefined,2,True,4.93,True,1.0,262,41.89256684761667,-87.7158643215745,Chicago
1383789087744270644,160.0,3,Entire home/apt,0.0,1.0,1.0,undefined,1,True,4.7,True,2.0,209,41.96878,-87.70975,Chicago
1384125256269270280,384.0,6,Entire home/apt,2.0,2.0,2.0,undefined,2,False,4.95,False,1.0,173,41.95344115988532,-87.65655895396728,Chicago
1384166879181172511,185.0,7,Entire home/apt,3.0,3.0,2.0,undefined,2,True,4.0,False,16.0,336,41.894233715394726,-87.6792071543126,Chicago
1384558730760635904,400.0,4,Entire home/apt,2.0,3.0,2.0,undefined,32,False,,False,20.0,364,41.89466,-87.61725,Chicago
1384581520471846917,800.0,6,Entire home/apt,2.0,3.0,2.0,undefined,32,False,,False,20.0,364,41.8877,-87.61704,Chicago
1384986979921090033,40.0,1,Private room,1.0,1.0,1.0,undefined,32,False,5.0,True,51.0,339,41.83012,-87.61964,Chicago
1385378151139215707,216.0,2,Entire home/apt,1.0,1.0,1.0,undefined,32,True,,False,,167,41.8855608,-87.6346564,Chicago
1385547691193652759,274.0,5,Entire home/apt,2.0,2.0,2.0,undefined,2,False,4.74,True,12.0,341,41.873745,-87.6315688,Chicago
1385561781279785444,70.0,2,Private room,1.0,1.0,1.0,undefined,10,True,1.0,False,18.0,270,42.0012,-87.67164,Chicago
1385571277210094614,206.0,5,Entire home/apt,2.0,2.0,2.0,undefined,2,True,4.82,True,12.0,330,41.87375,-87.63157,Chicago
1385574236646222707,189.0,5,Entire home/apt,2.0,2.0,2.0,undefined,2,True,4.9,True,12.0,311,41.87375,-87.63157,Chicago
1385658044098374958,92.0,4,Entire home/apt,1.0,2.0,1.0,undefined,32,False,,False,1.0,270,41.71498,-87.53649,Chicago
1385666364535512044,146.0,6,Entire home/apt,2.0,2.0,1.0,undefined,1,True,5.0,True,2.0,84,41.965499977218215,-87.65184717274349,Chicago
1385687828945649439,138.0,6,Entire home/apt,2.0,3.0,1.0,undefined,2,True,4.88,True,1.0,350,41.89603,-87.65881,Chicago
1385919163405460232,140.0,8,Entire home/apt,1.0,5.0,1.0,undefined,32,True,5.0,False,2.0,265,41.9958447,-87.7059654,Chicago
1386208618921265652,187.0,2,Entire home/apt,1.0,1.0,1.0,undefined,32,True,,False,,281,41.8982194,-87.6284907,Chicago
1386245100220909996,280.0,8,Entire home/apt,4.0,4.0,2.0,undefined,1,False,,False,1.0,359,41.68251,-87.66093,Chicago
1386289974860107480,32.0,2,Private room,1.0,1.0,2.0,undefined,2,True,5.0,,53.0,306,41.82645701232332,-87.66733919936708,Chicago
1386399144042945683,126.0,4,Entire home/apt,1.0,1.0,1.0,undefined,32,False,,False,3.0,264,41.7300463,-87.5835891,Chicago
1386551673803114015,138.0,6,Entire home/apt,3.0,3.0,1.0,undefined,1,False,4.67,True,42.0,171,41.94174,-87.82099,Chicago
1386725441651938031,365.0,4,Hotel room,1.0,2.0,1.0,undefined,1,True,,True,140.0,358,41.8944983,-87.6319398,Chicago
1386789961414953520,184.0,2,Entire home/apt,1.0,1.0,1.0,undefined,32,True,,False,,253,41.8695089,-87.631142,Chicago
1387021524054747543,278.0,6,Entire home/apt,3.0,3.0,2.0,undefined,2,True,5.0,True,2.0,196,41.7766666,-87.60490329999999,Chicago
1387105263480663120,203.0,8,Entire home/apt,3.0,6.0,2.0,undefined,1,False,4.8,False,2.0,207,41.86825,-87.68427,Chicago
1387144912648129146,112.0,4,Entire home/apt,2.0,2.0,1.0,undefined,1,True,5.0,True,30.0,323,41.94639,-87.664,Chicago
1387194977382992629,80.0,2,Private room,0.0,1.0,1.0,undefined,1,True,4.96,True,30.0,338,41.94593677840449,-87.66398731576724,Chicago
1387332649165700369,48.0,3,Private room,1.0,2.0,1.0,undefined,32,False,,True,51.0,325,41.83046045206118,-87.62160933956748,Chicago
1387515928231637584,122.0,5,Entire home/apt,2.0,3.0,1.0,undefined,2,False,4.67,True,4.0,228,41.9000470836756,-87.66656317485773,Chicago
1387621717517534889,229.0,6,Entire home/apt,2.0,3.0,2.0,undefined,2,True,4.92,True,29.0,253,41.8855926,-87.6256925,Chicago
1387701145942132045,134.0,2,Entire home/apt,1.0,1.0,1.0,undefined,5,False,5.0,False,2.0,336,41.91908,-87.69431,Chicago
1387718318203623159,236.0,6,Entire home/apt,3.0,4.0,2.0,undefined,3,True,5.0,False,1.0,304,41.942405576251495,-87.72378181294872,Chicago
1388637818714173284,120.0,4,Entire home/apt,2.0,2.0,1.0,undefined,1,True,4.96,True,3.0,353,41.98930879831801,-87.69380253219289,Chicago
1389289873269344214,108.0,6,Entire home/apt,2.0,3.0,1.0,undefined,2,False,4.93,False,3.0,344,41.89819666227372,-87.71246295422316,Chicago
1389441191495429984,120.0,6,Entire home/apt,3.0,3.0,1.0,undefined,2,False,4.75,True,74.0,350,41.879939213659846,-87.69763552985289,Chicago
1389599861526015948,91.0,4,Entire home/apt,2.0,2.0,1.0,undefined,32,True,3.0,False,18.0,365,41.94057659083871,-87.70060138954823,Chicago
1389764557088381381,199.0,2,Entire home/apt,1.0,1.0,1.0,undefined,32,True,,False,,237,41.8855608,-87.6346564,Chicago
1389837604571575790,151.0,2,Entire home/apt,1.0,1.0,1.0,undefined,2,True,4.69,True,8.0,170,41.920766,-87.63876499999999,Chicago
1389913532084396411,211.0,4,Entire home/apt,1.0,3.0,1.0,undefined,2,False,4.95,,12.0,352,41.94890993392871,-87.65900559999999,Chicago
1390145302148506681,374.0,12,Entire home/apt,4.0,5.0,2.0,undefined,2,False,4.89,False,1.0,343,41.99203217135084,-87.70527639638625,Chicago
1390234351455127068,114.0,7,Entire home/apt,3.0,3.0,1.0,undefined,2,True,5.0,False,1.0,243,41.87068940728103,-87.69341881210885,Chicago
1390313368605986122,44.0,1,Private room,1.0,1.0,1.5,undefined,1,True,4.15,False,17.0,349,41.85002,-87.63434,Chicago
1390328181363451984,192.0,7,Entire home/apt,2.0,0.0,2.0,undefined,1,True,5.0,False,38.0,177,41.89508,-87.63379,Chicago
1390604113698583780,188.0,6,Entire home/apt,3.0,3.0,2.0,undefined,32,False,5.0,True,21.0,150,41.93786446458927,-87.6838042024869,Chicago
1390650480596533125,136.0,8,Entire home/apt,3.0,4.0,1.0,undefined,1,False,5.0,False,1.0,358,41.87328,-87.75668,Chicago
1390730525377231249,267.0,14,Entire home/apt,5.0,5.0,1.0,undefined,1,False,4.74,True,6.0,343,41.8806009973292,-87.69329179211869,Chicago
1390850169931122046,165.0,2,Private room,1.0,1.0,1.0,undefined,2,False,5.0,False,2.0,139,41.94552,-87.65837,Chicago
1391341986654727779,174.0,8,Entire home/apt,3.0,3.0,2.5,undefined,2,False,4.84,True,11.0,159,41.8485083,-87.6395608,Chicago
1391501634757902156,104.0,2,Entire home/apt,0.0,1.0,1.0,undefined,1,False,4.84,,70.0,333,41.90378057511832,-87.62477150872313,Chicago
1392097091243596003,103.0,6,Entire home/apt,2.0,2.0,1.5,undefined,32,True,,False,32.0,297,41.97426,-87.66117,Chicago
1392324578412454068,120.0,3,Entire home/apt,1.0,1.0,1.0,undefined,2,False,4.89,False,1.0,345,41.9146485,-87.6989479,Chicago
1392425117170042168,143.0,4,Entire home/apt,2.0,2.0,1.0,undefined,1,False,4.73,False,6.0,74,41.97976,-87.67913,Chicago
1392888827181004702,132.0,2,Entire home/apt,1.0,2.0,1.0,undefined,2,False,5.0,False,1.0,67,41.87038,-87.68335,Chicago
1392935967033894121,78.0,2,Private room,1.0,1.0,1.0,undefined,1,True,5.0,False,5.0,362,41.86809,-87.68294,Chicago
1392969637701740295,172.0,5,Entire home/apt,2.0,2.0,1.0,undefined,3,False,5.0,False,1.0,242,41.8904194,-87.6560523,Chicago
1393578516487294445,212.0,8,Entire home/apt,3.0,4.0,2.0,undefined,2,False,5.0,True,8.0,348,41.9760537,-87.6698115,Chicago
1393690861343635545,133.0,4,Entire home/apt,1.0,2.0,1.0,undefined,2,False,4.33,False,12.0,34,41.89554,-87.65425,Chicago
1393721483763431539,162.0,3,Entire home/apt,1.0,1.0,1.0,undefined,32,False,3.0,False,4.0,266,41.90821398049944,-87.68228499542109,Chicago
1394124329445630021,92.0,5,Entire home/apt,2.0,2.0,1.0,undefined,1,True,5.0,True,97.0,344,41.97357,-87.84341,Chicago
1394138596487454806,33.0,1,Private room,1.0,1.0,0.0,undefined,32,False,,False,1413.0,140,41.92684122107327,-87.71227117316998,Chicago
1394138632105045241,35.0,1,Private room,1.0,1.0,0.0,undefined,32,False,,False,1413.0,83,41.91110044238357,-87.68317883793439,Chicago
1394138693972621680,42.0,1,Private room,4.0,1.0,0.0,undefined,32,False,,False,1413.0,53,41.95063214451277,-87.70622585225719,Chicago
1394139975934876766,48.0,1,Private room,1.0,1.0,0.0,undefined,32,False,,False,1413.0,84,41.89983427790565,-87.663379457734,Chicago
1394140020705714521,38.0,1,Private room,1.0,1.0,0.0,undefined,32,False,,False,1413.0,149,41.95069,-87.66066,Chicago
1394140160052351520,33.0,1,Private room,1.0,1.0,0.0,undefined,32,False,,False,1413.0,111,41.9039,-87.69145,Chicago
1394140288425650473,36.0,1,Private room,1.0,1.0,0.0,undefined,32,False,,False,1413.0,145,41.91624567679702,-87.69693551991938,Chicago
1394141296321403489,36.0,1,Private room,1.0,1.0,0.0,undefined,32,False,,False,1413.0,116,41.91867839151418,-87.67426433515554,Chicago
1394141882011849287,43.0,1,Private room,1.0,1.0,0.0,undefined,32,False,,False,1413.0,114,41.89078701615474,-87.6606350604923,Chicago
1394142192700470887,48.0,1,Private room,3.0,1.0,0.0,undefined,32,False,1.0,False,1413.0,149,41.94535,-87.65562,Chicago
1394142303432037663,42.0,1,Private room,1.0,1.0,0.0,undefined,32,False,,False,1413.0,143,41.85291273628423,-87.6746315729642,Chicago
1394142876445954712,35.0,1,Private room,1.0,1.0,0.0,undefined,32,False,,False,1413.0,149,41.85396,-87.66058,Chicago
1394143043133123821,36.0,1,Private room,1.0,1.0,0.0,undefined,32,False,,False,1413.0,139,41.92495,-87.71026,Chicago
1394143109630834166,39.0,1,Private room,4.0,1.0,0.0,undefined,32,False,,False,1413.0,150,41.937295763358975,-87.70852924568513,Chicago
1394143132169232854,36.0,1,Private room,1.0,1.0,0.0,undefined,32,False,,False,1413.0,149,41.96907,-87.66143,Chicago
1394143317214812466,32.0,1,Private room,1.0,1.0,0.0,undefined,32,False,,False,1413.0,149,41.92287,-87.71862,Chicago
1394143572919943075,34.0,1,Private room,1.0,1.0,0.0,undefined,32,False,,False,1413.0,83,41.93451435885186,-87.72070854450554,Chicago
1394144149027020279,43.0,1,Private room,1.0,1.0,0.0,undefined,32,False,,False,1413.0,84,41.88944316639,-87.66215569666635,Chicago
1394144187192832455,38.0,1,Private room,1.0,1.0,0.0,undefined,32,False,,False,1413.0,84,41.9233,-87.72005,Chicago
1394144273642580609,38.0,1,Private room,1.0,1.0,0.0,undefined,32,False,,False,1413.0,84,41.92398,-87.71349,Chicago
1394149114692045768,85.0,4,Entire home/apt,1.0,2.0,1.0,undefined,2,True,5.0,False,6.0,357,41.7916426,-87.69826719999999,Chicago
1394181322417881764,84.0,1,Private room,1.0,1.0,1.5,undefined,32,False,,True,5.0,325,41.80155,-87.59981,Chicago
1394395113693541797,92.0,4,Entire home/apt,2.0,2.0,1.0,undefined,1,True,4.88,True,3.0,256,41.74834618280351,-87.55293185404481,Chicago
1394418196338734765,140.0,6,Entire home/apt,3.0,3.0,2.0,undefined,2,False,4.79,True,5.0,82,41.92018277944401,-87.7667494260249,Chicago
1394915775002287605,126.0,2,Entire home/apt,1.0,1.0,1.0,undefined,2,False,5.0,False,2.0,349,41.94507530000001,-87.7750939,Chicago
1394982964756451620,1620.0,3,Entire home/apt,1.0,1.0,3.0,undefined,32,False,,False,1.0,364,41.91607885891902,-87.7013272953627,Chicago
1395040357317330555,489.0,10,Entire home/apt,4.0,5.0,3.5,undefined,3,False,4.9,False,2.0,155,41.87685,-87.68867,Chicago
1395096933426752215,170.0,6,Entire home/apt,3.0,3.0,2.0,undefined,2,False,4.75,False,13.0,160,41.93216,-87.66711,Chicago
1395155617788133171,204.0,6,Entire home/apt,3.0,3.0,1.5,undefined,2,False,5.0,False,1.0,143,41.99954,-87.80303,Chicago
1395329464934430051,328.0,8,Entire home/apt,3.0,6.0,3.0,undefined,1,True,5.0,False,43.0,152,41.95165,-87.65649,Chicago
1395532559485501177,185.0,2,Entire home/apt,1.0,1.0,1.0,undefined,32,True,,False,,182,41.8982194,-87.6284907,Chicago
1395532931236505715,205.0,2,Entire home/apt,1.0,1.0,1.0,undefined,32,True,,False,,299,41.8906484,-87.6361458,Chicago
1395723283583982037,93.0,6,Entire home/apt,2.0,2.0,1.0,undefined,2,False,4.83,True,11.0,167,41.7835323,-87.608108,Chicago
1395850431010840374,94.0,2,Entire home/apt,1.0,1.0,1.0,undefined,2,False,4.76,True,14.0,176,41.95269,-87.67785,Chicago
1396006911895445904,129.0,4,Entire home/apt,2.0,2.0,1.0,undefined,32,True,,True,6.0,186,41.8933596,-87.6928131,Chicago
1396304573506735450,357.0,10,Entire home/apt,4.0,5.0,3.5,undefined,2,False,4.87,False,1.0,337,41.8321048,-87.6203032,Chicago
1396336664579562676,194.0,8,Entire home/apt,4.0,4.0,3.0,undefined,2,False,4.85,False,14.0,154,41.84858,-87.62744,Chicago
1396386735500410699,80.0,2,Entire home/apt,0.0,1.0,1.0,undefined,2,False,4.68,False,22.0,175,42.00797,-87.66734,Chicago
1396406045643201643,153.0,6,Entire home/apt,3.0,3.0,1.0,undefined,3,False,4.88,True,15.0,162,41.87366,-87.68895,Chicago
1396487696783915900,89.0,2,Entire home/apt,1.0,1.0,1.0,undefined,2,False,4.75,False,22.0,171,41.96611,-87.69229,Chicago
1396511428627543864,106.0,4,Entire home/apt,2.0,2.0,1.0,undefined,2,False,5.0,False,1.0,122,41.93886,-87.71513,Chicago
1396542801516483154,157.0,6,Entire home/apt,2.0,4.0,1.0,undefined,2,False,4.73,True,4.0,250,41.937043735457394,-87.64555271082828,Chicago
1396593006476648560,223.0,8,Entire home/apt,3.0,4.0,2.0,undefined,2,False,4.56,True,4.0,250,41.935711538410494,-87.64395713036527,Chicago
1396641845591710288,287.0,8,Entire home/apt,4.0,6.0,1.0,undefined,2,False,5.0,True,4.0,246,41.9351,-87.64452,Chicago
1396672004619991541,482.0,16,Entire home/apt,7.0,10.0,3.0,undefined,3,False,5.0,True,4.0,239,41.93548,-87.64533,Chicago
1396675253989268373,247.0,5,Entire home/apt,3.0,1.0,2.0,undefined,2,False,4.73,True,3.0,276,41.8102937,-87.60928779999999,Chicago
1396746810843934519,75.0,2,Entire home/apt,1.0,1.0,1.0,undefined,1,False,4.89,False,1.0,278,41.89670218396428,-87.77488748465576,Chicago
1396846814092692282,145.0,4,Entire home/apt,2.0,2.0,1.0,undefined,1,True,4.8,False,18.0,350,41.962886272752094,-87.68340802764355,Chicago
1397079760050125966,105.0,4,Entire home/apt,2.0,2.0,1.0,undefined,2,False,4.85,False,16.0,176,41.91552,-87.71241,Chicago
1397079809457106266,170.0,8,Entire home/apt,4.0,4.0,2.0,undefined,2,False,4.5,False,16.0,168,42.01321,-87.66355,Chicago
1397500743295073425,414.0,10,Entire home/apt,5.0,5.0,2.0,undefined,2,True,4.43,False,46.0,339,41.85529563177128,-87.6251262692458,Chicago
1398486834535551371,398.0,6,Entire home/apt,3.0,3.0,4.0,undefined,2,False,5.0,False,2.0,29,41.94104,-87.68518,Chicago
1398513608469606647,115.0,2,Entire home/apt,1.0,1.0,1.0,undefined,2,False,4.57,False,14.0,167,41.8856,-87.64282,Chicago
1398538924642572716,186.0,6,Entire home/apt,3.0,3.0,3.0,undefined,32,False,5.0,False,14.0,172,41.85564,-87.65665,Chicago
1398591205003462579,80.0,3,Entire home/apt,1.0,2.0,1.0,undefined,1,True,4.58,False,43.0,326,41.95499689461882,-87.64685979651397,Chicago
1398757977049315368,111.0,4,Entire home/apt,2.0,2.0,2.0,undefined,2,False,4.19,False,13.0,166,41.88363,-87.66722,Chicago
1398926245727248763,103.0,5,Entire home/apt,2.0,2.0,1.0,undefined,32,False,,False,1.0,240,41.85532,-87.68092,Chicago
1399395050920028196,170.0,6,Entire home/apt,3.0,3.0,2.0,undefined,2,False,4.86,False,17.0,165,41.93432,-87.71812,Chicago
1399420619951838521,106.0,2,Entire home/apt,1.0,1.0,1.0,undefined,2,False,4.92,False,13.0,144,41.89879,-87.64279,Chicago
1399480816202524845,97.0,2,Entire home/apt,1.0,1.0,1.0,undefined,2,False,4.79,False,22.0,3,41.97728,-87.68336,Chicago
1399499324365580820,181.0,8,Entire home/apt,4.0,4.0,2.5,undefined,2,False,4.58,False,22.0,155,41.90228,-87.67666,Chicago
1399501883988667126,264.0,8,Entire home/apt,4.0,4.0,2.0,undefined,32,False,,False,2.0,310,41.97315166770253,-87.72210036164147,Chicago
1399523985319166063,140.0,6,Entire home/apt,3.0,3.0,2.0,undefined,2,True,4.93,True,5.0,81,41.91994503730175,-87.76713486347951,Chicago
1399526360105628782,190.0,10,Entire home/apt,4.0,5.0,3.0,undefined,2,False,4.63,False,22.0,163,41.90753,-87.66577,Chicago
1399534287904741180,150.0,2,Entire home/apt,1.0,1.0,1.0,undefined,2,False,5.0,False,13.0,162,41.899011577745085,-87.64297159701925,Chicago
1399570271538381393,96.0,3,Entire home/apt,1.0,2.0,1.0,undefined,1,True,4.91,False,16.0,319,41.8583804,-87.6416467,Chicago
1399577299570949882,127.0,2,Entire home/apt,0.0,1.0,1.0,undefined,2,False,4.72,False,26.0,170,41.79529,-87.59171,Chicago
1399596994345797260,88.0,4,Entire home/apt,1.0,2.0,1.0,undefined,2,False,4.52,False,26.0,169,41.80114,-87.58361,Chicago
1399616319249003054,104.0,2,Entire home/apt,1.0,1.0,1.0,undefined,2,False,4.78,False,26.0,172,41.80277,-87.58428,Chicago
1399669185111041290,189.0,8,Entire home/apt,4.0,0.0,2.0,undefined,2,False,4.76,False,18.0,165,41.90823,-87.66438,Chicago
1399690980356731943,177.0,8,Entire home/apt,4.0,5.0,2.0,undefined,2,False,5.0,False,18.0,153,41.89183,-87.65545,Chicago
1399925100347568851,50000.0,4,Hotel room,1.0,1.0,1.0,undefined,1,True,5.0,False,4923.0,266,41.899360883713335,-87.62227930096908,Chicago
1399932580905869785,50000.0,10,Hotel room,4.0,4.0,2.0,undefined,1,True,,False,4923.0,265,41.90087920528256,-87.62182767644688,Chicago
1399932585389285034,50000.0,5,Hotel room,2.0,2.0,1.0,undefined,1,True,4.83,False,4923.0,287,41.90058,-87.62251,Chicago
1399943665245363852,270.0,4,Entire home/apt,2.0,2.0,1.5,undefined,32,False,,,39.0,328,41.898698399184106,-87.62965230912171,Chicago
1399984928541220768,120.0,4,Entire home/apt,2.0,0.0,1.0,undefined,2,False,4.82,False,16.0,149,41.95003,-87.65806,Chicago
1399999391018611456,96.0,3,Entire home/apt,1.0,2.0,1.0,undefined,2,False,5.0,True,1.0,220,41.9341227,-87.7111123,Chicago
1400005095503532393,119.0,4,Entire home/apt,2.0,2.0,1.0,undefined,2,False,4.85,False,16.0,153,41.95179,-87.65634,Chicago
1400008395438628404,76.0,2,Entire home/apt,1.0,1.0,1.0,undefined,2,False,4.64,False,22.0,171,41.92981,-87.75895,Chicago
1400039225352390085,87.0,4,Entire home/apt,2.0,2.0,1.0,undefined,2,False,4.53,False,22.0,174,41.96547,-87.76691,Chicago
1400054434009261469,116.0,2,Entire home/apt,1.0,1.0,1.0,undefined,2,False,4.46,False,14.0,169,41.8867,-87.64304,Chicago
1400090085603021501,90.0,2,Entire home/apt,0.0,1.0,1.0,undefined,2,False,4.76,False,14.0,165,41.96223,-87.65124,Chicago
1400119556901397246,45.0,2,Private room,1.0,1.0,2.0,undefined,32,False,5.0,True,11.0,180,41.96667,-87.71046,Chicago
1400151478950002979,169.0,6,Entire home/apt,3.0,3.0,1.0,undefined,2,False,4.83,False,17.0,159,41.95239,-87.6784,Chicago
1400230948748028776,99.0,2,Entire home/apt,0.0,1.0,1.0,undefined,2,False,4.6,True,14.0,171,41.94016,-87.66866,Chicago
1400258550223338670,254.0,7,Entire home/apt,4.0,6.0,3.0,undefined,1,True,4.83,False,1.0,11,41.92681,-87.68815,Chicago
1400260496048731928,287.0,6,Entire home/apt,2.0,3.0,1.0,undefined,2,True,5.0,False,2.0,354,41.9756526,-87.66073039999999,Chicago
1400291953209340388,250.0,8,Entire home/apt,3.0,4.0,2.0,undefined,2,True,5.0,False,46.0,359,41.85414802980503,-87.62776827807939,Chicago
1400322999297931932,201.0,8,Entire home/apt,3.0,3.0,2.0,undefined,2,True,5.0,False,46.0,352,41.85593,-87.62726,Chicago
1400345859134986352,121.0,2,Entire home/apt,0.0,1.0,1.0,undefined,2,False,4.75,False,26.0,171,41.80368,-87.58702,Chicago
1400378510791787088,133.0,2,Entire home/apt,1.0,0.0,1.0,undefined,2,False,4.64,False,26.0,171,41.8012,-87.58917,Chicago
1400394527901128719,219.0,6,Entire home/apt,3.0,3.0,2.0,undefined,2,True,5.0,False,2.0,348,41.81248054101392,-87.59521823376417,Chicago
1400479567253415369,50000.0,2,Hotel room,1.0,1.0,1.0,undefined,1,True,5.0,True,140.0,317,41.8945,-87.63194,Chicago
1400479576264871973,50000.0,8,Hotel room,2.0,4.0,2.0,undefined,1,True,,True,140.0,357,41.8945,-87.63194,Chicago
1400479585708171951,40000.0,4,Hotel room,2.0,2.0,2.0,undefined,1,True,,True,140.0,350,41.8945,-87.63194,Chicago
1400479592906246990,40000.0,2,Hotel room,1.0,1.0,1.0,undefined,1,True,,True,140.0,360,41.8944983,-87.6319398,Chicago
1400479595659509794,40000.0,4,Hotel room,2.0,2.0,2.0,undefined,1,True,,True,140.0,359,41.8945,-87.63194,Chicago
1400485198656153737,382.0,4,Entire home/apt,2.0,2.0,2.0,undefined,32,True,,False,,283,41.8694789,-87.6312255,Chicago
1400486521602115633,211.0,2,Entire home/apt,1.0,1.0,1.0,undefined,32,True,,False,,283,41.879356,-87.6479245,Chicago
1400487019198948094,238.0,2,Entire home/apt,1.0,1.0,1.0,undefined,32,True,,False,,177,41.879356,-87.6479245,Chicago
1400694584747078016,59.0,2,Private room,1.0,1.0,1.0,undefined,1,False,5.0,False,3.0,103,41.9034,-87.72804,Chicago
1400721966135387824,99.0,4,Entire home/apt,2.0,2.0,2.0,undefined,2,False,4.21,False,26.0,150,41.80135,-87.59101,Chicago
1400755294769376644,106.0,2,Entire home/apt,0.0,1.0,1.0,undefined,2,False,5.0,False,16.0,155,41.79462,-87.58398,Chicago
1400758481249356178,133.0,6,Entire home/apt,3.0,4.0,1.0,undefined,1,False,4.93,False,1.0,67,41.97764035719808,-87.69876680085137,Chicago
1400777330000273670,158.0,6,Entire home/apt,3.0,3.0,1.5,undefined,2,False,5.0,True,11.0,141,41.893534,-87.6694029,Chicago
1400785268402507638,120.0,4,Entire home/apt,2.0,2.0,2.0,undefined,2,False,4.71,False,16.0,156,41.79488,-87.58349,Chicago
1400800174070672984,132.0,2,Entire home/apt,1.0,1.0,1.0,undefined,2,False,4.93,False,16.0,169,41.79343,-87.58363,Chicago
1400823096884148442,62.0,2,Private room,1.0,1.0,2.0,undefined,32,False,,True,11.0,297,41.96657,-87.71034,Chicago
1400839331970714858,120.0,4,Entire home/apt,2.0,2.0,1.0,undefined,2,False,4.71,True,14.0,149,41.94316,-87.64561,Chicago
1400842401929700771,381.0,5,Entire home/apt,2.0,2.0,2.0,undefined,32,False,5.0,False,7.0,234,41.86015989617775,-87.65053951058108,Chicago
1400913257260860859,93.0,2,Entire home/apt,0.0,1.0,1.0,undefined,2,False,4.88,False,22.0,139,41.93445,-87.64265,Chicago
1400922884465829489,97.0,2,Entire home/apt,1.0,1.0,1.0,undefined,2,False,4.71,True,14.0,0,41.9384,-87.66836,Chicago
1400936670483987059,133.0,2,Entire home/apt,1.0,1.0,1.0,undefined,2,False,4.83,False,18.0,154,41.79389,-87.58539,Chicago
1400960681746151744,105.0,2,Entire home/apt,1.0,1.0,1.0,undefined,2,False,4.9,True,14.0,168,41.93898,-87.67058,Chicago
1400999639592005765,243.0,4,Entire home/apt,2.0,2.0,1.0,undefined,2,False,4.91,False,13.0,102,41.94289,-87.64525,Chicago
1401010708833708397,117.0,2,Entire home/apt,0.0,1.0,1.0,undefined,2,False,4.74,False,16.0,171,41.80006,-87.58345,Chicago
1401013995756774272,160.0,4,Entire home/apt,2.0,2.0,1.0,undefined,2,False,4.95,False,18.0,168,41.79807,-87.58331,Chicago
1401014109469033280,100.0,2,Entire home/apt,0.0,0.0,1.0,undefined,2,False,4.63,False,22.0,158,41.93452,-87.64453,Chicago
1401025268093893382,117.0,2,Entire home/apt,0.0,1.0,1.0,undefined,2,False,4.63,False,16.0,175,41.80039,-87.58452,Chicago
1401031312642253318,110.0,2,Entire home/apt,0.0,1.0,1.0,undefined,2,False,4.88,False,18.0,170,41.79824,-87.58421,Chicago
1401045574608899595,159.0,4,Entire home/apt,2.0,2.0,1.0,undefined,2,False,5.0,False,13.0,160,41.89394,-87.66619,Chicago
1401054111676667570,108.0,2,Entire home/apt,1.0,1.0,1.0,undefined,2,False,4.8,False,18.0,171,41.79805,-87.58414,Chicago
1401066144676878418,235.0,4,Entire home/apt,2.0,2.0,2.0,undefined,32,False,5.0,True,8.0,325,41.86488,-87.62136,Chicago
1401066889204629758,157.0,6,Entire home/apt,2.0,3.0,1.0,undefined,2,False,4.84,False,17.0,141,41.8906,-87.63254,Chicago
1401087457088437371,217.0,8,Entire home/apt,2.0,4.0,1.0,undefined,2,False,4.83,False,17.0,151,41.8909,-87.63232,Chicago
1401105473443572059,114.0,4,Entire home/apt,2.0,2.0,1.0,undefined,2,False,4.85,False,17.0,148,41.93842,-87.67047,Chicago
1401130711222724440,92.0,2,Entire home/apt,1.0,0.0,1.0,undefined,2,False,4.94,False,14.0,163,41.97564,-87.68136,Chicago
1401131295439958313,123.0,5,Entire home/apt,3.0,3.0,1.0,undefined,2,False,4.8,True,21.0,90,41.95572,-87.74797,Chicago
1401151286864960313,95.0,2,Entire home/apt,0.0,1.0,1.0,undefined,2,False,4.71,False,14.0,177,41.9661,-87.65968,Chicago
1401167412687501709,95.0,2,Entire home/apt,1.0,1.0,1.0,undefined,2,False,4.89,False,22.0,153,41.93744,-87.64348,Chicago
1401195230596612240,107.0,6,Entire home/apt,2.0,4.0,1.0,undefined,1,False,4.83,False,3.0,8,41.93210764209528,-87.68733786448564,Chicago
1401221012041696641,94.0,8,Entire home/apt,3.0,4.0,2.0,undefined,2,False,4.8,False,26.0,117,41.80166,-87.59128,Chicago
1401223667936701770,151.0,4,Entire home/apt,2.0,2.0,2.0,undefined,2,False,4.88,False,16.0,158,41.79696,-87.58004,Chicago
1401244336524760601,113.0,2,Entire home/apt,1.0,1.0,1.0,undefined,2,False,5.0,False,16.0,158,41.79599,-87.58167,Chicago
1401264579737750346,44.0,1,Private room,1.0,1.0,1.0,undefined,1,True,4.38,False,17.0,348,41.84844,-87.63583,Chicago
1401265832853271285,114.0,2,Entire home/apt,0.0,1.0,1.0,undefined,2,False,4.9,False,26.0,163,41.79958,-87.59163,Chicago
1401280099027134895,99.0,2,Entire home/apt,1.0,0.0,1.0,undefined,2,False,4.5,False,22.0,160,41.80135,-87.59307,Chicago
1401280455431040849,100.0,2,Entire home/apt,1.0,2.0,1.0,undefined,2,False,4.69,False,26.0,149,41.93439,-87.64445,Chicago
1401283486549968321,94.0,2,Entire home/apt,1.0,1.0,1.0,undefined,2,False,4.31,False,16.0,171,41.79917,-87.58918,Chicago
1401291120286682911,97.0,2,Entire home/apt,1.0,1.0,1.0,undefined,2,False,4.83,False,26.0,129,41.93543,-87.64469,Chicago
1401308154861640175,95.0,4,Entire home/apt,2.0,2.0,1.0,undefined,2,False,4.52,False,16.0,324,41.80152,-87.59067,Chicago
1401324806815647628,105.0,2,Entire home/apt,1.0,1.0,1.0,undefined,2,False,4.72,False,14.0,167,41.94509,-87.64836,Chicago
1401324821486398443,106.0,2,Entire home/apt,0.0,1.0,1.0,undefined,2,False,4.85,False,14.0,168,41.94492,-87.64613,Chicago
1401350892835251086,100.0,2,Entire home/apt,1.0,1.0,1.0,undefined,2,False,4.8,False,16.0,172,41.94043,-87.67053,Chicago
1401358674732436634,93.0,4,Entire home/apt,2.0,2.0,1.0,undefined,2,False,4.46,False,26.0,162,42.01116,-87.66621,Chicago
1401361976387458579,91.0,2,Entire home/apt,0.0,1.0,1.0,undefined,2,False,4.2,False,22.0,171,41.80093,-87.59133,Chicago
1401401855133563996,97.0,2,Entire home/apt,1.0,1.0,1.0,undefined,2,False,4.93,False,22.0,146,41.80076,-87.59129,Chicago
1401416088074732394,110.0,2,Entire home/apt,0.0,1.0,1.0,undefined,2,False,4.6,False,22.0,172,41.79848,-87.59343,Chicago
1401420343277794736,99.0,2,Entire home/apt,0.0,1.0,1.0,undefined,2,False,4.92,False,22.0,169,41.80071,-87.59178,Chicago
1401421364241280036,211.0,2,Entire home/apt,1.0,1.0,1.0,undefined,32,True,,False,,333,41.879356,-87.6479245,Chicago
1401421896595822267,210.0,2,Entire home/apt,1.0,1.0,1.0,undefined,32,True,,False,,304,41.879356,-87.6479245,Chicago
1401427553926902934,103.0,2,Entire home/apt,0.0,1.0,1.0,undefined,2,False,4.9,False,22.0,147,41.9376,-87.64523,Chicago
1401436132088297242,77.0,4,Entire home/apt,3.0,3.0,2.0,undefined,32,True,,False,376.0,266,41.9001735,-87.715539,Chicago
1401439274428402822,109.0,2,Entire home/apt,1.0,1.0,1.0,undefined,2,False,4.25,False,22.0,175,41.79842,-87.59312,Chicago
1401440861779327891,113.0,4,Entire home/apt,2.0,2.0,1.0,undefined,2,False,4.6,False,22.0,167,41.98349,-87.713,Chicago
1401468047164321296,107.0,2,Entire home/apt,1.0,1.0,1.0,undefined,2,False,5.0,False,22.0,175,41.98267,-87.71491,Chicago
1401469962279990715,103.0,2,Entire home/apt,1.0,1.0,1.0,undefined,2,False,4.89,False,22.0,174,41.95938,-87.7317,Chicago
1401471296117254660,164.0,6,Entire home/apt,3.0,3.0,1.0,undefined,2,False,4.75,True,14.0,174,41.79993,-87.58959,Chicago
1401483824367028173,125.0,4,Entire home/apt,2.0,2.0,1.0,undefined,2,False,4.84,False,26.0,164,41.80178,-87.58737,Chicago
1401525745023338540,94.0,2,Entire home/apt,1.0,1.0,1.0,undefined,2,False,4.81,False,22.0,16,41.9772,-87.68196,Chicago
1401576556950758479,119.0,4,Entire home/apt,1.0,1.0,1.0,undefined,3,True,5.0,True,6.0,354,41.95681,-87.65482,Chicago
1401598794403056952,100.0,3,Entire home/apt,2.0,2.0,1.0,undefined,2,False,4.92,False,14.0,74,41.96309,-87.70988,Chicago
1401607145708288455,110.0,6,Entire home/apt,3.0,3.0,1.0,undefined,2,False,4.89,False,22.0,63,41.93431,-87.71828,Chicago
1401607465309448250,138.0,6,Entire home/apt,3.0,3.0,1.0,undefined,2,False,4.55,True,14.0,157,41.79838,-87.59151,Chicago
1401634636790279591,95.0,2,Entire home/apt,0.0,1.0,1.0,undefined,2,False,5.0,False,22.0,145,41.96156,-87.66867,Chicago
1401636418697027701,100.0,4,Entire home/apt,1.0,2.0,1.0,undefined,2,False,4.93,True,14.0,75,41.93979,-87.66865,Chicago
1401659447154514003,168.0,7,Entire home/apt,2.0,2.0,1.0,undefined,32,True,5.0,True,61.0,358,41.889346448787805,-87.68868060280549,Chicago
1401666895859293668,98.0,4,Entire home/apt,2.0,2.0,1.0,undefined,2,False,4.79,False,22.0,166,41.94164,-87.72645,Chicago
1401672086977065748,123.0,6,Entire home/apt,2.0,3.0,1.0,undefined,2,False,4.79,True,14.0,154,41.95041,-87.65811,Chicago
1401690240736088401,82.0,4,Entire home/apt,2.0,2.0,1.0,undefined,2,False,4.57,False,22.0,165,41.95945,-87.72946,Chicago
1401699868909249085,105.0,5,Entire home/apt,2.0,3.0,1.0,undefined,32,False,5.0,False,3.0,364,42.00248330859674,-87.67286516726017,Chicago
1401710774746645745,89.0,2,Entire home/apt,1.0,1.0,1.0,undefined,2,False,4.56,False,22.0,162,41.96594,-87.69045,Chicago
1401767404949906173,100.0,2,Entire home/apt,1.0,1.0,1.0,undefined,2,False,4.86,True,21.0,156,41.93923,-87.67059,Chicago
1401785010285614175,79.0,2,Entire home/apt,0.0,1.0,1.0,undefined,2,False,4.71,True,21.0,164,41.96048,-87.75544,Chicago
1401786231317480328,82.0,2,Entire home/apt,1.0,1.0,1.0,undefined,2,False,4.63,False,22.0,169,41.9579,-87.73083,Chicago
1401793600905392507,84.0,2,Entire home/apt,1.0,1.0,1.0,undefined,2,False,3.86,False,22.0,170,41.95806,-87.73024,Chicago
1401802576617442643,90.0,2,Entire home/apt,0.0,1.0,1.0,undefined,2,False,4.75,True,21.0,147,41.96272,-87.65133,Chicago
1401830719669719399,103.0,2,Entire home/apt,1.0,1.0,1.0,undefined,2,False,4.56,False,22.0,157,41.80075,-87.59384,Chicago
1401845234207081234,107.0,2,Entire home/apt,0.0,1.0,1.0,undefined,2,False,4.65,False,22.0,168,41.79456,-87.59284,Chicago
1401852807989627794,85.0,2,Entire home/apt,1.0,1.0,1.0,undefined,2,False,4.75,False,22.0,165,41.94926,-87.70596,Chicago
1401873276412616844,89.0,4,Entire home/apt,2.0,2.0,1.0,undefined,2,False,4.6,True,14.0,169,41.95779,-87.7311,Chicago
1401874790488238432,133.0,6,Entire home/apt,3.0,3.0,1.0,undefined,2,False,4.4,False,22.0,174,41.999,-87.66746,Chicago
1401898273765789928,99.0,2,Entire home/apt,0.0,1.0,1.0,undefined,2,False,4.74,False,22.0,161,41.93409,-87.65182,Chicago
1401955661394121374,83.0,2,Entire home/apt,1.0,1.0,1.0,undefined,2,False,4.83,False,17.0,154,41.96511,-87.70188,Chicago
1401980579230341481,86.0,4,Entire home/apt,2.0,2.0,1.0,undefined,2,False,4.91,False,17.0,152,41.94408,-87.72447,Chicago
1401998114026465210,87.0,4,Entire home/apt,2.0,2.0,1.0,undefined,2,False,4.78,False,17.0,166,41.96352,-87.75492,Chicago
1402018899098102125,80.0,2,Entire home/apt,1.0,1.0,1.0,undefined,2,False,4.89,False,17.0,149,41.93453,-87.71777,Chicago
1402037908680998472,96.0,2,Entire home/apt,1.0,1.0,1.0,undefined,2,False,4.36,False,17.0,166,41.93859,-87.66954,Chicago
1402056979886436025,118.0,4,Entire home/apt,2.0,2.0,1.0,undefined,2,False,4.96,True,21.0,147,41.96074,-87.75611,Chicago
1402085041568983973,80.0,2,Entire home/apt,1.0,1.0,1.0,undefined,2,False,4.59,True,21.0,170,41.96133,-87.75486,Chicago
1402095937090364325,80.0,2,Entire home/apt,1.0,1.0,1.0,undefined,2,False,4.58,False,22.0,171,41.96034,-87.74919,Chicago
1402100678348489693,89.0,2,Entire home/apt,1.0,1.0,1.0,undefined,2,False,4.77,True,21.0,176,41.96154,-87.74884,Chicago
1402102645616151742,360.0,8,Entire home/apt,2.0,8.0,2.0,undefined,32,False,,False,2.0,179,41.90696,-87.62863,Chicago
1402107258462768382,103.0,2,Entire home/apt,1.0,1.0,1.0,undefined,2,False,4.75,True,21.0,69,41.98118,-87.66919,Chicago
1402112694568191885,97.0,3,Entire home/apt,2.0,2.0,1.0,undefined,2,False,5.0,False,22.0,156,41.96381,-87.7096,Chicago
1402128390537198223,103.0,4,Entire home/apt,2.0,2.0,1.0,undefined,2,False,4.86,False,22.0,161,41.96269,-87.70886,Chicago
1402144966371323832,101.0,4,Entire home/apt,2.0,2.0,1.0,undefined,2,False,4.85,False,22.0,138,41.96597,-87.66902,Chicago
1402149466073083477,97.0,2,Entire home/apt,1.0,1.0,1.0,undefined,2,False,4.53,False,14.0,160,41.93599,-87.65218,Chicago
1402162483622564380,127.0,2,Entire home/apt,1.0,1.0,1.0,undefined,2,False,4.63,False,18.0,168,41.88687,-87.64321,Chicago
1402231225604235096,129.0,6,Entire home/apt,3.0,3.0,1.0,undefined,2,False,4.84,False,18.0,142,41.94524,-87.65196,Chicago
1402235591547398493,115.0,2,Entire home/apt,1.0,1.0,1.0,undefined,2,False,4.54,False,26.0,158,41.88526,-87.64318,Chicago
1402254628357257154,60.0,1,Private room,1.0,1.0,1.0,undefined,15,False,3.0,False,11.0,141,41.8771867,-87.700133,Chicago
1402263366113829746,89.0,4,Entire home/apt,2.0,2.0,1.0,undefined,2,False,4.54,False,26.0,162,42.0122465,-87.66566619999999,Chicago
1402273347967443809,139.0,2,Entire home/apt,1.0,1.0,1.0,undefined,1,False,4.92,,70.0,213,41.90376,-87.62474,Chicago
1402289078352689983,52.0,1,Private room,1.0,1.0,1.0,undefined,15,False,5.0,False,11.0,155,41.87602545703879,-87.69921249046588,Chicago
1402293335810630371,25.0,1,Private room,3.0,1.0,2.0,undefined,5,False,4.0,False,13.0,327,41.87236,-87.72931,Chicago
1402293933810170426,156.0,2,Entire home/apt,1.0,1.0,1.0,undefined,1,True,5.0,,70.0,316,41.90349,-87.62519,Chicago
1402304675423265092,108.0,2,Entire home/apt,1.0,1.0,1.0,undefined,2,False,4.86,False,13.0,170,41.94302,-87.66845,Chicago
1402491523962510165,97.0,2,Entire home/apt,1.0,1.0,1.0,undefined,2,False,4.5,False,22.0,167,41.93843,-87.66939,Chicago
1402504153234416366,94.0,2,Entire home/apt,1.0,1.0,1.0,undefined,2,False,4.89,False,22.0,145,41.96695,-87.66982,Chicago
1402516140121887550,86.0,4,Entire home/apt,2.0,2.0,1.0,undefined,2,False,4.79,False,22.0,157,41.9437,-87.7241,Chicago
1402523625434054771,110.0,1,Entire home/apt,0.0,1.0,1.0,undefined,32,True,5.0,False,7.0,230,41.90056291258696,-87.62933560920739,Chicago
1402528210753677680,86.0,4,Entire home/apt,2.0,2.0,1.0,undefined,2,False,4.76,False,22.0,164,41.9426,-87.72611,Chicago
1402593656848200267,98.0,2,Entire home/apt,1.0,1.0,1.0,undefined,2,False,4.57,False,22.0,161,41.94318,-87.67064,Chicago
1402961039826396380,99.0,2,Entire home/apt,1.0,1.0,1.0,undefined,2,False,4.95,False,26.0,142,41.94339,-87.67044,Chicago
1402965246922963260,101.0,2,Entire home/apt,1.0,0.0,1.0,undefined,2,False,4.83,False,26.0,162,41.94493,-87.66881,Chicago
1402970634216433540,98.0,2,Entire home/apt,1.0,0.0,1.0,undefined,2,False,4.8,False,26.0,166,41.9429,-87.66852,Chicago
1402981136859333767,100.0,2,Entire home/apt,1.0,1.0,1.0,undefined,2,False,4.57,False,13.0,169,41.93847,-87.66865,Chicago
1403000636222371257,103.0,2,Entire home/apt,1.0,1.0,1.0,undefined,2,False,4.69,False,26.0,66,41.92842,-87.65238,Chicago
1403003917312309240,104.0,2,Entire home/apt,0.0,0.0,1.0,undefined,2,False,4.81,False,26.0,152,41.93789,-87.64823,Chicago
1403049891160558356,99.0,2,Entire home/apt,1.0,1.0,1.0,undefined,2,False,4.83,False,22.0,149,41.93873,-87.65025,Chicago
1403084998821154846,124.0,4,Entire home/apt,2.0,2.0,1.0,undefined,2,False,4.92,False,22.0,144,41.93926,-87.65184,Chicago
1403114411858157504,191.0,8,Entire home/apt,4.0,4.0,4.0,undefined,2,False,4.76,False,18.0,165,41.91035,-87.68721,Chicago
1403123716676327675,87.0,2,Entire home/apt,1.0,1.0,1.0,undefined,2,False,4.38,False,22.0,176,41.95821,-87.75056,Chicago
1403128589048629152,166.0,6,Entire home/apt,3.0,3.0,2.0,undefined,2,False,4.72,False,22.0,161,41.94065,-87.66921,Chicago
1403144065183162274,121.0,4,Entire home/apt,2.0,2.0,1.0,undefined,2,False,4.64,False,18.0,167,41.94606,-87.65019,Chicago
1403149280839446315,113.0,4,Entire home/apt,2.0,2.0,1.0,undefined,2,False,4.95,False,13.0,167,41.93398,-87.65192,Chicago
1403161038114493080,135.0,6,Entire home/apt,3.0,3.0,2.0,undefined,2,False,4.8,False,18.0,166,41.9363,-87.71823,Chicago
1403167014625879108,78.0,2,Entire home/apt,1.0,1.0,1.0,undefined,2,False,4.74,False,22.0,168,41.95802,-87.73024,Chicago
1403185764654238881,92.0,4,Entire home/apt,2.0,2.0,2.0,undefined,2,False,4.78,False,18.0,156,41.93671,-87.72013,Chicago
1403228554052864782,108.0,2,Entire home/apt,1.0,1.0,1.0,undefined,2,False,4.63,True,21.0,166,41.93527,-87.65388,Chicago
1403230194890266269,98.0,2,Entire home/apt,1.0,1.0,1.0,undefined,2,False,4.47,True,21.0,83,41.93673,-87.65229,Chicago
1403231465011651820,101.0,2,Entire home/apt,1.0,0.0,1.0,undefined,2,False,4.3,True,21.0,162,41.93649,-87.65394,Chicago
1403236499896175253,106.0,4,Entire home/apt,2.0,2.0,1.0,undefined,2,False,4.14,True,21.0,154,41.93656,-87.6526,Chicago
1403240332456176192,87.0,4,Entire home/apt,2.0,2.0,1.0,undefined,2,False,4.94,False,22.0,166,41.92978,-87.75829,Chicago
1403255961156675247,97.0,2,Entire home/apt,1.0,1.0,1.0,undefined,2,False,4.94,False,22.0,174,41.96381,-87.75615,Chicago
1403271306178969681,119.0,2,Entire home/apt,1.0,1.0,1.0,undefined,2,False,4.91,False,26.0,160,41.80135,-87.59683,Chicago
1403280958084014606,108.0,3,Entire home/apt,2.0,2.0,1.5,undefined,2,False,4.95,False,17.0,156,41.97757,-87.66252,Chicago
1403286607332016713,103.0,4,Entire home/apt,2.0,2.0,1.0,undefined,2,False,4.76,False,18.0,157,41.97621,-87.66933,Chicago
1403297342129550344,107.0,3,Entire home/apt,2.0,2.0,1.0,undefined,2,False,4.85,False,18.0,161,41.97578,-87.66898,Chicago
1403316835359132587,86.0,4,Entire home/apt,2.0,2.0,1.0,undefined,2,False,4.85,False,17.0,163,41.92514,-87.73301,Chicago
1403331478807083757,98.0,4,Entire home/apt,2.0,2.0,2.0,undefined,2,False,4.19,False,17.0,83,41.96582,-87.76849,Chicago
1403334028064006586,124.0,3,Entire home/apt,2.0,2.0,1.0,undefined,2,False,5.0,False,14.0,146,41.93779,-87.65057,Chicago
1403362436773372969,111.0,4,Entire home/apt,2.0,2.0,2.0,undefined,2,False,4.89,False,18.0,129,41.96867,-87.65433,Chicago
1403377268196082697,111.0,2,Entire home/apt,1.0,1.0,1.0,undefined,2,False,4.76,False,18.0,156,41.88689,-87.64452,Chicago
1403389793774672653,94.0,6,Entire home/apt,3.0,3.0,1.0,undefined,2,False,4.62,False,17.0,156,42.0083,-87.66823,Chicago
1403398822601538536,132.0,3,Entire home/apt,1.0,2.0,1.5,undefined,2,False,4.85,False,17.0,155,41.89006,-87.65604,Chicago
1403405556192676515,86.0,2,Entire home/apt,1.0,1.0,1.0,undefined,2,False,4.63,False,17.0,159,42.01253,-87.66369,Chicago
1403561975814530305,108.0,2,Entire home/apt,0.0,1.0,1.0,undefined,2,False,4.91,True,21.0,89,41.96704,-87.76678,Chicago
1403563576531969004,99.0,2,Entire home/apt,0.0,1.0,1.0,undefined,2,False,4.73,False,17.0,157,41.9774,-87.66094,Chicago
1403697150626193980,291.0,6,Entire home/apt,3.0,3.0,3.0,undefined,2,False,4.92,True,74.0,340,41.87470892849291,-87.63254414834658,Chicago
1403715298441699402,273.0,6,Entire home/apt,3.0,3.0,3.0,undefined,2,False,5.0,True,74.0,314,41.874700193822434,-87.63189315547176,Chicago
1403724157852137051,244.0,6,Entire home/apt,3.0,3.0,3.0,undefined,2,False,4.89,True,74.0,327,41.87488,-87.63244,Chicago
1403924524195232570,126.0,2,Entire home/apt,1.0,1.0,1.0,undefined,3,False,4.8,False,1.0,30,41.9513985,-87.71982179999999,Chicago
1404371648438234517,143.0,2,Entire home/apt,0.0,1.0,1.0,undefined,1,True,4.71,,70.0,328,41.90155,-87.62662,Chicago
1404426126928029194,1334.0,16,Entire home/apt,6.0,13.0,4.0,undefined,1,False,,True,41.0,65,41.90093,-87.62809,Chicago
1404451433779541458,119.0,6,Entire home/apt,3.0,3.0,1.0,undefined,2,False,4.65,False,22.0,87,41.96598,-87.76858,Chicago
1404458872552199855,201.0,2,Entire home/apt,0.0,1.0,1.0,undefined,32,False,,True,131.0,313,41.88197203646549,-87.64596429125265,Chicago
1404503145053088132,92.0,4,Entire home/apt,2.0,5.0,1.0,undefined,32,True,,False,2.0,365,41.8261003,-87.6227373,Chicago
1404503892451502796,334.0,14,Entire home/apt,7.0,7.0,4.5,undefined,2,False,5.0,True,11.0,126,41.89454169094723,-87.66997195063287,Chicago
1404645507549698961,253.0,10,Entire home/apt,3.0,5.0,1.0,undefined,1,False,4.33,True,20.0,114,41.87547,-87.69341,Chicago
1404675628805456585,79.0,3,Entire home/apt,1.0,2.0,1.0,undefined,1,True,4.76,True,2.0,118,41.8838264,-87.6955174,Chicago
1404727441309520103,111.0,4,Entire home/apt,1.0,2.0,1.0,undefined,1,False,4.8,False,6.0,77,41.97838,-87.67912,Chicago
1404857868089832556,138.0,6,Entire home/apt,1.0,0.0,1.0,undefined,1,True,4.94,False,38.0,144,41.89655,-87.63381,Chicago
1405011331953817643,81.0,2,Entire home/apt,0.0,1.0,1.0,undefined,2,False,4.76,True,21.0,166,41.9608,-87.75481,Chicago
1405086873942493312,135.0,4,Entire home/apt,1.0,2.0,1.0,undefined,1,False,4.92,True,44.0,349,41.9393175,-87.6429285,Chicago
1405112664266129292,260.0,8,Entire home/apt,4.0,5.0,2.5,undefined,2,False,4.7,True,11.0,142,41.9391916,-87.6514768,Chicago
1405164154156772990,146.0,2,Entire home/apt,1.0,1.0,1.0,undefined,1,True,4.6,,70.0,317,41.90196,-87.62678,Chicago
1405447185515299088,42.0,1,Private room,1.0,1.0,1.0,undefined,32,False,,True,51.0,282,41.82896,-87.61984,Chicago
1405576265086886463,126.0,4,Entire home/apt,2.0,2.0,1.0,undefined,1,True,4.11,False,18.0,358,41.94008365379549,-87.70222437074983,Chicago
1405787505341759294,109.0,4,Entire home/apt,1.0,1.0,1.0,undefined,2,True,4.79,,32.0,164,41.9980158,-87.7064961,Chicago
1405921833155051135,50000.0,8,Private room,2.0,0.0,2.0,undefined,1,True,5.0,False,33.0,348,41.88739,-87.62569,Chicago
1405924751976322610,50000.0,12,Private room,3.0,0.0,3.0,undefined,1,True,,False,33.0,347,41.88739,-87.62569,Chicago
1405928326879028144,40000.0,16,Private room,4.0,0.0,4.0,undefined,1,True,,False,33.0,347,41.8873941,-87.625694,Chicago
1405932425165869069,40000.0,4,Private room,2.0,0.0,2.0,undefined,1,True,,False,33.0,347,41.88739,-87.62569,Chicago
1405932426328087471,40000.0,6,Private room,3.0,0.0,3.0,undefined,1,True,,False,33.0,347,41.88739,-87.62569,Chicago
1405934788122239922,40000.0,8,Private room,4.0,0.0,4.0,undefined,1,True,,False,33.0,345,41.88739,-87.62569,Chicago
1406445589333146718,38.0,1,Private room,1.0,1.0,1.0,undefined,32,True,3.57,False,9.0,365,41.83943106349801,-87.6579391947321,Chicago
1406522731329862552,50000.0,4,Hotel room,1.0,0.0,1.0,undefined,1,True,4.5,False,8403.0,339,41.89363,-87.63268,Chicago
1406527799973786435,75.0,2,Private room,1.0,1.0,2.0,undefined,32,False,5.0,True,11.0,326,41.96496824599184,-87.70890738421227,Chicago
1406528894547026589,64.0,2,Private room,1.0,3.0,2.0,undefined,32,False,5.0,True,11.0,220,41.9647,-87.70931,Chicago
1406531396675998360,83.0,2,Private room,1.0,1.0,2.0,undefined,32,False,5.0,True,11.0,328,41.96494,-87.70936,Chicago
1406533024534178170,907.0,6,Private room,3.0,0.0,3.0,undefined,1,True,5.0,False,4923.0,354,41.8911047,-87.6270403,Chicago
1406533308722973437,45.0,2,Private room,1.0,1.0,2.0,undefined,32,False,5.0,True,11.0,305,41.96668,-87.71015,Chicago
1406534557700204614,59.0,2,Private room,1.0,1.0,2.0,undefined,32,False,5.0,True,11.0,340,41.96553,-87.7109,Chicago
1406584044311669861,128.0,4,Entire home/apt,2.0,2.0,1.0,undefined,1,True,5.0,False,18.0,344,41.99255,-87.659,Chicago
1407020843169913422,64.0,2,Entire home/apt,1.0,1.0,1.0,undefined,32,False,,False,1.0,83,41.819633824217874,-87.6877582058544,Chicago
1407294534922763327,104.0,2,Entire home/apt,1.0,1.0,1.0,undefined,2,False,4.61,True,21.0,165,41.79753,-87.59668,Chicago
1407301678255280473,69.0,2,Private room,1.0,1.0,1.0,undefined,30,False,5.0,True,3.0,113,41.80904,-87.60843,Chicago
1407339861132149952,154.0,4,Entire home/apt,2.0,2.0,1.0,undefined,32,True,,True,11.0,231,41.95392469999999,-87.68188180000001,Chicago
1407376110565588662,116.0,8,Entire home/apt,3.0,4.0,1.0,undefined,1,False,4.6,False,2.0,53,41.909167969043416,-87.69141813591216,Chicago
1407445083870741033,116.0,2,Private room,1.0,1.0,2.0,undefined,1,False,4.9,False,6.0,87,41.94337635949486,-87.65034722883605,Chicago
1408328340047234118,426.0,16,Entire home/apt,4.0,12.0,2.0,undefined,2,True,3.67,True,4.0,356,41.771590740127664,-87.57531872898363,Chicago
1408668486602821421,196.0,6,Entire home/apt,3.0,2.0,2.0,undefined,32,True,,True,4.0,365,41.8162886,-87.6062421,Chicago
1408752489250809765,110.0,4,Entire home/apt,2.0,3.0,1.0,undefined,32,False,5.0,False,4.0,206,41.9018814,-87.6890032,Chicago
1408913821397002763,225.0,2,Entire home/apt,1.0,1.0,1.0,undefined,32,True,,False,4.0,365,41.89150341557863,-87.62350009520463,Chicago
1409044533314812489,120.0,5,Entire home/apt,3.0,3.0,1.0,undefined,32,False,5.0,False,11.0,151,41.8709023,-87.6815225,Chicago
1409090689935811621,140.0,8,Entire home/apt,3.0,4.0,2.0,undefined,2,False,4.5,False,2.0,355,41.8677298,-87.68690289999999,Chicago
1409404323016126074,64.0,1,Private room,1.0,1.0,2.0,undefined,32,False,,False,11.0,363,41.8709023,-87.6815225,Chicago
1409407148306605582,64.0,1,Private room,1.0,1.0,2.0,undefined,32,False,3.0,False,11.0,365,41.87163,-87.68078,Chicago
1409412070994558126,72.0,1,Private room,1.0,1.0,1.0,undefined,32,False,,False,11.0,365,41.8708367,-87.6815282,Chicago
1409414795205830092,64.0,1,Private room,1.0,1.0,1.0,undefined,32,False,,False,11.0,358,41.8708367,-87.6815282,Chicago
1409416546857692922,64.0,1,Private room,1.0,1.0,1.0,undefined,32,False,5.0,False,11.0,365,41.87134,-87.68228,Chicago
1409416557019586619,179.0,2,Entire home/apt,1.0,1.0,1.0,undefined,32,True,5.0,False,,257,41.8982194,-87.6284907,Chicago
1409418240323349935,144.0,3,Entire home/apt,2.0,2.0,1.0,undefined,32,False,,False,11.0,365,41.8708367,-87.6815282,Chicago
1409472356446821061,269.0,4,Entire home/apt,2.0,2.0,1.5,undefined,1,False,5.0,False,1.0,258,41.8531449,-87.62249969999999,Chicago
1409540865983648267,42.0,1,Private room,1.0,1.0,1.5,undefined,1,True,4.14,False,17.0,336,41.84978916733573,-87.63468925890807,Chicago
1409541712625716747,82.0,2,Private room,1.0,1.0,2.0,undefined,2,False,5.0,False,12.0,1,41.89764,-87.65416,Chicago
1409607429416342571,117.0,3,Entire home/apt,1.0,2.0,1.0,undefined,1,True,4.91,False,7.0,349,41.90305010713608,-87.67222852289419,Chicago
1409779629742885579,192.0,5,Entire home/apt,2.0,2.0,1.0,undefined,2,False,5.0,False,1.0,336,41.89967,-87.67558,Chicago
1409788300945811884,35.0,1,Private room,1.0,1.0,1.0,undefined,32,False,,False,1.0,358,41.857997,-87.670135,Chicago
1409919911229557553,93.0,5,Entire home/apt,2.0,1.0,1.0,undefined,2,True,4.17,False,11.0,246,41.96353982128453,-87.71328694885024,Chicago
1409996380455035081,40000.0,12,Private room,3.0,0.0,3.0,undefined,1,True,,False,6545.0,342,41.89516,-87.62357,Chicago
1410224724901417399,218.0,5,Entire home/apt,2.0,2.0,2.0,undefined,1,False,4.75,True,61.0,240,41.87039,-87.63227,Chicago
1410244552132196403,75.0,2,Entire home/apt,1.0,3.0,1.0,undefined,2,False,3.0,False,8.0,36,41.9259942502834,-87.72517159581184,Chicago
1410469071665830855,120.0,3,Private room,1.0,1.0,1.0,undefined,2,False,5.0,True,4.0,153,41.91611,-87.68885,Chicago
1410492311702095400,297.0,8,Entire home/apt,4.0,5.0,2.0,undefined,1,False,4.92,True,5.0,348,41.85645179999999,-87.6421802,Chicago
1410621107864771769,97.0,4,Entire home/apt,1.0,0.0,1.0,undefined,1,True,4.22,False,38.0,183,41.87962,-87.63168,Chicago
1410874604295056755,146.0,6,Entire home/apt,3.0,3.0,1.0,undefined,3,False,4.33,False,11.0,264,41.878374171598665,-87.7005130969677,Chicago
1410927037445326431,471.0,16,Entire home/apt,8.0,10.0,4.5,undefined,2,False,5.0,True,11.0,137,41.9391916,-87.6514768,Chicago
1411006989677207242,30.0,1,Private room,0.0,1.0,1.5,undefined,32,False,,False,16.0,365,41.78691,-87.66164,Chicago
1411051246988887484,158.0,4,Entire home/apt,1.0,1.0,1.0,undefined,2,True,4.6,False,11.0,173,41.96364,-87.71157,Chicago
1411162089777871884,302.0,8,Entire home/apt,3.0,5.0,2.0,undefined,2,False,4.69,False,1.0,318,41.93389,-87.67993,Chicago
1411481858852710216,70.0,2,Private room,1.0,1.0,1.0,undefined,32,True,5.0,False,56.0,317,41.868155833923765,-87.65731593852979,Chicago
1411638739788079649,98.0,2,Entire home/apt,1.0,1.0,1.0,undefined,1,True,5.0,False,7.0,244,41.90496587992092,-87.67280727904152,Chicago
1412438587202369354,126.0,10,Entire home/apt,3.0,5.0,1.0,undefined,1,False,4.71,True,18.0,350,41.85859114789429,-87.6599093704705,Chicago
1412505982852429192,110.0,6,Entire home/apt,2.0,3.0,2.0,undefined,1,False,4.5,True,18.0,350,41.93454,-87.66001,Chicago
1412586082255834770,170.0,9,Entire home/apt,4.0,5.0,1.0,undefined,1,True,4.8,False,2.0,339,41.8044707,-87.6240131,Chicago
1413115150178027698,105.0,5,Entire home/apt,2.0,3.0,1.0,undefined,1,False,4.29,False,1.0,199,41.78813787534094,-87.64655975296115,Chicago
1413460667529132395,186.0,4,Entire home/apt,2.0,3.0,1.0,undefined,2,True,5.0,False,1.0,342,41.81465587620596,-87.61261167193665,Chicago
1413919052152902108,135.0,5,Entire home/apt,2.0,5.0,1.0,undefined,1,False,4.5,False,43.0,353,41.8947289,-87.68032199999999,Chicago
1413993174602306608,73.0,6,Entire home/apt,2.0,2.0,1.0,undefined,1,True,3.33,False,88.0,106,41.896,-87.668,Chicago
1414602234272027658,136.0,4,Entire home/apt,2.0,2.0,1.0,undefined,2,False,5.0,False,1.0,64,41.91601948559936,-87.69431113543482,Chicago
1414691693086306858,300.0,8,Entire home/apt,4.0,4.0,2.0,undefined,1,False,4.86,False,1.0,362,41.763495842034345,-87.63949443024896,Chicago
1414775000092254600,100.0,4,Entire home/apt,2.0,4.0,1.0,undefined,32,False,5.0,True,8.0,270,41.91142855053232,-87.77265977114439,Chicago
1415229847644718702,223.0,2,Entire home/apt,1.0,1.0,1.0,undefined,32,True,,False,,99,41.8649257,-87.62449289999999,Chicago
1415237414706775379,222.0,2,Entire home/apt,1.0,1.0,1.0,undefined,32,True,,False,,94,41.8649257,-87.62449289999999,Chicago
1415244947618439536,248.0,2,Entire home/apt,1.0,1.0,1.0,undefined,32,True,,False,,320,41.8649257,-87.62449289999999,Chicago
1415245726626946654,178.0,2,Entire home/apt,1.0,1.0,1.0,undefined,32,True,,False,,328,41.8838597,-87.6594231,Chicago
1415260048156246919,201.0,2,Entire home/apt,1.0,1.0,1.0,undefined,32,True,,False,,3,41.8838597,-87.6594231,Chicago
1415260636351774288,180.0,4,Entire home/apt,2.0,2.0,1.0,undefined,1,True,5.0,False,1.0,339,41.98526187015484,-87.66858040219688,Chicago
1415520866191462511,226.0,4,Entire home/apt,2.0,2.0,1.0,undefined,3,False,4.75,True,3.0,255,41.96802,-87.6786,Chicago
1415549768100462028,30.0,2,Private room,1.0,1.0,1.0,undefined,2,False,5.0,False,11.0,114,41.87462268817044,-87.69416875066912,Chicago
1416000316568647300,160.0,4,Entire home/apt,2.0,2.0,2.0,undefined,32,False,,False,1.0,358,41.89161,-87.7629,Chicago
1416048806321702337,103.0,6,Entire home/apt,3.0,3.0,1.0,undefined,2,False,4.87,True,14.0,143,41.962919,-87.708448,Chicago
1416089608494036806,116.0,2,Entire home/apt,1.0,1.0,1.0,undefined,2,False,4.91,True,14.0,162,41.96602,-87.68673,Chicago
1416126558389837283,102.0,2,Entire home/apt,1.0,1.0,1.0,undefined,2,False,4.92,True,14.0,163,41.97512,-87.68125,Chicago
1416139230357257701,46.0,9,Entire home/apt,2.0,5.0,1.0,undefined,2,False,4.08,False,15.0,353,41.7691,-87.63421,Chicago
1416170830854548944,293.0,4,Entire home/apt,2.0,2.0,3.0,undefined,32,False,,False,4.0,262,41.90835220851222,-87.68084420716542,Chicago
1416172241298966255,42.0,6,Private room,1.0,3.0,1.0,undefined,2,False,4.0,False,15.0,352,41.76922,-87.63473,Chicago
1416182808162326346,99.0,2,Entire home/apt,1.0,1.0,1.0,undefined,2,False,4.65,False,26.0,166,41.80249,-87.58528,Chicago
1416187111449449278,26.0,6,Private room,1.0,3.0,1.0,undefined,2,False,4.11,False,15.0,363,41.76921,-87.63533,Chicago
1416225926680224908,25.0,3,Private room,1.0,2.0,1.0,undefined,2,False,4.0,False,15.0,365,41.76736585131425,-87.63382135709303,Chicago
1416231901019686562,26.0,2,Private room,1.0,1.0,1.0,undefined,2,False,4.29,False,15.0,362,41.76921,-87.63425,Chicago
1416236094509558611,29.0,2,Private room,1.0,1.0,1.0,undefined,2,False,5.0,False,15.0,350,41.76720025210492,-87.63554081923094,Chicago
1416239170201716467,27.0,6,Private room,1.0,3.0,1.0,undefined,2,False,4.5,False,15.0,365,41.76746833121966,-87.63357652105493,Chicago
1416245319470567230,28.0,4,Private room,1.0,2.0,1.0,undefined,2,False,3.8,False,15.0,365,41.76853,-87.6353,Chicago
1416248650096435090,359.0,7,Entire home/apt,3.0,3.0,2.0,undefined,1,True,5.0,True,8.0,82,41.95128357642848,-87.6612996443883,Chicago
1416448323190856509,271.0,8,Entire home/apt,3.0,4.0,2.0,undefined,2,True,2.5,True,8.0,121,41.950707883166864,-87.65963036564717,Chicago
1416462461023388919,652.0,15,Entire home/apt,6.0,6.0,4.0,undefined,2,True,5.0,True,8.0,85,41.95072257065147,-87.66168846896825,Chicago
1416627512622298127,28.0,3,Private room,1.0,1.0,1.0,undefined,2,False,4.43,False,15.0,353,41.7672,-87.63538,Chicago
1416634343876926928,148.0,4,Entire home/apt,2.0,2.0,2.0,undefined,32,False,,True,21.0,328,41.9244,-87.65109,Chicago
1416641425043630978,24.0,6,Private room,1.0,3.0,1.0,undefined,2,False,3.8,False,15.0,365,41.76913,-87.63363,Chicago
1416653626212810001,27.0,2,Private room,1.0,1.0,1.0,undefined,2,False,4.73,False,15.0,356,41.76876,-87.63556,Chicago
1416672032247345000,27.0,2,Private room,1.0,1.0,1.0,undefined,2,False,4.5,False,15.0,355,41.768561210534514,-87.63562328990645,Chicago
1416682936680054688,58.0,2,Private room,1.0,1.0,1.0,undefined,2,False,4.92,True,4.0,236,41.89864781782973,-87.66627591968218,Chicago
1416707636715219039,56.0,2,Private room,1.0,1.0,1.0,undefined,2,False,4.8,True,4.0,230,41.8979,-87.66651,Chicago
1416785276070640661,95.0,2,Entire home/apt,1.0,1.0,1.0,undefined,32,False,,False,2.0,178,41.937914248764486,-87.72573119599825,Chicago
1416800560167623614,86.0,2,Private room,1.0,1.0,1.0,undefined,32,False,,False,6.0,359,41.78896,-87.62081,Chicago
1416813981642164181,86.0,2,Private room,1.0,1.0,1.0,undefined,32,False,,False,6.0,359,41.78916,-87.61995,Chicago
1416860148788667736,71.0,1,Private room,1.0,1.0,1.0,undefined,1,False,4.94,False,3.0,308,41.853726375432295,-87.63206515429208,Chicago
1416871810455568484,434.0,8,Entire home/apt,4.0,4.0,3.0,undefined,1,True,4.73,False,52.0,342,41.9083224,-87.65032839999999,Chicago
1416880741264387890,150.0,5,Entire home/apt,1.0,4.0,1.0,undefined,1,False,5.0,False,15.0,112,41.92347,-87.64178,Chicago
1416890634442360712,386.0,8,Entire home/apt,4.0,4.0,3.0,undefined,1,True,4.8,False,52.0,354,41.90847,-87.65036,Chicago
1416895698327074596,135.0,4,Entire home/apt,2.0,2.0,1.0,undefined,2,True,4.1,False,11.0,287,41.99929,-87.68239,Chicago
1417353186374197965,29.0,1,Private room,1.0,1.0,1.0,undefined,32,True,5.0,True,12.0,248,41.75666867004061,-87.63976656224432,Chicago
1417380381232792046,33.0,1,Private room,1.0,1.0,1.0,undefined,32,True,3.0,True,12.0,270,41.75695,-87.63947,Chicago
1417636044945860978,61.0,1,Private room,1.0,1.0,1.0,undefined,1,False,5.0,False,3.0,7,41.85177,-87.63278,Chicago
1418377921264853345,105.0,2,Entire home/apt,1.0,1.0,1.0,undefined,2,False,4.73,False,1.0,65,41.8019371,-87.5978458,Chicago
1418521169838057436,41.0,1,Private room,1.0,1.0,1.5,undefined,1,True,4.14,False,17.0,345,41.84966730278912,-87.63426037843381,Chicago
1419447703796606350,154.0,4,Entire home/apt,1.0,1.0,1.0,undefined,2,True,4.89,False,44.0,165,41.9214045,-87.6970431,Chicago
1419448176732395170,190.0,6,Entire home/apt,2.0,2.0,2.0,undefined,1,True,3.5,False,44.0,173,41.9214045,-87.6970431,Chicago
1419492175224490117,106.0,2,Entire home/apt,0.0,1.0,1.0,undefined,1,True,4.4,False,276.0,146,41.87298,-87.62718,Chicago
1419550535016698370,251.0,6,Entire home/apt,3.0,3.0,2.0,undefined,1,False,5.0,False,1.0,327,41.8567703,-87.6423253,Chicago
1419578519230237726,235.0,2,Entire home/apt,1.0,1.0,1.0,undefined,32,True,,False,,116,41.8649257,-87.62449289999999,Chicago
1419579177241440472,237.0,2,Entire home/apt,1.0,1.0,1.0,undefined,32,True,,False,,274,41.8846244,-87.62585709999999,Chicago
1419699865668236668,150.0,6,Entire home/apt,3.0,3.0,1.0,undefined,3,False,4.77,True,15.0,349,41.95786,-87.68036,Chicago
1419718461673952796,203.0,6,Entire home/apt,3.0,3.0,1.5,undefined,2,True,5.0,False,1.0,361,41.77335,-87.60856,Chicago
1419818453300579870,169.0,5,Entire home/apt,2.0,2.0,1.0,undefined,1,True,5.0,False,4.0,355,41.78054543365639,-87.61319703358342,Chicago
1419863986857819410,107.0,4,Entire home/apt,1.0,1.0,1.0,undefined,32,True,2.5,False,11.0,107,41.99977818560892,-87.68253806498912,Chicago
1420218165831449512,149.0,2,Entire home/apt,0.0,1.0,1.0,undefined,32,False,,True,131.0,364,41.885338456849134,-87.6603267968928,Chicago
1420227784150592620,199.0,2,Entire home/apt,1.0,1.0,1.0,undefined,32,True,,False,,263,41.8860812,-87.63422229999998,Chicago
1420228773358246439,240.0,2,Entire home/apt,1.0,1.0,1.0,undefined,32,True,,False,,355,41.8860812,-87.63422229999998,Chicago
1420231203896592572,216.0,2,Entire home/apt,1.0,1.0,1.0,undefined,32,True,,False,,296,41.8860812,-87.63422229999998,Chicago
1420231897846344047,216.0,2,Entire home/apt,1.0,1.0,1.0,undefined,32,True,,False,,283,41.8860812,-87.63422229999998,Chicago
1420232667871441413,199.0,2,Entire home/apt,1.0,1.0,1.0,undefined,32,True,,False,,234,41.8860812,-87.63422229999998,Chicago
1420233460133189749,199.0,2,Entire home/apt,1.0,1.0,1.0,undefined,32,True,1.0,False,,241,41.8860812,-87.63422229999998,Chicago
1420234324478376930,199.0,2,Entire home/apt,1.0,1.0,1.0,undefined,32,True,,False,,347,41.8860812,-87.63422229999998,Chicago
1420235055011331002,258.0,4,Entire home/apt,2.0,2.0,2.0,undefined,32,True,,False,,266,41.8746601,-87.675844,Chicago
1420235650234240530,180.0,2,Entire home/apt,1.0,1.0,1.0,undefined,32,True,,False,,304,41.8779991,-87.6579648,Chicago
1420235995267314521,326.0,4,Entire home/apt,2.0,2.0,2.0,undefined,32,True,,False,,207,41.8670559,-87.6231092,Chicago
1420436396662437002,513.0,14,Entire home/apt,4.0,5.0,4.0,undefined,1,True,,True,12.0,268,41.89217,-87.63337,Chicago
1420603665684400887,117.0,6,Entire home/apt,2.0,4.0,1.0,undefined,32,False,,True,3.0,188,41.94928795416696,-87.6567206159234,Chicago
1420683053125906804,42.0,1,Private room,1.0,1.0,2.0,undefined,32,True,3.67,False,3.0,77,41.83142031127381,-87.67105188557042,Chicago
1420743102288706668,55.0,1,Private room,1.0,1.0,1.0,undefined,32,True,,False,10.0,277,41.84006836001557,-87.65341631853181,Chicago
1420960121079656400,182.0,2,Entire home/apt,0.0,1.0,1.0,undefined,32,True,,False,,328,41.8670559,-87.6231092,Chicago
1421071234680946474,800.0,6,Entire home/apt,3.0,3.0,2.5,undefined,180,False,,True,17.0,358,41.90102,-87.6396,Chicago
1421099382072409518,154.0,4,Entire home/apt,2.0,2.0,1.0,undefined,1,True,4.97,True,2.0,330,41.93776949999999,-87.66240549999999,Chicago
1421180759300258345,309.0,2,Entire home/apt,1.0,1.0,1.0,undefined,1,True,4.95,False,1.0,259,41.98032269999999,-87.66938970000001,Chicago
1421365331478828136,164.0,7,Entire home/apt,3.0,4.0,1.0,undefined,2,False,4.82,False,4.0,66,41.98334,-87.66713,Chicago
1421744812751442347,40.0,1,Private room,1.0,1.0,1.0,undefined,32,False,5.0,False,2.0,282,41.84856,-87.61907,Chicago
1421753576223156718,81.0,3,Entire home/apt,2.0,2.0,1.0,undefined,32,False,5.0,False,1.0,281,41.96636,-87.76249,Chicago
1421777753926886057,98.0,3,Entire home/apt,1.0,2.0,1.0,undefined,1,True,4.94,False,16.0,321,41.85861340107365,-87.64271816069756,Chicago
1421797424642825079,82.0,2,Entire home/apt,0.0,0.0,1.0,undefined,32,True,,False,,321,41.8942,-87.65591,Chicago
1421853975000793689,135.0,6,Entire home/apt,3.0,3.0,1.0,undefined,32,False,,True,3.0,317,41.91496532464075,-87.65160256194896,Chicago
1421901587180576751,97.0,4,Entire home/apt,2.0,2.0,1.0,undefined,32,False,5.0,True,3.0,270,41.91727,-87.65291,Chicago
1421911499664316393,249.0,4,Entire home/apt,3.0,3.0,2.0,undefined,2,False,5.0,False,1.0,164,41.996168,-87.6638546,Chicago
1422182702083386612,55.0,1,Private room,1.0,1.0,1.0,undefined,32,False,,False,10.0,327,41.84199053959239,-87.65324661062576,Chicago
1422571284843854862,157.0,6,Entire home/apt,3.0,3.0,1.0,undefined,1,True,5.0,False,1.0,213,41.9253133,-87.7104952,Chicago
1422656498139883314,109.0,4,Entire home/apt,2.0,2.0,2.0,undefined,32,False,,True,61.0,328,41.9841600366415,-87.65566823933366,Chicago
1422716371884320614,60.0,2,Entire home/apt,0.0,1.0,1.0,undefined,2,True,3.13,False,7.0,360,41.99634760552288,-87.69314086438312,Chicago
1422788585655210373,148.0,3,Entire home/apt,1.0,2.0,1.0,undefined,1,False,,False,43.0,345,41.8947289,-87.68032199999999,Chicago
1423260208547392515,32.0,2,Private room,1.0,1.0,1.0,undefined,2,True,3.5,,18.0,351,41.843152304267456,-87.65682555207619,Chicago
1423417426164464025,295.0,14,Entire home/apt,7.0,9.0,3.0,undefined,1,False,,False,1.0,350,41.83968,-87.65559,Chicago
1423520612788884093,65.0,1,Private room,1.0,1.0,1.0,undefined,32,False,,True,51.0,325,41.82982,-87.61986,Chicago
1423583883458978843,50.0,1,Private room,1.0,1.0,1.0,undefined,32,True,4.0,False,10.0,256,41.84144907769319,-87.65487422999912,Chicago
1423972408452245965,140.0,4,Entire home/apt,1.0,1.0,1.0,undefined,3,False,5.0,,12.0,81,41.81082319513703,-87.60111916759823,Chicago
1424129600477029929,252.0,8,Entire home/apt,4.0,5.0,2.0,undefined,2,False,4.83,True,11.0,153,41.9391916,-87.6514768,Chicago
1424317059614015225,45.0,1,Private room,1.0,1.0,1.0,undefined,32,True,,False,9.0,325,41.83111556950708,-87.6460702367282,Chicago
1424561334355066208,179.0,2,Entire home/apt,0.0,1.0,1.0,undefined,32,True,,False,,283,41.894723,-87.6307257,Chicago
1424576433636023442,172.0,2,Entire home/apt,0.0,1.0,1.0,undefined,32,True,,False,,86,41.894723,-87.6307257,Chicago
1424717823865212383,32.0,1,Private room,4.0,1.0,0.0,undefined,32,False,,False,1413.0,149,41.92299647499364,-87.72069688476466,Chicago
1424717852923660612,34.0,1,Private room,1.0,1.0,0.0,undefined,32,False,,False,1413.0,150,41.89207390668689,-87.70492391066874,Chicago
1424763374705165904,110.0,3,Entire home/apt,1.0,4.0,1.0,undefined,2,False,4.95,False,3.0,59,41.95055,-87.74623,Chicago
1424853103020622744,678.0,14,Entire home/apt,5.0,5.0,3.0,undefined,32,False,5.0,False,32.0,342,41.957310367346935,-87.66503655463801,Chicago
1424928799818833291,407.0,10,Entire home/apt,4.0,5.0,3.5,undefined,1,False,5.0,False,1.0,178,41.8141988,-87.6132399,Chicago
1424935717360303279,73.0,1,Private room,1.0,1.0,1.0,undefined,2,False,4.74,True,2.0,88,41.91497,-87.69001,Chicago
1425055414431237754,22.0,1,Shared room,0.0,1.0,1.0,undefined,1,False,4.5,False,9.0,290,41.76394,-87.57385,Chicago
1425317922751294183,55.0,1,Private room,1.0,1.0,1.0,undefined,32,False,,False,10.0,342,41.84128503649711,-87.65300568390778,Chicago
1425321094579759622,55.0,1,Private room,1.0,1.0,1.0,undefined,32,False,,False,10.0,358,41.8398,-87.65429,Chicago
1425326575336941650,55.0,1,Private room,1.0,1.0,1.0,undefined,32,False,,False,10.0,335,41.84008,-87.65479,Chicago
1425351200383239283,49.0,2,Private room,1.0,1.0,1.0,undefined,32,False,,True,3.0,358,41.94796892634573,-87.68449407519923,Chicago
1425425706008621121,500.0,12,Entire home/apt,4.0,4.0,3.5,undefined,2,True,5.0,True,31.0,314,41.90397169057502,-87.63252104628609,Chicago
1425431015426582067,74.0,1,Private room,1.0,1.0,1.0,undefined,1,False,5.0,False,1.0,321,41.99117320976055,-87.68822711674873,Chicago
1425465807744840389,489.0,10,Entire home/apt,4.0,5.0,3.5,undefined,2,True,4.25,True,31.0,313,41.90328624760039,-87.63115514467091,Chicago
1425473684539571997,43.0,2,Private room,1.0,1.0,1.0,undefined,32,False,,True,3.0,360,41.9476,-87.68258,Chicago
1425528262981663803,463.0,8,Entire home/apt,3.0,3.0,2.5,undefined,3,False,5.0,False,1.0,323,41.876892,-87.650391,Chicago
1426234779670315001,131.0,3,Entire home/apt,1.0,1.0,1.0,undefined,32,False,,True,131.0,351,41.889804093976856,-87.63389400276556,Chicago
1426396476156681886,285.0,4,Entire home/apt,2.0,2.0,1.0,undefined,2,False,4.9,True,6.0,351,41.94225,-87.65724,Chicago
1426433028169678655,55.0,1,Private room,1.0,1.0,2.0,undefined,32,True,,False,10.0,358,41.84145385746556,-87.65488025870347,Chicago
1426753836392719497,228.0,6,Entire home/apt,2.0,3.0,1.0,undefined,2,True,5.0,False,8.0,358,41.85692083379749,-87.63224311172962,Chicago
1426823923284011617,55.0,1,Private room,1.0,1.0,2.0,undefined,32,True,5.0,False,10.0,184,41.84016,-87.65461,Chicago
1426825607829694016,55.0,1,Private room,1.0,1.0,1.0,undefined,32,True,5.0,False,10.0,350,41.84175,-87.65329,Chicago
1426828616334899572,55.0,1,Private room,1.0,1.0,1.0,undefined,32,True,,False,10.0,293,41.84131611275099,-87.65301314363955,Chicago
1426892872985040458,113.0,4,Entire home/apt,1.0,2.0,1.0,undefined,32,True,4.0,False,7.0,365,41.99820529577369,-87.69311174478955,Chicago
1427007971081965989,95.0,2,Entire home/apt,1.0,1.0,1.0,undefined,2,True,4.79,True,30.0,324,41.96467,-87.67785,Chicago
1427046970874840207,139.0,4,Entire home/apt,2.0,2.0,1.0,undefined,2,True,4.83,True,12.0,345,41.8797474,-87.66925669999999,Chicago
1427204928058482184,159.0,7,Entire home/apt,2.0,4.0,1.0,undefined,1,False,4.67,True,20.0,347,41.90281,-87.69433,Chicago
1427576806700833576,555.0,12,Entire home/apt,6.0,6.0,2.0,undefined,2,True,5.0,False,63.0,340,41.850949477086736,-87.6226277325764,Chicago
1427607097314399425,181.0,5,Entire home/apt,2.0,2.0,2.0,undefined,18,False,,True,61.0,210,41.89173713013228,-87.62274641644953,Chicago
1427623001236430527,75.0,2,Entire home/apt,1.0,1.0,1.0,undefined,32,False,,True,2.0,118,41.72821,-87.67063,Chicago
1427637016160678657,171.0,4,Entire home/apt,1.0,1.0,1.0,undefined,1,True,4.38,False,12.0,149,41.9286008,-87.6481584,Chicago
1427686645354520273,100.0,1,Private room,4.0,4.0,1.0,undefined,32,False,,True,2.0,173,41.7646,-87.58893,Chicago
1427821535857005929,87.0,5,Entire home/apt,2.0,3.0,1.0,undefined,3,False,4.75,True,7.0,343,41.93676,-87.71975,Chicago
1428211845084999804,104.0,4,Entire home/apt,2.0,2.0,1.0,undefined,5,True,4.2,False,1.0,356,41.94346,-87.75923,Chicago
1428220534938215250,125.0,3,Entire home/apt,1.0,2.0,1.0,undefined,2,False,5.0,False,1.0,316,41.82934,-87.61777,Chicago
1428243289027722855,127.0,6,Entire home/apt,2.0,3.0,1.0,undefined,2,False,4.94,True,9.0,338,41.91971392493945,-87.68634840198098,Chicago
1428300571347897958,178.0,8,Entire home/apt,2.0,3.0,2.0,undefined,2,True,4.73,True,80.0,332,41.85542440441519,-87.62526633643536,Chicago
1428383550411855620,163.0,8,Entire home/apt,3.0,4.0,2.5,undefined,2,True,4.8,True,12.0,339,41.8542059,-87.67623929999999,Chicago
1428659849083176359,222.0,8,Entire home/apt,2.0,3.0,1.0,undefined,30,False,5.0,False,12.0,178,41.9286,-87.64816,Chicago
1428745661165717714,198.0,8,Entire home/apt,2.0,3.0,2.0,undefined,2,True,4.8,True,80.0,347,41.855869397249634,-87.62546843815036,Chicago
1428758761968526320,199.0,8,Entire home/apt,2.0,3.0,2.0,undefined,2,True,4.89,True,80.0,342,41.85435433170334,-87.62545903550739,Chicago
1428886288468187456,254.0,10,Entire home/apt,3.0,4.0,2.0,undefined,2,True,3.5,True,80.0,347,41.8538,-87.62404,Chicago
1428921670469988914,281.0,8,Entire home/apt,3.0,3.0,2.0,undefined,2,True,4.8,True,80.0,356,41.8558,-87.62492,Chicago
1428944894946624037,300.0,10,Entire home/apt,3.0,4.0,2.0,undefined,2,True,4.71,True,80.0,349,41.8554,-87.62372,Chicago
1428976973599454971,171.0,8,Entire home/apt,2.0,3.0,2.0,undefined,2,True,4.25,True,80.0,344,41.8535,-87.62397,Chicago
1428997406758106602,242.0,6,Entire home/apt,3.0,3.0,2.0,undefined,1,False,5.0,True,15.0,276,41.8927384,-87.6571845,Chicago
1429119282768186048,527.0,12,Entire home/apt,5.0,5.0,4.0,undefined,2,True,5.0,True,80.0,334,41.85388,-87.62504,Chicago
1429248288144721863,99.0,4,Entire home/apt,2.0,2.0,1.0,undefined,32,False,,False,2.0,347,41.75373,-87.64692,Chicago
1429441828602216871,179.0,6,Entire home/apt,2.0,3.0,2.0,undefined,2,True,4.67,True,31.0,332,41.85430267797794,-87.6237799623992,Chicago
1429534772303635093,202.0,8,Entire home/apt,3.0,4.0,2.0,undefined,2,True,4.86,True,31.0,365,41.86355,-87.69592,Chicago
1429671505801148301,257.0,8,Entire home/apt,3.0,3.0,1.0,undefined,2,True,4.67,True,31.0,358,41.85541,-87.62517,Chicago
1429683444432323073,182.0,6,Entire home/apt,2.0,3.0,2.0,undefined,2,True,4.91,True,31.0,323,41.85294050514609,-87.62434288115794,Chicago
1429690802986666092,233.0,8,Entire home/apt,3.0,4.0,2.0,undefined,2,True,4.5,True,31.0,348,41.85605,-87.62779,Chicago
1429696086509175300,168.0,6,Entire home/apt,2.0,3.0,2.0,undefined,2,True,4.8,True,31.0,347,41.8534861936032,-87.62577711744382,Chicago
1429701890436680274,206.0,6,Entire home/apt,2.0,3.0,2.0,undefined,1,True,5.0,True,31.0,361,41.85478,-87.62563,Chicago
1429707208912792405,177.0,6,Entire home/apt,2.0,3.0,2.0,undefined,2,True,4.75,True,31.0,334,41.85312906947279,-87.62402527416664,Chicago
1429710377910262475,173.0,6,Entire home/apt,2.0,2.0,2.0,undefined,2,True,5.0,True,31.0,352,41.85344057313054,-87.62571652292698,Chicago
1429716064717365106,190.0,8,Entire home/apt,3.0,4.0,2.0,undefined,2,True,4.6,True,31.0,351,41.85594868467157,-87.62765311699849,Chicago
1429725213492365137,363.0,10,Entire home/apt,4.0,5.0,2.0,undefined,2,True,5.0,True,31.0,341,41.85456,-87.62508,Chicago
1429743506710769983,229.0,6,Entire home/apt,3.0,3.0,2.0,undefined,2,True,4.5,True,31.0,358,41.8540228892195,-87.6261019211668,Chicago
1429776196003133802,210.0,8,Entire home/apt,3.0,4.0,2.0,undefined,2,True,4.71,True,31.0,346,41.85629300714035,-87.62619929571645,Chicago
1429792947015178317,222.0,8,Entire home/apt,3.0,4.0,2.0,undefined,2,True,4.92,True,31.0,337,41.85574934898881,-87.62592020445359,Chicago
1429800271314639738,80.0,2,Entire home/apt,1.0,2.0,1.0,undefined,4,False,5.0,False,9.0,43,41.70937,-87.66386,Chicago
1430052286365462697,172.0,6,Entire home/apt,2.0,4.0,2.0,undefined,2,True,4.56,True,31.0,344,41.853682689717886,-87.6258795083022,Chicago
1430203309972829503,165.0,6,Entire home/apt,2.0,3.0,2.0,undefined,2,True,5.0,True,31.0,343,41.85458,-87.62552,Chicago
1430527719033394174,158.0,4,Entire home/apt,2.0,2.0,1.0,undefined,2,False,4.92,False,1.0,68,41.85294,-87.69634,Chicago
1430530695214056186,109.0,4,Entire home/apt,1.0,2.0,1.0,undefined,1,True,4.75,False,1.0,233,41.85763,-87.67053,Chicago
1430643505391743742,128.0,6,Entire home/apt,3.0,4.0,1.0,undefined,32,True,,False,376.0,363,41.75556,-87.60313,Chicago
1430783414399077094,107.0,5,Entire home/apt,2.0,3.0,1.0,undefined,2,False,4.69,False,1.0,94,41.9217459,-87.7239668,Chicago
1431229773272646995,605.0,16,Entire home/apt,4.0,8.0,3.5,undefined,2,False,5.0,True,5.0,329,41.91513343939491,-87.65258788935336,Chicago
1431270603359523263,64.0,2,Private room,1.0,1.0,1.5,undefined,3,False,5.0,False,11.0,353,41.80133,-87.5982,Chicago
1431274085896746774,60.0,2,Private room,1.0,1.0,1.5,undefined,3,True,4.5,False,11.0,284,41.80186,-87.5967,Chicago
1431816559336540229,197.0,8,Entire home/apt,2.0,4.0,2.0,undefined,1,False,5.0,True,44.0,348,41.8948584,-87.6522234,Chicago
1431853223299924734,29.0,2,Private room,1.0,1.0,1.0,undefined,32,True,5.0,False,5.0,283,41.840577831916335,-87.63124973689537,Chicago
1431978516947519299,116.0,4,Entire home/apt,2.0,4.0,1.0,undefined,1,False,,False,1.0,354,41.95462,-87.78271,Chicago
1432299466401658177,109.0,5,Entire home/apt,3.0,3.0,1.0,undefined,2,True,,False,3.0,252,41.81401214381405,-87.60086191680607,Chicago
1432602073933708762,528.0,7,Entire home/apt,3.0,4.0,2.0,undefined,2,True,4.5,True,136.0,336,41.88914154,-87.64656105,Chicago
1432602731251959144,964.0,13,Entire home/apt,5.0,8.0,4.0,undefined,3,False,5.0,True,136.0,364,41.88914,-87.64656,Chicago
1432689243491483297,115.0,5,Entire home/apt,2.0,2.0,2.0,undefined,3,False,5.0,True,15.0,146,42.01242610238105,-87.69024560564868,Chicago
1432804305493586476,99.0,2,Entire home/apt,0.0,1.0,1.0,undefined,2,False,4.63,True,6.0,355,41.95852416238297,-87.65637524778425,Chicago
1433510363260068070,154.0,6,Entire home/apt,2.0,3.0,2.0,undefined,2,True,4.96,False,1.0,303,41.818205238330506,-87.60961249418318,Chicago
1433530740056628834,90.0,2,Entire home/apt,1.0,1.0,1.0,undefined,2,False,4.73,True,14.0,173,41.96673,-87.68514,Chicago
1433549627353680456,290.0,10,Entire home/apt,3.0,5.0,2.0,undefined,2,False,4.63,,18.0,339,41.9096394,-87.6788777,Chicago
1433559258830968447,90.0,2,Entire home/apt,1.0,1.0,1.0,undefined,2,False,4.83,True,14.0,145,41.96557,-87.68633,Chicago
1433693256391410369,201.0,6,Entire home/apt,3.0,3.0,1.0,undefined,1,False,5.0,False,1.0,352,41.808890257857854,-87.64358650892973,Chicago
1434339863931967279,179.0,2,Entire home/apt,0.0,1.0,1.0,undefined,32,False,5.0,True,7.0,237,41.92839,-87.64016,Chicago
1434722825431721050,104.0,2,Entire home/apt,1.0,1.0,1.0,undefined,32,True,,False,,316,41.966009616579726,-87.65844753576589,Chicago
1434761179182102632,146.0,4,Entire home/apt,2.0,2.0,2.0,undefined,32,True,,False,,0,41.92523072124375,-87.70285070340968,Chicago
1434885260287803973,105.0,16,Entire home/apt,4.0,7.0,2.0,undefined,1,False,4.0,False,24.0,357,41.9875659,-87.6583702,Chicago
1434905442664427268,126.0,6,Entire home/apt,2.0,3.0,1.0,undefined,1,False,5.0,False,1.0,354,41.88694166657126,-87.70952191152111,Chicago
1435139034064570419,321.0,8,Entire home/apt,3.0,4.0,2.0,undefined,2,True,5.0,True,9.0,326,41.8957203,-87.67434500000002,Chicago
1435396881250087034,35.0,1,Private room,1.0,1.0,2.0,undefined,1,True,4.67,False,8.0,354,41.84741560212735,-87.64668569072327,Chicago
1435509513258183299,145.0,2,Entire home/apt,1.0,1.0,1.0,undefined,32,False,,False,12.0,73,41.870174,-87.6655892,Chicago
1435628562186335574,312.0,10,Entire home/apt,4.0,5.0,3.5,undefined,1,False,4.88,False,2.0,335,41.90162,-87.73108,Chicago
1435878637251733634,160.0,4,Entire home/apt,2.0,2.0,1.0,undefined,2,False,4.67,True,7.0,84,41.96344,-87.71532,Chicago
1435981065771608601,167.0,5,Entire home/apt,2.0,3.0,2.0,undefined,2,True,,True,2.0,229,41.88295,-87.69631,Chicago
1436215535006617229,190.0,8,Entire home/apt,4.0,4.0,3.0,undefined,2,True,4.64,True,4.0,180,41.941092,-87.72187249999999,Chicago
1436355949908218174,47.0,4,Private room,1.0,2.0,1.0,undefined,2,True,5.0,True,16.0,127,41.85217,-87.6818,Chicago
1436363365811739554,39.0,4,Private room,1.0,2.0,1.0,undefined,2,True,4.33,True,16.0,146,41.85286,-87.68063,Chicago
1436366471500155494,296.0,16,Entire home/apt,6.0,9.0,2.5,undefined,1,True,5.0,True,5.0,323,41.9577176,-87.7329567,Chicago
1436379685020803102,57.0,4,Private room,1.0,2.0,1.0,undefined,2,True,4.86,True,16.0,134,41.85387,-87.68255,Chicago
1436380006898100117,38.0,2,Private room,2.0,2.0,2.0,undefined,2,True,4.44,False,8.0,341,41.84607664768045,-87.6450414185479,Chicago
1436388442106223060,42.0,1,Private room,1.0,1.0,2.0,undefined,32,True,,False,7.0,188,41.835321812679766,-87.66676191977842,Chicago
1436390764910307884,36.0,2,Private room,1.0,1.0,1.0,undefined,2,True,5.0,True,16.0,143,41.85422,-87.68277,Chicago
1436412632238863789,198.0,4,Entire home/apt,2.0,2.0,1.5,undefined,3,False,5.0,,2.0,123,41.9646485,-87.6862161,Chicago
1436480601833879912,122.0,4,Entire home/apt,2.0,2.0,1.0,undefined,2,False,4.64,True,14.0,154,41.95113,-87.65618,Chicago
1436544511639908182,235.0,4,Entire home/apt,2.0,3.0,1.5,undefined,32,False,,False,1.0,363,41.99003,-87.74535,Chicago
1436617588993821439,420.0,6,Entire home/apt,2.0,4.0,2.0,undefined,32,False,,True,44.0,365,41.8948584,-87.6522234,Chicago
1436912602886744755,199.0,6,Entire home/apt,2.0,2.0,2.0,undefined,2,True,4.4,False,44.0,148,41.9242271,-87.69822769999999,Chicago
1436912648193221303,165.0,4,Entire home/apt,1.0,1.0,1.0,undefined,2,True,4.33,False,44.0,168,41.9242271,-87.69822769999999,Chicago
1436990496646182474,102.0,2,Entire home/apt,2.0,2.0,1.0,undefined,32,False,,,2.0,64,41.88591,-87.65494,Chicago
1437132145859538460,194.0,8,Entire home/apt,4.0,4.0,3.0,undefined,2,False,4.71,False,14.0,153,41.84829,-87.62573,Chicago
1437590147174268449,432.0,8,Entire home/apt,3.0,4.0,2.0,undefined,2,True,4.95,True,12.0,316,41.89217,-87.63337,Chicago
1437817519119084621,88.0,4,Entire home/apt,2.0,2.0,1.0,undefined,2,False,4.88,True,14.0,140,42.0152,-87.66383,Chicago
1437857080280801176,99.0,4,Entire home/apt,2.0,2.0,1.0,undefined,2,False,4.4,True,14.0,148,41.96703,-87.68499,Chicago
1437894994843474215,1137.0,16,Entire home/apt,5.0,17.0,6.0,undefined,4,False,,True,53.0,139,41.8734,-87.6277,Chicago
1438059022646498383,220.0,6,Entire home/apt,3.0,3.0,1.0,undefined,3,False,5.0,False,1.0,291,41.9751345,-87.66552279999999,Chicago
1438188860193373486,34.0,1,Private room,1.0,1.0,1.5,undefined,32,True,3.0,False,9.0,266,41.83104,-87.64608,Chicago
1438327252981009007,150.0,2,Entire home/apt,0.0,1.0,1.0,undefined,32,False,5.0,False,2.0,178,41.88275,-87.64093,Chicago
1438480671475412083,80.0,2,Private room,1.0,1.0,2.0,undefined,32,False,,False,1.0,178,41.8019251,-87.59457379999999,Chicago
1438506632527739892,237.0,10,Entire home/apt,4.0,4.0,2.0,undefined,2,True,5.0,False,1.0,341,41.8960858,-87.67887809999999,Chicago
1438613282445791186,31.0,1,Private room,1.0,1.0,1.0,undefined,32,True,,True,12.0,265,41.7573,-87.63963,Chicago
1438620685226028183,343.0,4,Entire home/apt,2.0,2.0,2.0,undefined,2,False,4.86,False,1.0,23,41.97956,-87.6655,Chicago
1438682536372581620,254.0,4,Entire home/apt,2.0,2.0,2.0,undefined,4,True,3.5,False,5.0,270,41.77138,-87.56776,Chicago
1439154540418698124,846.0,10,Entire home/apt,4.0,5.0,3.5,undefined,1,False,5.0,True,3.0,319,41.89321,-87.62808,Chicago
1439183834169491156,107.0,3,Entire home/apt,1.0,1.0,1.0,undefined,32,False,,False,1.0,327,41.92674,-87.64255,Chicago
1439228410419293732,119.0,7,Entire home/apt,2.0,3.0,1.0,undefined,1,True,5.0,True,97.0,357,41.92872,-87.76121,Chicago
1439241234393635663,109.0,5,Entire home/apt,2.0,2.0,1.0,undefined,1,True,4.4,True,97.0,350,41.92721,-87.76288,Chicago
1439299617681275819,139.0,4,Entire home/apt,0.0,2.0,1.0,undefined,2,False,5.0,False,4.0,67,41.98522,-87.66665,Chicago
1439710371687346896,186.0,8,Entire home/apt,3.0,4.0,2.0,undefined,1,False,5.0,False,1.0,43,41.93712,-87.72266,Chicago
1439788308846930696,150.0,7,Entire home/apt,3.0,4.0,1.0,undefined,3,False,4.0,False,11.0,176,41.87833968827251,-87.70042192656028,Chicago
1439950619427848999,204.0,4,Entire home/apt,2.0,2.0,1.0,undefined,1,True,5.0,True,11.0,247,41.93423,-87.71909,Chicago
1440004128131487128,51.0,2,Private room,1.0,1.0,1.0,undefined,2,True,4.67,True,16.0,153,41.85385,-87.68076,Chicago
1440554107777539628,114.0,3,Entire home/apt,1.0,1.0,1.0,undefined,1,True,4.69,False,19.0,58,41.98954,-87.65816,Chicago
1440681585712869280,351.0,7,Entire home/apt,2.0,3.0,1.0,undefined,1,True,4.25,False,1.0,189,41.9193819,-87.7123101,Chicago
1440724649700882109,140.0,5,Entire home/apt,2.0,3.0,1.0,undefined,1,True,4.86,False,1.0,345,41.993298768958624,-87.6759510487318,Chicago
1440846677673841805,263.0,11,Entire home/apt,4.0,4.0,2.0,undefined,1,True,4.75,True,59.0,336,41.932116117221554,-87.78280921667776,Chicago
1441377109837464533,109.0,4,Entire home/apt,2.0,2.0,1.0,undefined,1,True,4.96,True,15.0,271,41.9207159,-87.69612029999999,Chicago
1441481632693900669,120.0,1,Private room,1.0,1.0,1.0,undefined,32,False,5.0,True,45.0,324,41.8015129,-87.5938334,Chicago
1441674323296638725,413.0,12,Entire home/apt,5.0,6.0,2.5,undefined,2,True,5.0,False,1.0,173,41.8549758,-87.6573569,Chicago
1442324843684515327,240.0,13,Entire home/apt,5.0,6.0,3.0,undefined,32,True,,False,4.0,275,41.9869807,-87.7837311,Chicago
1442329722271007266,205.0,7,Entire home/apt,3.0,3.0,2.0,undefined,2,False,5.0,True,3.0,314,41.8569446,-87.63220749999999,Chicago
1442366816124239373,141.0,4,Entire home/apt,2.0,3.0,1.0,undefined,1,False,4.67,False,1.0,44,41.7680598,-87.6150318,Chicago
1442379269172941422,103.0,4,Entire home/apt,2.0,2.0,1.0,undefined,1,False,5.0,True,2.0,6,41.9675044,-87.74374949999999,Chicago
1442409965810974535,177.0,6,Entire home/apt,2.0,4.0,1.0,undefined,2,False,5.0,False,8.0,350,41.85313,-87.63438,Chicago
1442764451463251041,148.0,4,Entire home/apt,2.0,2.0,1.0,undefined,7,False,4.77,False,2.0,52,41.76133129999999,-87.57099889999999,Chicago
1442794315598412561,377.0,14,Entire home/apt,6.0,6.0,2.5,undefined,3,False,5.0,,39.0,361,41.98454,-87.67116,Chicago
1442819197612864726,25.0,1,Private room,1.0,1.0,1.0,undefined,32,False,5.0,False,25.0,155,41.74032,-87.5516,Chicago
1442826719672159032,58.0,1,Private room,1.0,1.0,1.0,undefined,32,False,,False,2.0,212,41.94883759851234,-87.70567025989294,Chicago
1443067800324204408,112.0,4,Entire home/apt,1.0,2.0,1.0,undefined,2,True,4.94,False,1.0,328,41.8397125334098,-87.64288137207284,Chicago
1443553474639916674,25.0,1,Private room,1.0,1.0,1.0,undefined,32,False,,False,25.0,264,41.74082,-87.55122,Chicago
1443985021265445040,149.0,2,Entire home/apt,1.0,1.0,1.0,undefined,32,False,,False,2.0,179,41.9202418,-87.65620559999999,Chicago
1444265124067976770,82.0,3,Entire home/apt,1.0,1.0,1.0,undefined,32,False,,True,8.0,309,41.98848,-87.66205,Chicago
1444414413460064139,125.0,6,Entire home/apt,3.0,3.0,2.0,undefined,32,False,,True,21.0,354,41.93613470193241,-87.68404674211124,Chicago
1444554190873904891,81.0,2,Entire home/apt,1.0,1.0,1.0,undefined,32,False,,True,8.0,203,41.98949,-87.66027,Chicago
1444567775525001735,38.0,2,Entire home/apt,1.0,2.0,1.0,undefined,32,False,,True,8.0,103,41.98809680673487,-87.66160168620986,Chicago
1444580951773270756,130.0,4,Entire home/apt,2.0,2.0,2.0,undefined,32,False,5.0,False,1.0,311,41.85702,-87.65091,Chicago
1444976170891969074,84.0,3,Entire home/apt,1.0,2.0,1.0,undefined,32,False,,False,1.0,363,41.97333,-87.80579,Chicago
1445048022510457173,156.0,7,Entire home/apt,3.0,4.0,1.0,undefined,32,True,,False,7.0,357,41.9095991,-87.72302189999999,Chicago
1445081314918113017,122.0,4,Entire home/apt,2.0,2.0,1.0,undefined,2,False,4.95,False,18.0,164,41.9036,-87.68275,Chicago
1445147889844916318,175.0,8,Entire home/apt,2.0,4.0,2.0,undefined,32,False,,False,32.0,171,41.889962387035865,-87.65393812984287,Chicago
1445474390517324610,253.0,10,Entire home/apt,4.0,4.0,3.0,undefined,2,True,4.5,False,44.0,171,41.9083224,-87.65032839999999,Chicago
1445474717083154969,244.0,8,Entire home/apt,3.0,3.0,2.0,undefined,2,True,,False,44.0,166,41.9083224,-87.65032839999999,Chicago
1445475116332283489,352.0,10,Entire home/apt,4.0,4.0,3.0,undefined,2,True,,False,44.0,167,41.90832,-87.65033,Chicago
1445475633766522718,352.0,10,Entire home/apt,4.0,4.0,3.0,undefined,2,True,,False,44.0,165,41.9083224,-87.65032839999999,Chicago
1445476003792902123,271.0,10,Entire home/apt,4.0,4.0,3.0,undefined,2,True,5.0,False,44.0,163,41.9083224,-87.65032839999999,Chicago
1445476688223110533,311.0,10,Entire home/apt,4.0,4.0,3.0,undefined,2,True,5.0,False,44.0,161,41.9083224,-87.65032839999999,Chicago
1445673922042258563,31.0,1,Private room,1.0,1.0,0.0,undefined,32,False,,False,1413.0,114,41.90357,-87.69165,Chicago
1445676367364432547,40.0,1,Private room,4.0,1.0,0.0,undefined,32,False,,False,1413.0,150,41.85545,-87.66204,Chicago
1445677003246047190,41.0,1,Private room,1.0,1.0,0.0,undefined,32,True,,False,1413.0,144,41.95742,-87.71391,Chicago
1445678281012237256,35.0,1,Private room,4.0,1.0,0.0,undefined,32,False,,False,1413.0,124,41.85217225838871,-87.67730857896457,Chicago
1445681491734475428,90.0,1,Private room,1.0,1.0,1.0,undefined,32,False,,False,7.0,365,41.91067,-87.72351,Chicago
1445695255866810101,234.0,6,Entire home/apt,3.0,3.0,2.0,undefined,32,True,,True,8.0,358,41.85936,-87.64502,Chicago
1445768313144591464,208.0,6,Private room,2.0,2.0,2.0,undefined,2,True,5.0,False,44.0,174,41.9083224,-87.65032839999999,Chicago
1445768596587395348,168.0,4,Private room,0.0,1.0,1.0,undefined,2,True,4.5,False,44.0,175,41.9083224,-87.65032839999999,Chicago
1445788522144525713,639.0,5,Entire home/apt,2.0,2.0,2.0,undefined,3,False,,False,2.0,302,41.94378,-87.66856,Chicago
1445855565231253698,154.0,8,Entire home/apt,4.0,4.0,3.5,undefined,32,True,,False,1.0,364,41.81428,-87.60652,Chicago
1446255257207425766,102.0,6,Entire home/apt,2.0,3.0,1.0,undefined,32,False,,False,2.0,88,41.7863187,-87.6592508,Chicago
1446546846138748302,5400.0,16,Private room,8.0,8.0,10.0,undefined,1,False,,True,11.0,364,41.90241,-87.67264,Chicago
1446683813268891727,45.0,1,Private room,1.0,1.0,2.0,undefined,32,True,4.0,False,7.0,360,41.83573,-87.66686,Chicago
1446922924154643961,88.0,4,Entire home/apt,2.0,2.0,1.0,undefined,32,False,,False,4.0,106,41.9273083,-87.717323,Chicago
1447376795981157398,289.0,6,Entire home/apt,3.0,4.0,1.5,undefined,2,False,5.0,False,1.0,351,41.8502345,-87.63506249999999,Chicago
1447877259155320673,82.0,2,Entire home/apt,0.0,1.0,1.0,undefined,2,False,5.0,False,2.0,206,41.97860188752705,-87.67971754074097,Chicago
1448037806871443288,231.0,10,Entire home/apt,4.0,7.0,1.0,undefined,2,True,5.0,True,31.0,365,41.87311,-87.68439,Chicago
1448114782295920743,399.0,8,Entire home/apt,4.0,4.0,3.0,undefined,2,True,5.0,False,1.0,350,41.7763,-87.58761,Chicago
1448686661291622425,109.0,2,Entire home/apt,0.0,1.0,1.0,undefined,32,True,5.0,False,8.0,365,41.959355,-87.656607,Chicago
1449270081133683859,187.0,6,Entire home/apt,3.0,3.0,1.0,undefined,2,True,4.67,False,2.0,355,41.895,-87.67975,Chicago
1449287850921382010,191.0,4,Entire home/apt,2.0,3.0,1.0,undefined,1,True,5.0,False,1.0,344,41.9284083208202,-87.70882066691254,Chicago
1449424473450344795,474.0,10,Entire home/apt,4.0,6.0,3.5,undefined,2,True,,True,4.0,300,41.95708532155905,-87.70689018651113,Chicago
1449466347747274886,83.0,5,Entire home/apt,2.0,2.0,1.0,undefined,32,True,2.5,False,7.0,358,41.99805,-87.69162,Chicago
1449544308566088951,444.0,8,Entire home/apt,4.0,4.0,3.0,undefined,2,False,5.0,False,1.0,181,41.9477869,-87.6529051,Chicago
1450048852094006434,26.0,1,Private room,1.0,1.0,1.0,undefined,32,False,5.0,False,25.0,66,41.73959,-87.54926,Chicago
1450074511663412996,324.0,5,Entire home/apt,3.0,3.0,3.0,undefined,90,False,,False,12.0,364,41.88405,-87.64913,Chicago
1450252157030227580,561.0,16,Entire home/apt,8.0,9.0,3.0,undefined,1,True,5.0,True,105.0,329,41.95543,-87.76676,Chicago
1450252157641947745,83.0,4,Entire home/apt,1.0,1.0,1.0,undefined,2,True,4.0,True,105.0,352,41.97317,-87.84537,Chicago
1450253657586191421,299.0,9,Entire home/apt,4.0,4.0,3.0,undefined,2,True,5.0,True,105.0,345,41.92092,-87.74485,Chicago
1450412255375745282,55.0,1,Private room,1.0,1.0,2.0,undefined,32,True,,False,9.0,202,41.841524300778346,-87.65802583420349,Chicago
1450423622098740861,35.0,1,Private room,1.0,1.0,2.0,undefined,32,True,,False,9.0,352,41.84098017823258,-87.6566872580109,Chicago
1450423690044734092,60.0,1,Private room,1.0,1.0,2.0,undefined,32,True,,False,9.0,345,41.84128,-87.65796,Chicago
1450540041675463952,170.0,2,Entire home/apt,1.0,1.0,1.0,undefined,32,True,,False,,279,41.8982194,-87.6284907,Chicago
1450736437633486574,733.0,7,Entire home/apt,3.0,4.0,2.0,undefined,2,True,5.0,True,136.0,293,41.8699406,-87.6243403,Chicago
1450737742201486091,594.0,5,Entire home/apt,2.0,3.0,2.0,undefined,2,True,5.0,True,136.0,358,41.8699406,-87.6243403,Chicago
1450738429846409158,1957.0,16,Entire home/apt,7.0,10.0,6.0,undefined,3,False,,True,136.0,365,41.8697477,-87.6247192,Chicago
1450762124130588988,99.0,4,Entire home/apt,2.0,2.0,1.0,undefined,2,True,4.5,False,376.0,349,41.77692,-87.61288,Chicago
1450771349793997008,155.0,4,Entire home/apt,2.0,2.0,1.0,undefined,2,False,5.0,False,1.0,342,41.936,-87.71474,Chicago
1450818416844537076,208.0,9,Entire home/apt,2.0,4.0,2.0,undefined,2,False,4.89,False,45.0,334,41.898612,-87.63748799999999,Chicago
1450854643400741483,76.0,1,Private room,1.0,1.0,1.0,undefined,32,False,5.0,False,3.0,330,41.96691,-87.66006,Chicago
1450904260625556721,184.0,6,Entire home/apt,2.0,3.0,1.0,undefined,1,False,5.0,True,7.0,352,41.926048237794944,-87.66881488174874,Chicago
1450979717779421240,123.0,10,Entire home/apt,3.0,5.0,1.0,undefined,1,False,4.86,True,18.0,343,41.8592891,-87.6591182,Chicago
1450982862978993134,102.0,7,Entire home/apt,2.0,4.0,1.0,undefined,1,True,4.29,False,16.0,351,41.9393935,-87.72072510000001,Chicago
1451008647158114288,171.0,6,Entire home/apt,3.0,3.0,2.0,undefined,2,False,4.75,False,18.0,166,41.90291,-87.68181,Chicago
1451122250650871480,55.0,1,Private room,1.0,1.0,2.0,undefined,32,True,,False,3.0,48,41.84052035267484,-87.65229668380466,Chicago
1451131325316883560,55.0,1,Private room,1.0,1.0,2.0,undefined,32,True,,False,3.0,48,41.84173531170535,-87.65418962100422,Chicago
1451152226957994164,216.0,8,Entire home/apt,3.0,4.0,2.0,undefined,2,True,4.5,False,59.0,365,41.86202,-87.69589,Chicago
1451477617898167866,45.0,2,Private room,1.0,1.0,1.0,undefined,2,False,5.0,True,4.0,205,41.78442,-87.60953,Chicago
1451523454197938208,175.0,6,Entire home/apt,3.0,5.0,2.0,undefined,32,False,,False,32.0,83,41.89119,-87.65404,Chicago
1451528092142911508,116.0,2,Entire home/apt,1.0,1.0,1.0,undefined,2,False,4.8,True,28.0,251,41.922119552501165,-87.6972179735691,Chicago
1451596966007210134,209.0,5,Entire home/apt,1.0,2.0,1.5,undefined,1,False,4.8,False,1.0,220,41.91926702326978,-87.64908336102962,Chicago
1451632553884396128,159.0,8,Entire home/apt,2.0,3.0,1.5,undefined,1,True,5.0,False,38.0,251,41.89008,-87.62946,Chicago
1451634045962567571,101.0,4,Entire home/apt,2.0,2.0,1.0,undefined,2,False,4.5,False,18.0,238,41.99656,-87.70173,Chicago
1451709307445066596,754.0,12,Entire home/apt,4.0,9.0,4.0,undefined,4,False,,True,53.0,90,41.89777,-87.62012,Chicago
1451721221112826194,206.0,2,Entire home/apt,0.0,1.0,1.0,undefined,32,True,4.38,False,43.0,168,41.95501,-87.64983,Chicago
1451806585677154877,104.0,2,Entire home/apt,1.0,2.0,1.0,undefined,32,False,5.0,False,1.0,339,41.8951515,-87.6266278,Chicago
1451817394741417806,122.0,4,Entire home/apt,2.0,2.0,1.0,undefined,2,False,5.0,False,1.0,349,41.97504,-87.76353,Chicago
1451830834989410781,138.0,6,Entire home/apt,3.0,3.0,1.0,undefined,32,True,5.0,False,2.0,365,41.8579891142763,-87.72026114165783,Chicago
1452189834278253195,38.0,1,Private room,1.0,1.0,0.0,undefined,32,False,,False,1413.0,145,41.90084424662416,-87.6778217473158,Chicago
1452192192147980597,116.0,2,Entire home/apt,0.0,1.0,1.0,undefined,1,True,4.67,,70.0,334,41.9196,-87.63914,Chicago
1452271466945980817,264.0,4,Entire home/apt,2.0,2.0,1.0,undefined,2,False,5.0,False,1.0,0,41.90252,-87.63058,Chicago
1452306435229304070,115.0,3,Entire home/apt,0.0,1.0,1.0,undefined,2,False,4.94,False,1.0,128,41.855283896673576,-87.65366509624508,Chicago
1452311914889909299,70.0,2,Private room,1.0,1.0,1.5,undefined,32,False,5.0,False,2.0,364,42.01205,-87.81104,Chicago
1452338494256665855,351.0,10,Entire home/apt,3.0,5.0,2.0,undefined,2,True,5.0,True,8.0,337,41.84531539183725,-87.6391518610923,Chicago
1452423731482754837,133.0,2,Entire home/apt,1.0,1.0,1.0,undefined,2,False,5.0,False,18.0,139,41.9,-87.64332,Chicago
1452982966821533673,225.0,2,Private room,1.0,1.0,1.0,undefined,1,True,5.0,False,10.0,96,41.88312,-87.62817,Chicago
1452983216826578739,282.0,4,Private room,1.0,1.0,1.0,undefined,1,True,5.0,False,10.0,96,41.88312,-87.62817,Chicago
1452983418532302351,293.0,4,Private room,1.0,1.0,1.0,undefined,1,True,4.0,False,10.0,89,41.883116,-87.62817,Chicago
1453277887957604991,215.0,8,Entire home/apt,3.0,4.0,2.0,undefined,2,True,5.0,False,46.0,362,41.86233,-87.69558,Chicago
1453280256426370155,146.0,4,Entire home/apt,2.0,2.0,1.0,undefined,1,False,4.92,False,6.0,82,41.97912192285063,-87.67900771160434,Chicago
1453307375654242827,132.0,4,Entire home/apt,2.0,2.0,1.0,undefined,1,False,4.86,False,6.0,339,41.97837534710919,-87.6777310005441,Chicago
1453696714430026158,152.0,6,Entire home/apt,2.0,2.0,2.0,undefined,2,True,5.0,False,4.0,351,41.8833173,-87.6796566,Chicago
1453698036322210938,126.0,4,Entire home/apt,2.0,2.0,1.0,undefined,2,False,5.0,False,1.0,93,41.95332439041104,-87.70127823132309,Chicago
1453716502117139288,198.0,6,Entire home/apt,3.0,4.0,2.0,undefined,2,True,,False,4.0,85,41.8833173,-87.6796566,Chicago
1453747084244751490,210.0,8,Entire home/apt,3.0,3.0,2.0,undefined,2,True,4.6,False,4.0,351,41.8833173,-87.6796566,Chicago
1453765125671862864,85.0,1,Private room,1.0,1.0,1.5,undefined,2,False,,False,6.0,84,41.8049834989325,-87.62234315781531,Chicago
1453818382414636951,220.0,6,Entire home/apt,3.0,3.0,2.0,undefined,1,True,4.67,False,4.0,347,41.88332,-87.67966,Chicago
1453831245401957070,68.0,5,Entire home/apt,2.0,2.0,1.0,undefined,32,False,,False,1.0,330,41.75162,-87.55951,Chicago
1454174034161430090,215.0,8,Entire home/apt,3.0,4.0,2.0,undefined,2,True,4.0,False,46.0,365,41.86398903400941,-87.6938469759389,Chicago
1454430787551036368,273.0,8,Entire home/apt,3.0,3.0,3.0,undefined,2,False,5.0,False,1.0,211,41.88984,-87.66623,Chicago
1454743667324653782,180.0,8,Entire home/apt,4.0,4.0,2.0,undefined,3,True,4.2,False,1.0,363,41.79767,-87.63095,Chicago
1454973800496176343,220.0,8,Entire home/apt,3.0,5.0,2.0,undefined,2,False,4.8,True,4.0,348,41.81847040919606,-87.61097185313702,Chicago
1454995696207431913,136.0,4,Entire home/apt,1.0,1.0,1.0,undefined,2,False,4.56,False,1.0,353,42.0032413,-87.6735815,Chicago
1455023942647747776,166.0,2,Entire home/apt,1.0,1.0,1.0,undefined,2,True,4.78,True,8.0,168,41.8019371,-87.5978458,Chicago
1455024544885695176,135.0,4,Entire home/apt,2.0,2.0,2.0,undefined,1,False,,False,2.0,256,41.94891,-87.76928,Chicago
1455090575331263442,29.0,1,Private room,1.0,1.0,1.0,undefined,32,True,5.0,True,12.0,259,41.77363,-87.61428,Chicago
1455309639323289090,323.0,7,Entire home/apt,3.0,4.0,2.5,undefined,2,False,4.33,False,1.0,343,41.938314861007385,-87.64021970793456,Chicago
1455313446193033670,116.0,6,Entire home/apt,3.0,3.0,2.0,undefined,32,False,,True,21.0,354,41.9368,-87.68546,Chicago
1455805153893077227,523.0,5,Entire home/apt,2.0,3.0,2.0,undefined,2,True,5.0,True,136.0,334,41.8699406,-87.6243403,Chicago
1455805882772531937,737.0,5,Entire home/apt,2.0,3.0,2.0,undefined,2,True,5.0,True,136.0,322,41.86994,-87.62434,Chicago
1455806551516240109,2516.0,16,Entire home/apt,9.0,11.0,8.0,undefined,3,False,,True,136.0,365,41.8697477,-87.6247192,Chicago
1455883025060974738,842.0,16,Entire home/apt,9.0,15.0,6.0,undefined,1,True,5.0,False,6.0,320,41.8235,-87.62185,Chicago
1455986591319108349,166.0,8,Entire home/apt,3.0,5.0,1.0,undefined,2,False,5.0,True,10.0,335,41.99822,-87.66107,Chicago
1456043302384763900,150.0,5,Entire home/apt,2.0,2.0,2.0,undefined,2,False,4.77,False,12.0,259,41.8954086,-87.6606833,Chicago
1456456798745540528,360.0,4,Entire home/apt,2.0,2.0,2.0,undefined,32,False,,True,131.0,357,41.88687,-87.63023,Chicago
1456562238035352670,98.0,12,Entire home/apt,3.0,6.0,1.5,undefined,2,False,5.0,False,10.0,95,41.79895,-87.67001,Chicago
1456630106584525852,134.0,2,Entire home/apt,1.0,1.0,1.0,undefined,1,False,5.0,False,2.0,10,41.95996,-87.71811,Chicago
1456643244048828245,207.0,6,Entire home/apt,3.0,4.0,1.5,undefined,2,False,5.0,False,8.0,331,41.85452,-87.6356,Chicago
1456711975064237851,53.0,4,Entire home/apt,2.0,2.0,1.0,undefined,15,False,5.0,False,1.0,350,41.87932,-87.76292,Chicago
1456818364764245922,210.0,4,Entire home/apt,2.0,2.0,2.0,undefined,2,True,5.0,True,2.0,341,41.8964,-87.65631,Chicago
1456832642229016276,136.0,6,Entire home/apt,3.0,3.0,1.0,undefined,2,False,4.88,False,18.0,166,42.01225,-87.66492,Chicago
1456887265935365970,152.0,10,Entire home/apt,2.0,6.0,1.0,undefined,1,True,5.0,False,1.0,170,41.75666,-87.62611,Chicago
1456914784404057937,53.0,4,Private room,1.0,2.0,2.0,undefined,2,False,4.86,False,6.0,352,41.87308511463091,-87.72746112537178,Chicago
1457333323848562556,430.0,12,Entire home/apt,3.0,6.0,2.5,undefined,1,True,,True,7.0,337,41.889283306170086,-87.66334255453211,Chicago
1457364328221802120,206.0,2,Private room,1.0,1.0,1.0,undefined,1,True,,False,19.0,168,41.89437,-87.62603,Chicago
1457457346833161296,176.0,4,Entire home/apt,2.0,2.0,2.0,undefined,2,True,5.0,True,74.0,346,41.8715876,-87.68549349999999,Chicago
1457500699348790459,215.0,4,Private room,1.0,2.0,1.0,undefined,1,True,,False,19.0,162,41.89423,-87.62619,Chicago
1457547211787797549,35.0,2,Private room,1.0,1.0,1.0,undefined,2,False,3.75,False,53.0,352,41.91836,-87.69443,Chicago
1457653894234693999,500.0,3,Entire home/apt,1.0,1.0,1.0,undefined,1,False,5.0,False,2.0,296,41.89208073023786,-87.62261962552971,Chicago
1458055540162636572,223.0,4,Entire home/apt,1.0,2.0,1.0,undefined,2,False,5.0,False,1.0,73,41.9531576,-87.6499,Chicago
1458192907122767022,130.0,6,Entire home/apt,3.0,3.0,1.0,undefined,3,False,4.0,True,8.0,346,41.8251598,-87.6180016,Chicago
1458280153407881922,157.0,4,Entire home/apt,2.0,2.0,2.0,undefined,2,False,5.0,True,74.0,334,41.8715876,-87.68549349999999,Chicago
1458280740021518953,142.0,4,Entire home/apt,2.0,2.0,2.0,undefined,2,False,5.0,True,74.0,354,41.8715876,-87.68549349999999,Chicago
1458329237326991119,191.0,8,Entire home/apt,3.0,4.0,2.0,undefined,2,True,3.33,False,46.0,353,41.85402,-87.62573,Chicago
1458365290725071282,206.0,8,Entire home/apt,3.0,4.0,2.0,undefined,2,True,4.5,False,46.0,356,41.85623,-87.62599,Chicago
1458657007729416339,25.0,1,Private room,1.0,1.0,1.0,undefined,32,False,,False,25.0,80,41.73917,-87.55117,Chicago
1459559152504624834,34.0,2,Private room,1.0,1.0,1.0,undefined,1,True,4.0,,84.0,331,41.83034251547757,-87.66621014304518,Chicago
1459582813277174122,260.0,6,Entire home/apt,3.0,3.0,1.0,undefined,3,False,5.0,False,4.0,176,41.90424,-87.68028,Chicago
1459685862381822288,28.0,1,Private room,1.0,1.0,1.0,undefined,32,True,,False,5.0,131,41.83901,-87.63227,Chicago
1459725530483838410,102.0,2,Entire home/apt,1.0,1.0,1.0,undefined,2,False,4.9,False,18.0,160,41.94411,-87.66979,Chicago
1459743758320953781,30.0,4,Private room,1.0,2.0,1.0,undefined,2,False,5.0,False,10.0,160,41.79983,-87.67057,Chicago
1459747849306127686,90.0,4,Entire home/apt,2.0,2.0,1.0,undefined,2,False,4.75,False,18.0,164,41.99618,-87.70237,Chicago
1459756526870524704,29.0,1,Private room,1.0,1.0,1.0,undefined,2,False,4.5,False,10.0,154,41.79819,-87.67208,Chicago
1459784959277888766,32.0,2,Private room,1.0,1.0,1.0,undefined,2,False,,False,10.0,356,41.79805,-87.66999,Chicago
1459789492430588141,30.0,2,Private room,1.0,1.0,1.0,undefined,2,False,5.0,False,10.0,358,41.79911,-87.67007,Chicago
1459792605661944335,130.0,8,Entire home/apt,4.0,4.0,1.0,undefined,3,False,5.0,False,1.0,359,41.96865,-87.72583,Chicago
1459796689991976936,30.0,1,Private room,1.0,2.0,1.0,undefined,2,False,5.0,False,10.0,158,41.79947,-87.67212,Chicago
1459803131410977807,32.0,2,Private room,1.0,1.0,1.0,undefined,2,False,5.0,False,10.0,150,41.79971,-87.67007,Chicago
1459827421281435913,234.0,8,Entire home/apt,3.0,6.0,1.0,undefined,1,True,4.6,False,38.0,275,41.90347555837455,-87.62749643914795,Chicago
1459877758424789012,105.0,5,Entire home/apt,2.0,0.0,1.0,undefined,1,False,4.67,False,38.0,186,41.84718400000001,-87.6192794,Chicago
1459893044737487984,31.0,3,Private room,1.0,2.0,1.0,undefined,2,False,5.0,False,10.0,357,41.79978,-87.67181,Chicago
1459894406067303999,169.0,7,Entire home/apt,2.0,3.0,1.5,undefined,1,True,3.0,False,38.0,262,41.90888546757862,-87.64180252250507,Chicago
1459898501872582142,33.0,8,Private room,1.0,3.0,1.5,undefined,2,False,5.0,False,10.0,357,41.79964,-87.67198,Chicago
1460296632178361068,113.0,2,Entire home/apt,1.0,1.0,1.0,undefined,32,False,,False,1.0,143,41.89764,-87.63033,Chicago
1460310406658127238,99.0,12,Entire home/apt,3.0,5.0,1.0,undefined,1,False,5.0,True,18.0,339,41.8503987,-87.7030331,Chicago
1460329067412113865,133.0,4,Entire home/apt,3.0,3.0,1.0,undefined,2,False,,False,1.0,235,41.85513,-87.64821,Chicago
1460574061048536612,28.0,2,Private room,1.0,1.0,1.0,undefined,2,False,5.0,False,18.0,160,41.80698,-87.67182,Chicago
1460919324575165315,129.0,6,Entire home/apt,4.0,7.0,1.0,undefined,1,False,,False,206.0,360,41.76,-87.63092,Chicago
1460988312592250414,136.0,5,Entire home/apt,2.0,2.0,2.0,undefined,32,False,,False,1.0,358,41.8306,-87.62266,Chicago
1460995092798035169,74.0,4,Entire home/apt,2.0,2.0,1.0,undefined,3,False,4.33,False,19.0,26,41.73014,-87.54368,Chicago
1461639555537600254,302.0,9,Entire home/apt,5.0,6.0,3.5,undefined,1,False,4.67,False,1.0,274,41.91532,-87.6995,Chicago
1461740185764987195,294.0,6,Entire home/apt,2.0,2.0,1.0,undefined,1,True,5.0,False,1.0,83,41.94406,-87.67157,Chicago
1461758040199398620,526.0,5,Entire home/apt,2.0,3.0,2.0,undefined,2,True,5.0,True,136.0,352,41.8699406,-87.6243403,Chicago
1461759129263497429,666.0,5,Entire home/apt,2.0,3.0,2.0,undefined,2,True,5.0,True,136.0,355,41.8699406,-87.6243403,Chicago
1461906542428104696,167.0,8,Entire home/apt,3.0,4.0,1.0,undefined,2,True,4.75,False,1.0,354,41.78451,-87.69211,Chicago
1462189283676454123,204.0,2,Entire home/apt,0.0,1.0,1.0,undefined,32,True,,False,,268,41.8897136,-87.61881140000003,Chicago
1462312098790928187,196.0,12,Entire home/apt,4.0,10.0,2.0,undefined,3,False,4.67,False,1.0,110,41.8795659023381,-87.77306390912075,Chicago
1462347207499759636,46.0,1,Private room,1.0,1.0,0.0,undefined,32,False,,False,1413.0,134,41.85358159921709,-87.6793086498818,Chicago
1462377461548902918,88.0,5,Entire home/apt,2.0,2.0,1.0,undefined,1,True,4.08,False,8.0,358,42.01633,-87.6737,Chicago
1462455228986279620,760.0,15,Entire home/apt,6.0,8.0,5.5,undefined,3,True,5.0,True,3.0,345,41.94444,-87.70705,Chicago
1462459685467430572,84.0,2,Entire home/apt,0.0,1.0,1.0,undefined,2,True,2.75,False,7.0,278,41.99843,-87.69224,Chicago
1462599880922045750,127.0,2,Entire home/apt,0.0,1.0,1.0,undefined,1,True,4.27,False,43.0,328,41.95675,-87.6503,Chicago
1462683306331124045,50.0,3,Private room,1.0,3.0,1.0,undefined,32,False,,False,1.0,364,41.929226,-87.77371010000002,Chicago
1462702813622655264,212.0,8,Entire home/apt,3.0,4.0,2.0,undefined,1,True,5.0,True,31.0,357,41.85408,-87.62755,Chicago
1462750197462623577,203.0,8,Entire home/apt,3.0,4.0,1.0,undefined,1,True,4.5,True,31.0,365,41.85415,-87.62786,Chicago
1463070366974541146,271.0,10,Entire home/apt,4.0,4.0,3.0,undefined,2,True,5.0,False,44.0,166,41.9083224,-87.65032839999999,Chicago
1463070734984062834,311.0,10,Entire home/apt,4.0,4.0,0.0,undefined,2,True,4.0,False,44.0,166,41.9083224,-87.65032839999999,Chicago
1463071085602582383,271.0,10,Entire home/apt,4.0,4.0,3.0,undefined,2,True,5.0,False,44.0,173,41.9083224,-87.65032839999999,Chicago
1463071422862364638,238.0,8,Entire home/apt,3.0,3.0,2.0,undefined,2,True,5.0,False,44.0,172,41.9083224,-87.65032839999999,Chicago
1463071712073692850,225.0,8,Entire home/apt,3.0,3.0,2.0,undefined,2,True,4.0,False,44.0,173,41.9083224,-87.65032839999999,Chicago
1463072321645474752,253.0,10,Private room,4.0,4.0,3.0,undefined,2,True,,False,44.0,171,41.9083224,-87.65032839999999,Chicago
1463246821814655765,75.0,4,Entire home/apt,2.0,2.0,1.0,undefined,32,True,,False,376.0,304,41.74393,-87.55665,Chicago
1463254044838394003,22.0,1,Private room,1.0,1.0,1.0,undefined,32,False,5.0,False,25.0,148,41.74312,-87.54405,Chicago
1463264600208548731,156.0,4,Entire home/apt,1.0,4.0,1.5,undefined,1,True,5.0,False,38.0,353,41.8903,-87.65885,Chicago
1463296653868399816,96.0,4,Entire home/apt,1.0,5.0,1.5,undefined,1,True,4.8,False,38.0,263,41.8902521791253,-87.6577507587219,Chicago
1463747188720189384,146.0,4,Entire home/apt,2.0,2.0,2.0,undefined,2,False,5.0,True,74.0,352,41.8715876,-87.68549349999999,Chicago
1463762628858925786,174.0,4,Entire home/apt,2.0,2.0,2.0,undefined,2,False,5.0,True,74.0,350,41.87159,-87.68549,Chicago
1463888758064844382,1596.0,10,Entire home/apt,6.0,1.0,2.0,undefined,1,False,,False,12.0,157,41.92755,-87.64898,Chicago
1463930052589721372,157.0,10,Entire home/apt,4.0,4.0,1.0,undefined,1,True,4.75,False,2.0,354,41.803517875813775,-87.6246961827352,Chicago
1464117391721976410,161.0,6,Entire home/apt,1.0,4.0,1.5,undefined,1,True,5.0,False,38.0,160,41.88552,-87.64784,Chicago
1464119467697995407,352.0,8,Entire home/apt,2.0,6.0,2.0,undefined,1,True,4.63,False,38.0,357,41.89122,-87.63547,Chicago
1464125776680548053,224.0,8,Entire home/apt,2.0,6.0,1.0,undefined,1,True,,False,38.0,176,41.89948,-87.63471,Chicago
1464173191801473110,255.0,8,Entire home/apt,3.0,4.0,2.0,undefined,2,True,4.67,False,46.0,347,41.854,-87.62708,Chicago
1464192452987255796,165.0,5,Entire home/apt,3.0,3.0,1.0,undefined,2,False,,False,4.0,57,41.98494709642859,-87.66812794676397,Chicago
1464408460087609514,128.0,2,Entire home/apt,1.0,1.0,1.0,undefined,1,False,4.75,False,2.0,17,41.76026,-87.56986,Chicago
1464409846108916742,141.0,6,Entire home/apt,3.0,3.0,1.0,undefined,32,True,4.0,False,2.0,264,41.8398802,-87.6343212,Chicago
1464628461722690513,170.0,4,Entire home/apt,1.0,2.0,1.0,undefined,2,True,5.0,False,1.0,237,41.92909,-87.64181,Chicago
1464695874649578622,258.0,7,Entire home/apt,3.0,4.0,1.5,undefined,3,True,5.0,False,1.0,335,41.91209,-87.64039,Chicago
1464895313525635802,257.0,3,Entire home/apt,2.0,2.0,1.0,undefined,2,False,4.33,False,1.0,68,41.85625,-87.61754,Chicago
1465294028855385457,436.0,10,Entire home/apt,3.0,6.0,2.5,undefined,2,True,5.0,True,41.0,129,41.8968632,-87.6262253,Chicago
1465328757311896681,123.0,5,Entire home/apt,1.0,2.0,1.5,undefined,2,False,4.89,True,7.0,350,41.92754389216331,-87.66896177054635,Chicago
1465340313306418061,80.0,1,Private room,1.0,1.0,1.0,undefined,32,False,1.0,,2.0,356,41.89104,-87.61864,Chicago
1465433424595348994,105.0,9,Entire home/apt,2.0,4.0,1.0,undefined,2,False,5.0,False,45.0,347,41.89979434707458,-87.65683933914795,Chicago
1465588704521231917,776.0,16,Entire home/apt,7.0,10.0,3.0,undefined,1,True,5.0,True,97.0,273,41.87824540179265,-87.7675394839208,Chicago
1466004591099667275,128.0,2,Entire home/apt,0.0,1.0,1.0,undefined,1,True,4.33,False,43.0,359,41.95590550000001,-87.65073149999999,Chicago
1466081688732640179,1269.0,16,Entire home/apt,6.0,9.0,3.5,undefined,2,False,,True,7.0,341,41.92548,-87.66893,Chicago
1466106946821137224,189.0,10,Entire home/apt,2.0,5.0,2.0,undefined,2,False,5.0,False,45.0,78,41.89931864142988,-87.63866433023169,Chicago
1466403994275916140,198.0,8,Entire home/apt,3.0,4.0,1.0,undefined,2,True,5.0,True,31.0,348,41.854,-87.6277,Chicago
1466425026156138129,207.0,8,Entire home/apt,3.0,3.0,2.0,undefined,2,True,2.5,True,31.0,340,41.85595,-87.62769,Chicago
1466683107992975411,36.0,1,Private room,1.0,1.0,0.0,undefined,32,False,,False,1413.0,123,41.90325,-87.69124,Chicago
1466685207273335006,136.0,4,Entire home/apt,2.0,2.0,1.0,undefined,32,False,,False,45.0,332,41.91175,-87.63256,Chicago
1466713652247719810,352.0,10,Entire home/apt,3.0,6.0,2.5,undefined,1,True,4.5,True,41.0,95,41.89686,-87.62623,Chicago
1466857549995589520,513.0,14,Entire home/apt,5.0,9.0,2.0,undefined,5,False,,True,53.0,143,41.8719032670925,-87.6289068919872,Chicago
1467146176129070887,200.0,8,Entire home/apt,3.0,4.0,2.0,undefined,2,True,5.0,True,31.0,327,41.85424,-87.62558,Chicago
1467377956995405604,161.0,7,Entire home/apt,3.0,3.0,2.5,undefined,2,False,4.4,True,4.0,145,41.93318987112457,-87.73928627565809,Chicago
1467417496500314419,73.0,2,Entire home/apt,1.0,1.0,1.0,undefined,32,False,,False,32.0,144,41.93361819835391,-87.71963211968479,Chicago
1467509414000056495,247.0,5,Entire home/apt,2.0,2.0,1.0,undefined,2,False,5.0,False,1.0,80,41.8427902,-87.6538684,Chicago
1467601745032771456,98.0,2,Entire home/apt,1.0,1.0,1.0,undefined,2,False,4.9,False,18.0,167,41.93958,-87.66957,Chicago
1467730255490716034,91.0,4,Entire home/apt,1.0,1.0,1.5,undefined,32,False,,False,3.0,363,42.018934837573816,-87.6652309453989,Chicago
1468122027485976942,128.0,4,Entire home/apt,2.0,3.0,1.0,undefined,2,True,5.0,False,376.0,352,41.92549,-87.7434,Chicago
1468157261896206867,180.0,8,Entire home/apt,4.0,4.0,3.0,undefined,2,False,5.0,True,11.0,139,41.89462023967896,-87.67035395970917,Chicago
1468217486187773994,175.0,4,Entire home/apt,2.0,2.0,1.0,undefined,32,False,,True,8.0,349,41.84337,-87.6382,Chicago
1468224098808441238,193.0,5,Entire home/apt,4.0,4.0,2.0,undefined,1,True,4.67,True,31.0,353,41.8299,-87.65119,Chicago
1468364311265678087,269.0,12,Entire home/apt,3.0,6.0,2.5,undefined,2,False,5.0,False,1.0,132,41.9461874,-87.6521978,Chicago
1468486073816918019,129.0,4,Entire home/apt,2.0,2.0,1.0,undefined,1,True,5.0,False,2.0,351,41.98584,-87.77194,Chicago
1468928343284875969,163.0,6,Entire home/apt,2.0,3.0,1.0,undefined,2,False,4.6,False,1.0,339,41.95096,-87.66749,Chicago
1469174983941361916,97.0,5,Entire home/apt,2.0,3.0,1.0,undefined,2,False,4.0,False,8.0,325,41.82988,-87.65036,Chicago
1469689882402686803,24.0,1,Private room,1.0,1.0,1.0,undefined,32,False,,False,25.0,227,41.7394376497448,-87.54958113637217,Chicago
1470139171343228932,167.0,2,Entire home/apt,0.0,1.0,1.0,undefined,32,True,,False,,208,41.9089458,-87.6504842,Chicago
1470288267516023945,99.0,3,Entire home/apt,1.0,1.0,1.0,undefined,1,True,5.0,False,2.0,351,41.9295402,-87.7205073,Chicago
1470459200818305291,88.0,4,Entire home/apt,2.0,2.0,2.0,undefined,32,False,,False,2.0,265,41.83001,-87.61975,Chicago
1470497634332915162,134.0,7,Entire home/apt,3.0,4.0,2.0,undefined,32,True,5.0,True,9.0,242,41.92316,-87.71531,Chicago
1470501945513307755,60.0,2,Private room,2.0,3.0,1.0,undefined,32,False,,False,3.0,364,42.00314150597615,-87.67354344574368,Chicago
1470555376275043596,60.0,1,Private room,2.0,3.0,1.0,undefined,32,False,,False,3.0,365,42.00125,-87.674,Chicago
1470984743911676893,153.0,2,Entire home/apt,0.0,1.0,1.0,undefined,32,True,,False,,187,41.9089458,-87.6504842,Chicago
1471092495591025576,406.0,9,Entire home/apt,4.0,6.0,2.0,undefined,2,False,4.75,True,6.0,83,41.94504,-87.65668,Chicago
1471130622980579629,118.0,4,Entire home/apt,2.0,2.0,1.0,undefined,1,False,5.0,True,15.0,309,41.9761538,-87.68649339999999,Chicago
1471208314463640562,2097.0,16,Entire home/apt,8.0,10.0,8.0,undefined,3,False,,True,136.0,364,41.8697477,-87.6247192,Chicago
1471210293386518723,1839.0,15,Entire home/apt,6.0,9.0,6.0,undefined,3,False,,True,136.0,365,41.8697477,-87.6247192,Chicago
1471212238587178224,839.0,10,Entire home/apt,4.0,6.0,4.0,undefined,3,False,,True,136.0,364,41.8697477,-87.6247192,Chicago
1471301507253568533,156.0,4,Entire home/apt,2.0,2.0,1.0,undefined,1,False,5.0,False,6.0,354,41.9784,-87.67762,Chicago
1471402525371607476,153.0,2,Private room,1.0,1.0,,undefined,32,False,3.0,False,4.0,364,41.87187,-87.62627,Chicago
1471800499963041506,218.0,8,Entire home/apt,5.0,6.0,3.0,undefined,2,False,5.0,False,1.0,338,41.7461127,-87.5902481,Chicago
1471976917409290174,362.0,15,Entire home/apt,7.0,8.0,3.0,undefined,1,True,4.6,False,1.0,359,41.97457,-87.73661,Chicago
1472902584405118292,13.0,1,Private room,1.0,1.0,1.0,undefined,32,False,,False,25.0,43,41.74085,-87.55103,Chicago
1473181925962200324,103.0,2,Entire home/apt,0.0,1.0,1.0,undefined,1,True,4.67,False,43.0,355,41.95590550000001,-87.65073149999999,Chicago
1473397752164718878,96.0,2,Entire home/apt,0.0,1.0,1.0,undefined,2,False,5.0,False,18.0,160,41.93958,-87.66957,Chicago
1473460371696258660,99.0,2,Entire home/apt,1.0,1.0,1.0,undefined,2,False,4.71,False,18.0,145,41.8019906,-87.593965,Chicago
1473980229789769303,60.0,1,Private room,1.0,1.0,1.0,undefined,32,False,5.0,True,3.0,364,41.8951941905062,-87.69958070372383,Chicago
1474087060545414270,194.0,6,Entire home/apt,2.0,2.0,1.5,undefined,1,True,5.0,False,1.0,346,41.85839,-87.65874,Chicago
1474697905758800169,108.0,2,Entire home/apt,1.0,1.0,1.5,undefined,32,False,,False,2.0,215,41.91208,-87.68469,Chicago
1474718668334385241,25.0,1,Private room,1.0,1.0,1.0,undefined,32,False,5.0,False,25.0,82,41.74089977971081,-87.54950053460588,Chicago
1474822460874412205,128.0,4,Entire home/apt,2.0,2.0,1.0,undefined,1,False,4.88,False,1.0,356,41.953114,-87.7131703,Chicago
1474871983249672337,722.0,10,Entire home/apt,3.0,5.0,2.0,undefined,2,False,,False,6.0,259,41.88664158862328,-87.65176148326528,Chicago
1474891972897119677,139.0,4,Entire home/apt,2.0,2.0,2.0,undefined,2,True,5.0,True,74.0,346,41.8713318,-87.6857538,Chicago
1474892717604551990,134.0,4,Entire home/apt,2.0,2.0,2.0,undefined,2,True,4.5,True,74.0,354,41.8713318,-87.6857538,Chicago
1475003870184100693,104.0,2,Entire home/apt,0.0,2.0,1.0,undefined,2,False,,False,4.0,149,41.98338975157781,-87.66819074053947,Chicago
1475495955965912711,380.0,6,Entire home/apt,3.0,5.0,2.5,undefined,3,False,,False,1.0,119,41.90979,-87.68228,Chicago
1475603053453861221,178.0,6,Entire home/apt,3.0,3.0,1.0,undefined,2,False,5.0,False,18.0,165,41.927604,-87.65117240000001,Chicago
1475611617134570871,574.0,6,Entire home/apt,2.0,3.0,2.0,undefined,2,True,5.0,True,136.0,331,41.8848001,-87.62590002,Chicago
1475615976454835055,114.0,5,Entire home/apt,2.0,3.0,1.0,undefined,1,True,4.0,False,1.0,250,41.9080915,-87.6881185,Chicago
1475662198421987701,109.0,4,Entire home/apt,1.0,2.0,1.0,undefined,1,False,4.5,False,19.0,60,41.9715,-87.67128,Chicago
1475694945367351139,223.0,4,Entire home/apt,1.0,1.0,1.0,undefined,1,False,5.0,False,2.0,362,41.8496,-87.67038,Chicago
1475976558160797930,103.0,4,Entire home/apt,1.0,1.0,1.0,undefined,1,False,4.89,False,1.0,328,41.95522,-87.70069,Chicago
1476169098645749453,92.0,7,Entire home/apt,3.0,3.0,2.0,undefined,32,False,,,17.0,188,41.80113,-87.60274,Chicago
1476235384233099549,403.0,8,Entire home/apt,4.0,4.0,2.0,undefined,2,False,,False,1.0,349,41.93846,-87.78065,Chicago
1476337071346972783,117.0,14,Entire home/apt,3.0,6.0,2.0,undefined,1,False,4.5,True,18.0,329,41.93388789999999,-87.71363800000002,Chicago
1476352813034655270,107.0,2,Private room,3.0,1.0,0.0,undefined,1,False,,False,4.0,360,41.87561,-87.69382,Chicago
1476932687832217628,110.0,2,Entire home/apt,1.0,1.0,1.0,undefined,2,False,4.6,False,18.0,176,41.8082854,-87.597538,Chicago
1477102618716925503,29.0,1,Private room,1.0,1.0,1.0,undefined,32,False,,False,1.0,81,41.82868,-87.68083,Chicago
1477490650137672314,80.0,4,Shared room,3.0,2.0,1.0,undefined,1,False,,False,4.0,363,41.8742,-87.69557,Chicago
1477496487655437715,79.0,4,Private room,1.0,2.0,1.0,undefined,1,False,5.0,False,4.0,363,41.87361,-87.69419,Chicago
1477551794108483902,121.0,6,Entire home/apt,2.0,4.0,1.0,undefined,2,True,5.0,False,46.0,355,41.9535,-87.705,Chicago
1477561660827578097,114.0,4,Entire home/apt,2.0,3.0,1.0,undefined,3,True,5.0,False,376.0,295,41.91213,-87.70896,Chicago
1477577541066993390,132.0,6,Entire home/apt,2.0,3.0,1.0,undefined,2,True,5.0,False,46.0,355,41.95299,-87.70492,Chicago
1477638032818876794,90.0,5,Entire home/apt,2.0,3.0,1.0,undefined,3,False,5.0,True,15.0,360,41.9059624,-87.7188587,Chicago
1477760577557653527,238.0,6,Entire home/apt,3.0,3.0,2.0,undefined,1,True,5.0,,2.0,360,41.88178,-87.69659,Chicago
1477854474562005718,21.0,4,Entire home/apt,1.0,1.0,1.0,undefined,32,False,4.0,False,1.0,51,41.91816,-87.71849,Chicago
1477864604349640680,238.0,6,Entire home/apt,3.0,3.0,2.0,undefined,1,True,,True,69.0,362,41.88178,-87.69659,Chicago
1478047803333903528,299.0,12,Entire home/apt,4.0,5.0,2.0,undefined,28,True,,False,5.0,270,41.73155,-87.58664,Chicago
1478313806116980689,367.0,10,Entire home/apt,4.0,6.0,3.5,undefined,3,False,5.0,False,1.0,219,41.91784,-87.7047,Chicago
1478355688499104708,123.0,4,Entire home/apt,2.0,2.0,1.5,undefined,2,False,,,5.0,327,41.8767345,-87.70013209999999,Chicago
1478386241067660609,91.0,4,Entire home/apt,2.0,3.0,1.0,undefined,1,False,4.75,False,1.0,270,41.96248,-87.71808,Chicago
1478496192056154017,130.0,4,Entire home/apt,2.0,2.0,1.0,undefined,1,False,5.0,False,2.0,346,41.9461303,-87.70508009999999,Chicago
1478498721200325408,112.0,2,Entire home/apt,0.0,1.0,1.0,undefined,1,False,4.0,False,43.0,360,41.9559165,-87.65085479999999,Chicago
1478748142733441042,79.0,6,Entire home/apt,3.0,4.0,2.0,undefined,32,False,,False,1.0,275,41.87294,-87.69543,Chicago
1479226428925007315,34.0,2,Private room,1.0,1.0,1.0,undefined,33,False,,False,1.0,81,41.7375,-87.66538,Chicago
1479254544288777015,157.0,5,Entire home/apt,3.0,4.0,1.5,undefined,1,False,5.0,True,3.0,348,41.85428,-87.63474,Chicago
1479329620640921086,215.0,3,Entire home/apt,1.0,1.0,1.0,undefined,32,False,3.0,False,4.0,364,41.89245,-87.61845,Chicago
1479368004732003473,218.0,4,Entire home/apt,2.0,2.0,2.0,undefined,2,False,5.0,True,44.0,342,41.8813901,-87.65906079999999,Chicago
1479799126977325169,67.0,2,Private room,1.0,1.0,1.0,undefined,2,True,5.0,False,1.0,325,42.0088312,-87.66339819999999,Chicago
1480039391598190336,216.0,6,Entire home/apt,3.0,3.0,1.0,undefined,32,True,,False,3.0,365,41.98184400877151,-87.69092597249146,Chicago
1480056611131230317,450.0,10,Entire home/apt,2.0,6.0,2.0,undefined,1,True,4.8,False,3.0,322,41.88868,-87.62795,Chicago
1480461907079958465,39.0,1,Private room,1.0,1.0,0.0,undefined,32,False,,False,1413.0,110,41.87951,-87.6784,Chicago
1480463186173299809,44.0,1,Private room,1.0,1.0,0.0,undefined,32,False,,False,1413.0,104,41.92350893617794,-87.71992197728198,Chicago
1480535862838534000,99.0,2,Entire home/apt,1.0,1.0,1.0,undefined,2,False,4.86,False,18.0,172,41.8003024,-87.5933094,Chicago
1480570043742208220,349.0,16,Entire home/apt,7.0,9.0,4.0,undefined,1,False,5.0,True,6.0,331,41.9829,-87.80356,Chicago
1480580815119770068,120.0,4,Entire home/apt,1.0,1.0,1.0,undefined,32,False,,,91.0,353,41.90523,-87.68821,Chicago
1480612583357769447,240.0,12,Entire home/apt,3.0,6.0,1.0,undefined,1,False,,True,2.0,359,41.75053,-87.64696,Chicago
1480686375193791677,110.0,4,Entire home/apt,1.0,2.0,1.0,undefined,3,True,5.0,True,4.0,226,41.85832936635224,-87.64398349787909,Chicago
1480880483515262306,150.0,4,Entire home/apt,1.0,2.0,1.0,undefined,2,True,,False,6.0,337,41.870867048162495,-87.66328584798393,Chicago
1481180332660132019,408.0,10,Entire home/apt,4.0,4.0,4.0,undefined,2,True,,True,12.0,325,41.87356,-87.63161,Chicago
1481209632421138029,129.0,6,Entire home/apt,2.0,2.0,2.0,undefined,1,True,4.5,,35.0,159,41.91527,-87.68625,Chicago
1481216852774574334,117.0,4,Entire home/apt,2.0,3.0,1.0,undefined,32,True,,,35.0,175,41.89238,-87.6829,Chicago
1481217096171211185,140.0,4,Entire home/apt,2.0,2.0,1.0,undefined,1,True,4.33,,35.0,161,41.90796,-87.6893,Chicago
1481232564246697130,210.0,8,Entire home/apt,3.0,5.0,1.0,undefined,1,True,5.0,,35.0,168,41.90796,-87.6893,Chicago
1481249290894858232,490.0,12,Entire home/apt,4.0,5.0,2.0,undefined,1,True,,,35.0,78,41.95328,-87.65633,Chicago
1481250849812211218,225.0,5,Entire home/apt,2.0,3.0,1.0,undefined,1,True,,,35.0,171,41.93768,-87.66778,Chicago
1481253112840112857,329.0,6,Entire home/apt,3.0,6.0,2.0,undefined,1,True,,,35.0,146,41.93743,-87.66344,Chicago
1481253785452249000,196.0,6,Entire home/apt,2.0,3.0,1.0,undefined,1,True,4.0,,35.0,167,41.94386,-87.66667,Chicago
1481322816418088687,60.0,1,Private room,1.0,1.0,1.0,undefined,14,False,,False,11.0,359,41.87616,-87.6998,Chicago
1481329478254286810,103.0,6,Entire home/apt,3.0,3.0,1.0,undefined,32,True,,False,376.0,355,41.76078,-87.59181,Chicago
1481407747737550733,2222.0,12,Entire home/apt,2.0,10.0,3.0,undefined,32,False,,False,2.0,83,41.9107069,-87.6740291,Chicago
1481575073568238109,201.0,3,Entire home/apt,1.0,1.0,1.0,undefined,60,True,,True,123.0,306,41.87269552650264,-87.63372235854602,Chicago
1481896195042500281,60.0,1,Private room,1.0,1.0,1.0,undefined,7,False,,False,11.0,359,41.87624933381367,-87.70085591623668,Chicago
1481901852848045426,207.0,4,Entire home/apt,2.0,2.0,2.0,undefined,2,True,4.5,False,8.0,332,41.89507930000001,-87.63378999999999,Chicago
1481931920528015575,60.0,2,Entire home/apt,1.0,1.0,1.0,undefined,32,False,,False,1.0,234,41.8476061,-87.68278529999999,Chicago
1482048207393412809,65.0,2,Entire home/apt,2.0,1.0,1.0,undefined,32,False,,False,1.0,276,41.776196680040144,-87.60798935092622,Chicago
1482122146052237976,172.0,7,Entire home/apt,2.0,4.0,1.0,undefined,2,True,,True,59.0,350,41.94767,-87.70673,Chicago
1482127184801819091,128.0,7,Entire home/apt,2.0,4.0,1.0,undefined,2,True,5.0,True,59.0,335,41.94767,-87.70686,Chicago
1482148854383290398,169.0,8,Entire home/apt,4.0,4.0,1.5,undefined,2,False,3.0,False,18.0,171,41.93718,-87.64416,Chicago
1482174914212008140,98.0,2,Entire home/apt,1.0,1.0,1.0,undefined,2,False,4.83,False,18.0,163,41.93958,-87.66957,Chicago
1482310868597317126,104.0,5,Entire home/apt,2.0,2.0,1.0,undefined,32,True,,False,7.0,365,41.89653602283186,-87.69049543023274,Chicago
1482314672323123165,147.0,8,Entire home/apt,3.0,5.0,2.0,undefined,2,True,5.0,False,1.0,227,41.93418,-87.69047,Chicago
1482528306255486418,187.0,2,Entire home/apt,1.0,1.0,1.0,undefined,32,True,,False,,344,41.8937277,-87.6563934,Chicago
1482566057386286828,187.0,2,Entire home/apt,1.0,1.0,1.0,undefined,32,True,,False,,279,41.8937277,-87.6563934,Chicago
1482596252262386922,194.0,2,Entire home/apt,1.0,1.0,1.0,undefined,32,True,,False,,354,41.8937277,-87.6563934,Chicago
1482710201937982982,149.0,4,Entire home/apt,2.0,2.0,2.0,undefined,32,False,,False,45.0,259,41.88342,-87.63344,Chicago
1482742711546135501,610.0,16,Entire home/apt,8.0,7.0,1.0,undefined,32,True,,False,15.0,365,41.7927,-87.64607,Chicago
1482747458614500180,192.0,6,Entire home/apt,2.0,2.0,2.0,undefined,2,True,5.0,False,6.0,349,41.89719,-87.69522,Chicago
1482749885294123954,444.0,12,Entire home/apt,4.0,6.0,3.0,undefined,2,True,5.0,False,6.0,350,41.89719,-87.69522,Chicago
1482809831030313452,164.0,5,Entire home/apt,2.0,2.0,1.0,undefined,2,True,5.0,False,6.0,352,41.89719,-87.69522,Chicago
1482842228245332976,1140.0,8,Entire home/apt,4.0,5.0,2.0,undefined,32,False,,False,6.0,365,41.80006,-87.73578,Chicago
1482885930048965457,100.0,2,Entire home/apt,1.0,2.0,1.0,undefined,4,False,,False,9.0,45,41.70933,-87.66577,Chicago
1483439642824318144,528.0,10,Entire home/apt,4.0,4.0,2.0,undefined,1,True,5.0,,35.0,165,41.94738,-87.65819,Chicago
1483469822011523295,298.0,8,Entire home/apt,3.0,3.0,1.0,undefined,1,True,5.0,,35.0,320,41.94744,-87.65816,Chicago
1483571738326485461,37.0,1,Private room,1.0,1.0,1.0,undefined,1,True,5.0,False,1.0,54,41.7673961,-87.63751239999999,Chicago
1483679407870789084,65.0,1,Private room,1.0,1.0,1.0,undefined,32,True,,False,56.0,347,41.8701,-87.65156,Chicago
1484087908892711592,135.0,2,Entire home/apt,1.0,1.0,1.0,undefined,2,True,5.0,True,8.0,169,41.801352,-87.5900729,Chicago
1484289816381837827,40.0,2,Private room,1.0,1.0,1.0,undefined,2,False,4.67,True,4.0,254,41.78527299819452,-87.6106091,Chicago
1484656301859029290,400.0,4,Entire home/apt,1.0,1.0,1.0,undefined,32,True,5.0,False,2.0,340,41.89236,-87.61794,Chicago
1485324753052850718,76.0,2,Private room,1.0,1.0,1.0,undefined,32,True,3.0,False,18.0,365,41.96677711328369,-87.65761731671412,Chicago
1485530280706551328,213.0,10,Entire home/apt,3.0,5.0,1.0,undefined,2,True,,False,4.0,362,41.8739,-87.69413,Chicago
1485543572110198883,250.0,4,Entire home/apt,2.0,2.0,1.0,undefined,32,False,,False,6.0,365,41.86899,-87.68326,Chicago
1485649699302994037,288.0,5,Entire home/apt,2.0,5.0,1.0,undefined,1,True,4.75,,35.0,354,41.94738,-87.65819,Chicago
1485699472763693011,137.0,6,Entire home/apt,3.0,3.0,2.0,undefined,32,True,,False,2.0,362,41.7781617,-87.60313649999999,Chicago
1485831174156363726,161.0,4,Entire home/apt,1.0,2.0,1.0,undefined,32,False,,True,105.0,179,41.8872,-87.61908,Chicago
1486091783808697783,312.0,2,Entire home/apt,1.0,1.0,1.0,undefined,32,True,,False,,296,41.899265,-87.6287723,Chicago
1486107718119983972,176.0,2,Entire home/apt,1.0,1.0,1.0,undefined,32,True,,True,79.0,365,41.88436,-87.62476,Chicago
1486250330978203122,209.0,2,Entire home/apt,1.0,1.0,1.0,undefined,32,True,,False,,327,41.9073653,-87.6379082,Chicago
1486352038078746851,93.0,4,Entire home/apt,2.0,2.0,1.0,undefined,14,False,,False,1.0,173,41.93317,-87.7063,Chicago
1486410569427901801,118.0,2,Entire home/apt,1.0,1.0,1.0,undefined,1,True,4.86,False,17.0,326,41.9655119,-87.65919129999999,Chicago
1486642214885380530,115.0,3,Entire home/apt,1.0,1.0,1.0,undefined,2,True,5.0,,32.0,354,41.924879,-87.69131139999999,Chicago
1486729326955373681,122.0,5,Entire home/apt,3.0,5.0,1.0,undefined,1,False,5.0,False,5.0,334,42.012588595057416,-87.68830098306552,Chicago
1486990027005686301,247.0,2,Private room,1.0,1.0,1.0,undefined,1,True,5.0,False,1.0,108,41.89223,-87.62746,Chicago
1486999769504339846,243.0,4,Entire home/apt,2.0,2.0,2.0,undefined,2,True,5.0,False,8.0,335,41.89508,-87.63379,Chicago
1487014423567504900,103.0,7,Entire home/apt,3.0,3.0,1.0,undefined,1,True,4.17,False,7.0,357,42.00843,-87.69575,Chicago
1487096086081274926,93.0,2,Private room,1.0,1.0,1.0,undefined,1,True,5.0,False,1.0,359,41.9283015,-87.7743635,Chicago
1487135340319083456,91.0,2,Entire home/apt,1.0,1.0,1.0,undefined,3,False,5.0,False,4.0,255,41.91054604761511,-87.68527035822449,Chicago
1487180734694851063,55.0,4,Private room,1.0,2.0,1.0,undefined,1,False,5.0,False,6.0,356,41.85586,-87.7312,Chicago
1487248167950152971,146.0,4,Entire home/apt,2.0,2.0,2.0,undefined,2,True,5.0,True,74.0,345,41.85727,-87.68129,Chicago
1487270479713074697,55.0,2,Private room,1.0,1.0,3.0,undefined,1,False,5.0,False,6.0,365,41.85504,-87.73352,Chicago
1487286961149712904,55.0,2,Private room,1.0,1.0,3.0,undefined,1,False,,False,6.0,364,41.8566,-87.73124,Chicago
1487296108886962505,55.0,2,Private room,1.0,1.0,3.0,undefined,1,False,,False,6.0,360,41.85505,-87.73339,Chicago
1487302017499086112,55.0,2,Private room,1.0,1.0,3.0,undefined,1,False,5.0,False,6.0,360,41.85504,-87.73327,Chicago
1487309174078373877,196.0,8,Entire home/apt,4.0,4.0,3.5,undefined,2,False,5.0,True,74.0,361,41.8532982,-87.676688,Chicago
1487314593879016469,55.0,2,Private room,1.0,1.0,2.0,undefined,1,False,5.0,False,6.0,364,41.85648,-87.7335,Chicago
1487323287135143114,330.0,10,Entire home/apt,4.0,6.0,3.5,undefined,3,False,5.0,True,31.0,172,41.89364,-87.66595,Chicago
1487568602129807106,155.0,8,Entire home/apt,2.0,5.0,1.0,undefined,1,True,,False,38.0,361,41.87357,-87.62792,Chicago
1487721767088939441,99.0,2,Private room,1.0,1.0,1.0,undefined,1,False,4.0,False,3.0,1,41.90234,-87.66601,Chicago
1487841388855920618,113.0,4,Entire home/apt,1.0,2.0,1.0,undefined,32,True,,False,376.0,363,41.87653,-87.63475,Chicago
1487971552358908607,156.0,6,Entire home/apt,3.0,3.0,2.0,undefined,1,True,,False,15.0,346,41.941092,-87.725791,Chicago
1487992338636249501,32.0,2,Private room,1.0,1.0,1.0,undefined,2,True,3.0,False,25.0,298,41.84180441343669,-87.65620033554292,Chicago
1488367171341426638,97.0,2,Entire home/apt,0.0,1.0,1.0,undefined,1,True,4.25,False,43.0,340,41.955094002970064,-87.64976883272459,Chicago
1488420558063047950,450.0,5,Entire home/apt,3.0,3.0,3.0,undefined,32,False,,True,131.0,364,41.88591,-87.63035,Chicago
1488430281936051852,230.0,5,Entire home/apt,2.0,2.0,2.0,undefined,32,False,,True,131.0,337,41.88553898612658,-87.63241723967988,Chicago
1488489399693361985,181.0,2,Private room,1.0,1.0,1.0,undefined,1,False,,False,3.0,349,41.9402,-87.73645,Chicago
1488585923899238666,207.0,6,Entire home/apt,3.0,4.0,3.0,undefined,32,True,,False,3.0,358,41.76883144079004,-87.56808141663879,Chicago
1488597816123065287,111.0,4,Entire home/apt,1.0,1.0,1.0,undefined,1,False,5.0,False,1.0,336,41.95865,-87.67754,Chicago
1489247001324211159,180.0,4,Entire home/apt,2.0,2.0,1.0,undefined,2,False,3.0,False,1.0,363,41.6979,-87.61406,Chicago
1490030595449357268,455.0,10,Entire home/apt,3.0,3.0,2.5,undefined,1,False,5.0,False,1.0,351,41.94899,-87.70665,Chicago
1490546137875466158,226.0,2,Entire home/apt,1.0,1.0,1.0,undefined,32,True,,False,,195,41.9194968,-87.6629995,Chicago
1491146583141818117,38.0,1,Private room,1.0,1.0,2.0,undefined,1,False,4.67,False,8.0,345,41.84575239157961,-87.64502009359715,Chicago
1491493373570716422,93.0,2,Entire home/apt,1.0,1.0,1.0,undefined,2,False,4.6,False,10.0,156,42.00888,-87.66748,Chicago
1491502771914706552,249.0,10,Entire home/apt,3.0,5.0,2.0,undefined,1,True,,True,44.0,355,41.909597,-87.67904399999999,Chicago
1491911406988317199,39.0,1,Private room,1.0,1.0,1.0,undefined,1,True,5.0,False,17.0,335,41.84774985989706,-87.63536771209158,Chicago
1492008008824520332,139.0,4,Entire home/apt,2.0,2.0,1.0,undefined,32,False,,False,2.0,178,41.93332729999999,-87.65215549999999,Chicago
1492119765014776070,66.0,2,Private room,1.0,1.0,2.0,undefined,1,False,,True,3.0,336,41.8112,-87.60887,Chicago
1492270844314135945,120.0,6,Entire home/apt,2.0,3.0,1.0,undefined,2,False,,False,10.0,151,41.95091,-87.65704,Chicago
1492465401432076984,44.0,1,Private room,1.0,1.0,1.0,undefined,32,True,,False,3.0,66,41.94784,-87.74412,Chicago
1492763269277491249,148.0,5,Entire home/apt,2.0,2.0,2.0,undefined,2,False,,False,12.0,259,41.8954086,-87.6606833,Chicago
1492855956936930609,126.0,6,Entire home/apt,3.0,4.0,1.0,undefined,3,False,,False,1.0,307,41.9512664,-87.7223228,Chicago
1492867908487313485,100.0,3,Entire home/apt,0.0,1.0,1.0,undefined,175,False,,True,2.0,276,41.93588,-87.63812,Chicago
1492869465844972466,109.0,2,Entire home/apt,1.0,1.0,1.0,undefined,1,True,,False,107.0,128,41.83932,-87.65732,Chicago
1492888564879069702,96.0,2,Entire home/apt,1.0,1.0,1.0,undefined,1,True,5.0,False,107.0,128,41.83932,-87.65732,Chicago
1492895068576113875,109.0,4,Entire home/apt,2.0,2.0,1.0,undefined,1,True,5.0,False,107.0,130,41.83932,-87.65732,Chicago
1492902793288959537,109.0,4,Entire home/apt,2.0,2.0,1.0,undefined,1,True,4.0,False,107.0,132,41.83932,-87.65732,Chicago
1493030329495197590,103.0,6,Entire home/apt,3.0,3.0,1.5,undefined,4,False,,True,2.0,80,41.76797,-87.58328,Chicago
1493467303876687557,150.0,4,Entire home/apt,1.0,1.0,1.0,undefined,32,False,,True,131.0,364,41.88688,-87.63025,Chicago
1493498510268732469,150.0,4,Entire home/apt,1.0,1.0,1.0,undefined,32,False,,True,131.0,264,41.88572,-87.63075,Chicago
1493502583541308246,24.0,1,Shared room,1.0,1.0,2.0,undefined,1,False,5.0,True,20.0,52,42.01773,-87.68883,Chicago
1493614329463655146,126.0,5,Entire home/apt,2.0,2.0,1.0,undefined,1,False,5.0,False,1.0,359,41.8078311,-87.689565,Chicago
1493652080303946870,95.0,2,Entire home/apt,1.0,1.0,1.0,undefined,32,False,,False,11.0,364,41.87084,-87.68155,Chicago
1493686316850343391,119.0,4,Entire home/apt,2.0,2.0,1.0,undefined,32,False,,,17.0,139,41.91907641218489,-87.71549820899963,Chicago
1494386801540390129,124.0,3,Entire home/apt,0.0,2.0,1.0,undefined,1,True,2.67,False,43.0,361,41.95545,-87.65171,Chicago
1495009697471987583,42.0,1,Private room,1.0,1.0,,undefined,1,True,,False,40.0,281,41.892338,-87.62732799999999,Chicago
1495025118757121809,38.0,1,Shared room,1.0,1.0,1.0,undefined,1,True,5.0,False,40.0,278,41.89176,-87.62823,Chicago
1495049977624577386,178.0,4,Private room,1.0,2.0,1.0,undefined,1,True,,False,40.0,278,41.89346,-87.62838,Chicago
1495060636149040901,159.0,4,Private room,1.0,2.0,1.0,undefined,1,True,,False,40.0,277,41.89149,-87.62622,Chicago
1495069908341377556,37.0,1,Shared room,1.0,1.0,1.0,undefined,1,True,4.75,False,40.0,276,41.89156,-87.62807,Chicago
1495084559544463551,33.0,1,Shared room,1.0,1.0,1.0,undefined,1,True,,False,40.0,275,41.89192,-87.62839,Chicago
1495097280034379240,835.0,2,Private room,1.0,1.0,1.0,undefined,1,True,,False,9.0,172,41.87382,-87.64051,Chicago
1495119365279429690,214.0,4,Private room,0.0,2.0,1.0,undefined,1,True,,False,31.0,170,41.89455,-87.63059,Chicago
1495128501669278298,222.0,4,Private room,0.0,2.0,1.0,undefined,1,True,,False,31.0,172,41.89569,-87.63248,Chicago
1495200283310584052,152.0,4,Private room,1.0,2.0,2.0,undefined,1,False,5.0,False,6.0,87,41.94419,-87.65127,Chicago
1495269067798524364,130.0,2,Entire home/apt,1.0,1.0,1.0,undefined,32,True,,True,79.0,344,41.89311,-87.61649,Chicago
1495591561909844150,131.0,6,Entire home/apt,3.0,3.0,2.5,undefined,1,True,,False,107.0,125,41.82502,-87.63839,Chicago
1495614054730372248,41.0,1,Private room,1.0,1.0,1.0,undefined,32,False,,True,51.0,325,41.78394357566684,-87.60633982687814,Chicago
1495770565472561872,138.0,5,Entire home/apt,2.0,2.0,1.0,undefined,1,True,,True,59.0,342,41.92767,-87.76107,Chicago
1495806083019609399,183.0,6,Entire home/apt,3.0,3.0,2.0,undefined,32,False,,False,7.0,262,41.7851612,-87.6242086,Chicago
1495855735041377396,117.0,2,Entire home/apt,1.0,1.0,1.5,undefined,2,False,5.0,False,10.0,152,41.89063,-87.65491,Chicago
1495887827630253123,128.0,4,Entire home/apt,2.0,2.0,1.0,undefined,2,False,5.0,False,10.0,157,41.94348,-87.64589,Chicago
1495914686607686508,162.0,4,Entire home/apt,2.0,2.0,2.0,undefined,2,False,,False,10.0,162,41.90432,-87.6327,Chicago
1495926987686089557,111.0,2,Entire home/apt,1.0,1.0,1.0,undefined,2,False,5.0,False,10.0,176,42.01875,-87.68615,Chicago
1496465635884130105,99.0,6,Entire home/apt,2.0,3.0,1.0,undefined,1,True,5.0,False,16.0,350,41.9385,-87.71986,Chicago
1496541370435668301,400.0,7,Entire home/apt,2.0,3.0,1.5,undefined,1,False,,False,5.0,365,41.95352014026952,-87.80615573357774,Chicago
1496583608408687770,46.0,2,Private room,1.0,1.0,1.0,undefined,5,True,,True,11.0,354,41.848640310412485,-87.68275372558303,Chicago
1496614081701497859,126.0,2,Entire home/apt,0.0,1.0,1.0,undefined,1,True,,False,43.0,359,41.95668663392796,-87.64987027104489,Chicago
1496645201293902341,142.0,2,Entire home/apt,1.0,1.0,1.0,undefined,1,False,4.2,False,43.0,324,41.90987,-87.67629,Chicago
1496693991581893468,30.0,1,Private room,1.0,1.0,1.0,undefined,1,True,,False,6.0,348,41.82984402943023,-87.64878187237338,Chicago
1496700968934120090,28.0,1,Private room,1.0,1.0,1.0,undefined,1,True,,False,6.0,355,41.82954,-87.649,Chicago
1497218893494367671,342.0,10,Entire home/apt,5.0,5.0,2.0,undefined,2,True,,False,1.0,265,41.9359615,-87.6963213,Chicago
1497786349088191218,217.0,2,Entire home/apt,1.0,1.0,1.0,undefined,32,True,,False,,346,41.8849811,-87.66407509999999,Chicago
1497804584811113656,80.0,4,Entire home/apt,1.0,2.0,1.0,undefined,32,False,,True,44.0,173,41.88128,-87.66546,Chicago
1497816557276632147,218.0,2,Entire home/apt,1.0,1.0,1.0,undefined,32,True,,False,,204,41.8849811,-87.66407509999999,Chicago
1497906446267751419,78.0,6,Entire home/apt,3.0,3.0,2.0,undefined,32,False,,False,1.0,89,41.924579,-87.6950454,Chicago
1497918164136113852,42.0,2,Private room,1.0,1.0,1.0,undefined,1,True,,False,14.0,336,41.9852786,-87.67214969999999,Chicago
1497967063576386786,41.0,2,Private room,1.0,1.0,1.0,undefined,1,True,,False,14.0,209,41.9852786,-87.67214969999999,Chicago
1498030184318103585,153.0,6,Entire home/apt,2.0,4.0,1.0,undefined,1,True,5.0,,22.0,354,41.9261324,-87.6563212,Chicago
1498033679795735200,303.0,15,Entire home/apt,5.0,6.0,3.5,undefined,1,False,,True,3.0,36,41.89144510232879,-87.66889826379662,Chicago
1498049168486851278,145.0,5,Entire home/apt,2.0,2.0,1.0,undefined,1,True,5.0,,22.0,357,41.92525,-87.65556,Chicago
1498060173191453281,154.0,3,Entire home/apt,1.0,1.0,1.0,undefined,1,True,,,54.0,167,41.90696678987318,-87.63408403898814,Chicago
1498241106653049777,111.0,4,Entire home/apt,1.0,2.0,1.0,undefined,1,False,4.5,True,5.0,339,41.85436,-87.66131,Chicago
1498262651349295922,267.0,2,Entire home/apt,1.0,1.0,1.0,undefined,32,True,,False,,284,41.9046021,-87.6350643,Chicago
1498519074000156064,88.0,4,Entire home/apt,2.0,2.0,2.0,undefined,32,False,,True,4.0,331,41.84836,-87.61928,Chicago
1498526320618038981,244.0,1,Entire home/apt,1.0,0.0,1.0,undefined,32,True,,False,,344,41.8977165,-87.6323843,Chicago
1498586942386380858,126.0,2,Entire home/apt,1.0,1.0,1.0,undefined,1,True,,True,7.0,259,41.90702015639658,-87.63570803575604,Chicago
1498626177094764920,100.0,1,Private room,1.0,1.0,1.0,undefined,32,False,,False,7.0,365,41.91054184197316,-87.72408985834336,Chicago
1498629264563109675,34.0,1,Private room,1.0,1.0,0.0,undefined,32,False,,False,1413.0,84,41.91403,-87.69855,Chicago
1498630176974602747,180.0,6,Entire home/apt,3.0,3.0,1.0,undefined,1,False,4.5,,6.0,359,42.01168,-87.67726,Chicago
1498658575578104569,131.0,7,Entire home/apt,2.0,2.0,1.5,undefined,3,False,,False,1.0,351,41.76663,-87.58301,Chicago
1498736935025404092,28.0,1,Private room,1.0,1.0,0.5,undefined,32,False,,True,4.0,338,41.84258,-87.6572,Chicago
1498741927180338854,28.0,1,Private room,1.0,1.0,1.0,undefined,32,False,,True,4.0,303,41.8425,-87.65562,Chicago
1499302406035506553,97.0,2,Entire home/apt,0.0,1.0,1.0,undefined,1,True,5.0,False,43.0,246,41.90986911051803,-87.67629403620958,Chicago
1499347390620343504,276.0,2,Entire home/apt,1.0,2.0,1.0,undefined,2,True,,False,2.0,22,41.9756388,-87.6607372,Chicago
1500322027938016498,132.0,6,Entire home/apt,3.0,3.0,1.0,undefined,32,False,,True,21.0,351,41.94616,-87.70502,Chicago
1500407872215683495,52.0,2,Private room,1.0,1.0,1.0,undefined,1,True,2.5,False,14.0,350,42.0063353,-87.6682945,Chicago
1500497103335342382,64.0,2,Entire home/apt,1.0,1.0,1.0,undefined,1,True,,True,19.0,3,41.9109717,-87.6787794,Chicago
1500692997765605219,194.0,2,Entire home/apt,1.0,1.0,1.0,undefined,32,True,,False,,365,41.8849811,-87.66407509999999,Chicago
1500736733233768056,183.0,5,Entire home/apt,2.0,1.0,1.0,undefined,1,True,,,22.0,353,41.92652,-87.6552,Chicago
1500964206260855130,107.0,2,Entire home/apt,1.0,1.0,1.0,undefined,1,False,,False,1.0,303,41.97529653808123,-87.65560133288953,Chicago
1501038684335995694,128.0,3,Private room,2.0,2.0,1.0,undefined,3,False,,True,3.0,71,41.94438479999999,-87.68788599999999,Chicago
1501137521383785730,36.0,1,Private room,1.0,1.0,2.0,undefined,1,True,,False,8.0,358,41.84552570936264,-87.64636893577152,Chicago
1501162106182065813,41.0,1,Private room,1.0,1.0,1.5,undefined,1,True,5.0,False,17.0,354,41.84968,-87.63411,Chicago
1501174791651397581,36.0,1,Private room,1.0,1.0,1.0,undefined,1,True,4.0,False,17.0,316,41.84976345557907,-87.63561614807,Chicago
1501229030739130598,35.0,1,Private room,1.0,1.0,1.0,undefined,32,True,,False,9.0,365,41.83151,-87.64471,Chicago
1501266783614489067,199.0,2,Entire home/apt,1.0,1.0,1.0,undefined,32,True,,False,,278,41.8850065,-87.64402919999999,Chicago
1501454777249948669,163.0,2,Entire home/apt,1.0,1.0,1.0,undefined,32,False,,False,1.0,92,41.89182131421976,-87.62416252645873,Chicago
1501481195562004896,231.0,4,Entire home/apt,1.0,2.0,1.0,undefined,2,False,,False,1.0,257,41.94184,-87.64323,Chicago
1501535683637413946,343.0,12,Entire home/apt,4.0,5.0,2.0,undefined,28,True,,False,5.0,270,41.73132082481086,-87.58804039021189,Chicago
1501699731193997513,127.0,2,Entire home/apt,1.0,1.0,1.0,undefined,32,True,,False,2.0,198,41.9404,-87.66742,Chicago
1501714056130608159,119.0,4,Entire home/apt,1.0,2.0,1.0,undefined,32,True,,False,13.0,360,41.998991,-87.683334,Chicago
1501760170328453320,28.0,1,Private room,1.0,1.0,1.0,undefined,32,False,,False,1.0,174,41.90915,-87.69024,Chicago
1501821715586032954,119.0,3,Entire home/apt,1.0,2.0,1.0,undefined,2,True,,False,13.0,353,41.99914,-87.6833,Chicago
1501999703886170917,36.0,1,Private room,1.0,1.0,1.0,undefined,32,True,,False,9.0,335,41.84145,-87.65669,Chicago
1502101378084398453,130.0,6,Entire home/apt,2.0,3.0,1.0,undefined,2,True,,True,8.0,169,42.01187059999999,-87.6669084,Chicago
1502189195299167117,215.0,4,Entire home/apt,3.0,3.0,1.0,undefined,3,True,5.0,True,3.0,69,41.94438479999999,-87.68788599999999,Chicago
1502201459480832432,131.0,3,Private room,2.0,2.0,1.0,undefined,3,False,5.0,True,3.0,71,41.94438479999999,-87.68788599999999,Chicago
1502434710841930152,181.0,2,Entire home/apt,0.0,1.0,1.0,undefined,2,False,,False,13.0,163,41.9045145,-87.6290774,Chicago
1502449757242069784,185.0,2,Entire home/apt,0.0,1.0,1.0,undefined,2,False,,False,13.0,162,41.9045145,-87.6290774,Chicago
1502540169446045265,275.0,7,Entire home/apt,4.0,4.0,2.0,undefined,32,True,,False,1.0,365,41.763927,-87.5844745,Chicago
1502769208925352065,202.0,2,Entire home/apt,1.0,1.0,1.0,undefined,32,True,,False,,235,41.9194968,-87.6629995,Chicago
1503016932749914771,150.0,4,Entire home/apt,1.0,1.0,1.0,undefined,32,False,,True,131.0,330,41.88259,-87.64796,Chicago
1503086845269400940,187.0,8,Entire home/apt,4.0,3.0,3.0,undefined,1,True,4.67,False,43.0,245,41.9051,-87.68156,Chicago
1503120555640618241,362.0,8,Entire home/apt,4.0,5.0,1.0,undefined,32,True,,False,15.0,365,41.7915,-87.64774,Chicago
1503168455482817824,161.0,2,Private room,1.0,1.0,1.0,undefined,1,False,,False,3.0,350,41.94235,-87.73726,Chicago
1503252909502552212,38.0,2,Private room,1.0,1.0,1.0,undefined,2,False,5.0,False,11.0,257,41.87465,-87.69358,Chicago
1503271177163089469,263.0,7,Entire home/apt,2.0,3.0,2.0,undefined,2,True,5.0,True,9.0,313,41.903228322407664,-87.6299218717153,Chicago
1503283402733389447,101.0,6,Entire home/apt,2.0,2.0,1.0,undefined,1,True,,False,20.0,358,41.8737464,-87.6865802,Chicago
1503294386522921783,100.0,4,Entire home/apt,2.0,2.0,1.0,undefined,1,True,,False,15.0,26,41.89983,-87.66191,Chicago
1503539951636953297,67.0,2,Private room,1.0,1.0,1.0,undefined,32,True,,False,56.0,365,41.87258397297083,-87.65160631947555,Chicago
1503608041521562706,156.0,2,Entire home/apt,1.0,1.0,1.0,undefined,1,False,,True,7.0,345,41.90715,-87.63418,Chicago
1503759343878433245,105.0,4,Entire home/apt,1.0,1.0,1.0,undefined,32,True,,True,61.0,231,41.88647,-87.63403,Chicago
1503789418931825956,396.0,5,Entire home/apt,3.0,4.0,2.5,undefined,2,False,,False,3.0,358,41.99936781912516,-87.66126315241291,Chicago
1503821106585626373,99.0,4,Entire home/apt,2.0,3.0,1.0,undefined,5,True,,True,11.0,342,41.89068533170766,-87.67321027174066,Chicago
1504033283386756529,172.0,4,Entire home/apt,2.0,2.0,1.0,undefined,2,True,,True,3.0,294,41.9164635,-87.7365568,Chicago
1504303387385110689,128.0,3,Entire home/apt,1.0,1.0,1.0,undefined,1,True,,True,7.0,169,41.90738794272312,-87.63344873287075,Chicago
1504421536982119015,90.0,3,Entire home/apt,2.0,2.0,1.0,undefined,33,False,,False,2.0,358,41.7357,-87.56968,Chicago
1505208153834676476,68.0,2,Private room,1.0,1.0,1.0,undefined,32,True,,False,56.0,339,41.86986,-87.65363,Chicago
1505251842917983892,26.0,1,Private room,1.0,1.0,2.0,undefined,32,True,,True,11.0,326,41.84147,-87.65621,Chicago
1505313542300421429,129.0,2,Entire home/apt,0.0,1.0,1.0,undefined,2,False,,True,14.0,171,41.9045145,-87.6290774,Chicago
1505318938594881941,662.0,10,Entire home/apt,6.0,6.0,4.5,undefined,1,False,,False,3.0,359,41.9978,-87.66051,Chicago
1505322189153476842,133.0,2,Entire home/apt,1.0,1.0,1.0,undefined,1,False,5.0,True,14.0,167,41.9045145,-87.6290774,Chicago
1505362719075578267,110.0,2,Private room,1.0,1.0,2.0,undefined,1,False,,False,1.0,68,41.85615,-87.63192,Chicago
1505467966620481703,135.0,2,Entire home/apt,1.0,1.0,1.0,undefined,1,False,,True,17.0,74,41.907986922530405,-87.63394689435563,Chicago
1505472784232754915,130.0,2,Entire home/apt,1.0,1.0,1.0,undefined,1,True,,True,7.0,255,41.90781833566928,-87.63542864779062,Chicago
1505841620817797079,32.0,1,Private room,1.0,1.0,1.0,undefined,32,True,,False,8.0,365,41.76935346609463,-87.616620373351,Chicago
1505858269081655015,80.0,1,Entire home/apt,1.0,1.0,1.0,undefined,32,True,,False,3.0,269,41.9294474,-87.6410121,Chicago
1505928308519029583,142.0,2,Entire home/apt,1.0,1.0,1.0,undefined,2,True,5.0,True,8.0,353,41.8019371,-87.5978458,Chicago
1506005726661230229,91.0,2,Entire home/apt,1.0,1.0,1.0,undefined,2,False,,False,10.0,170,41.79377,-87.58466,Chicago
1506043906497789808,121.0,7,Entire home/apt,3.0,4.0,2.0,undefined,32,True,,True,9.0,243,41.9221164,-87.714316,Chicago
1506521073894651516,382.0,13,Entire home/apt,7.0,7.0,3.5,undefined,1,True,,,54.0,365,41.87756,-87.68343,Chicago
1506579860913239506,208.0,2,Entire home/apt,1.0,1.0,1.0,undefined,32,True,,False,,324,41.9046021,-87.6350643,Chicago
1507291725841792239,40.0,2,Private room,1.0,1.0,1.0,undefined,2,True,,False,25.0,294,41.84278,-87.65633,Chicago
1507292636183145839,781.0,16,Entire home/apt,6.0,12.0,5.0,undefined,1,True,,True,41.0,54,41.89686,-87.62623,Chicago
1507370852207275179,187.0,5,Entire home/apt,2.0,2.0,2.5,undefined,1,True,,True,8.0,156,42.01275,-87.68924,Chicago
1507386602882266051,894.0,4,Entire home/apt,2.0,2.0,2.0,undefined,32,False,,True,30.0,364,41.8882948,-87.6462779,Chicago
1507451420018221243,158.0,4,Entire home/apt,2.0,1.0,1.0,undefined,1,True,5.0,False,43.0,164,41.98707,-87.6633,Chicago
1507549160148183061,208.0,6,Entire home/apt,3.0,3.0,1.0,undefined,32,True,,False,7.0,365,41.90879,-87.72384,Chicago
1507549311568327187,146.0,2,Entire home/apt,1.0,1.0,1.0,undefined,32,False,5.0,True,6.0,282,41.87366644454148,-87.63089989682008,Chicago
1507560135863051728,30.0,2,Private room,1.0,1.0,1.0,undefined,2,True,,False,25.0,351,41.84270057020543,-87.65649265118587,Chicago
1507593911002094572,447.0,6,Entire home/apt,2.0,0.0,2.0,undefined,1,True,,,35.0,79,41.95328,-87.65633,Chicago
1507963527351036760,181.0,6,Entire home/apt,2.0,2.0,2.0,undefined,2,True,,False,81.0,166,41.9214045,-87.6970431,Chicago
1508127805465437688,113.0,7,Entire home/apt,4.0,3.0,2.0,undefined,32,False,,False,5.0,346,41.91106,-87.71658,Chicago
1508382147649221336,84.0,2,Entire home/apt,1.0,1.0,1.0,undefined,1,True,,False,1.0,353,41.91118,-87.79131,Chicago
1508856887307608166,120.0,6,Entire home/apt,3.0,4.0,2.0,undefined,2,True,,False,376.0,350,41.76770547374123,-87.58387489795919,Chicago
1508925826698707489,52.0,3,Private room,1.0,1.0,1.0,undefined,2,False,5.0,False,53.0,258,41.91727,-87.69449,Chicago
1508930160504914350,34.0,1,Private room,1.0,1.0,1.0,undefined,2,False,,False,53.0,262,41.9187,-87.69653,Chicago
1509057533018962339,135.0,8,Entire home/apt,2.0,6.0,1.0,undefined,1,True,,False,38.0,360,41.87236,-87.62736,Chicago
1509566117835838059,260.0,8,Entire home/apt,3.0,4.0,2.0,undefined,2,True,5.0,,5.0,169,41.90396604808269,-87.62927421222001,Chicago
1509589672164904580,180.0,8,Entire home/apt,2.0,6.0,2.0,undefined,1,True,,False,38.0,9,41.90078,-87.62474,Chicago
1509676953426121821,9760.0,4,Entire home/apt,0.0,0.0,1.0,undefined,1,True,,True,19.0,342,41.91103,-87.67869,Chicago
1509691386559367234,9760.0,4,Entire home/apt,0.0,0.0,1.0,undefined,1,True,,True,19.0,342,41.91103,-87.67869,Chicago
1509947190490333788,96.0,4,Entire home/apt,3.0,3.0,1.0,undefined,32,False,,False,2.0,362,41.7681791,-87.6122453,Chicago
1510085209275727315,108.0,8,Entire home/apt,3.0,3.0,3.0,undefined,32,True,,False,1.0,338,41.8678938,-87.6968811,Chicago
1510126648325290007,190.0,2,Entire home/apt,1.0,1.0,1.0,undefined,32,True,,True,79.0,344,41.89909,-87.63576,Chicago
1510875319690541129,504.0,8,Entire home/apt,4.0,5.0,3.5,undefined,3,False,,False,1.0,84,41.96403,-87.65092,Chicago
1510919240555152079,105.0,2,Entire home/apt,1.0,1.0,1.0,undefined,2,True,5.0,True,8.0,358,41.92077889999999,-87.63856729999999,Chicago
1510968485916052382,96.0,7,Entire home/apt,3.0,3.0,1.0,undefined,32,True,5.0,False,8.0,361,42.00965,-87.69572,Chicago
1510996319660484014,60.0,2,Private room,1.0,1.0,1.5,undefined,32,True,,False,56.0,266,41.87126332899808,-87.65661745480621,Chicago
1511313915291907094,145.0,4,Entire home/apt,2.0,2.0,1.0,undefined,2,True,,True,6.0,352,41.9436,-87.68349,Chicago
1511580602567917519,154.0,2,Entire home/apt,1.0,1.0,1.0,undefined,1,True,,True,17.0,352,41.92838,-87.63956,Chicago
1511596402567497205,163.0,2,Entire home/apt,1.0,1.0,1.0,undefined,32,True,,False,,306,41.9894945,-87.6557771,Chicago
1511596695320268097,281.0,2,Entire home/apt,1.0,1.0,1.0,undefined,32,True,,False,,365,41.9073653,-87.6379082,Chicago
1511858830850089564,40.0,2,Private room,1.0,2.0,1.0,undefined,32,False,,False,6.0,324,41.78375,-87.61242,Chicago
1511877140126408146,73.0,3,Entire home/apt,2.0,3.0,1.0,undefined,32,True,,False,6.0,357,41.78147,-87.61253,Chicago
1511982743815580483,86.0,5,Entire home/apt,3.0,3.0,2.0,undefined,32,True,,False,6.0,325,41.78188,-87.61386,Chicago
1512142857185804806,113.0,4,Entire home/apt,1.0,1.0,1.0,undefined,1,True,,False,1.0,359,41.74707,-87.6335,Chicago
1512180207451264994,203.0,12,Entire home/apt,5.0,9.0,2.5,undefined,2,True,,True,105.0,359,41.75588,-87.55668,Chicago
1512198820284274185,271.0,4,Entire home/apt,2.0,2.0,2.0,undefined,32,True,,False,,321,41.894723,-87.6307257,Chicago
1512466479479253651,100.0,2,Private room,1.0,1.0,1.0,undefined,1,True,,False,107.0,124,41.85094,-87.63197,Chicago
1512488633589794109,98.0,2,Private room,1.0,1.0,1.0,undefined,1,True,,False,107.0,123,41.85094,-87.63197,Chicago
1512493599243712825,100.0,2,Private room,1.0,1.0,1.0,undefined,1,True,,False,107.0,123,41.85097,-87.63196,Chicago
1512679866556659387,152.0,8,Entire home/apt,3.0,4.0,1.0,undefined,1,False,,,10.0,20,41.89465,-87.71088,Chicago
1512895470728085926,129.0,5,Entire home/apt,3.0,3.0,1.0,undefined,1,False,,True,8.0,94,41.99958,-87.68265,Chicago
1513022088683095144,62.0,2,Private room,1.0,1.0,1.0,undefined,32,True,,False,56.0,365,41.870931077313095,-87.65193371830019,Chicago
1513115850906842479,40000.0,4,Hotel room,1.0,0.0,1.0,undefined,1,True,,False,8403.0,339,41.89469364362569,-87.63158788401986,Chicago
1513115856343526898,40000.0,2,Hotel room,1.0,0.0,1.0,undefined,1,True,,False,8403.0,341,41.89460279161312,-87.63161785983964,Chicago
1513126230917108132,59.0,2,Private room,1.0,1.0,1.0,undefined,32,False,,False,1.0,332,41.93143,-87.64239,Chicago
1513160093716246949,375.0,6,Entire home/apt,3.0,4.0,2.5,undefined,3,False,,,3.0,351,41.89938,-87.67047,Chicago
1513249755900649268,107.0,5,Entire home/apt,2.0,2.0,1.0,undefined,2,True,,False,15.0,58,41.935399,-87.71987899999999,Chicago
1513310607821260198,319.0,10,Entire home/apt,4.0,2.0,2.0,undefined,1,True,,False,38.0,363,41.8700317,-87.6530267,Chicago
1513409535347783812,178.0,2,Entire home/apt,1.0,1.0,1.0,undefined,1,True,,True,7.0,267,41.92758,-87.638,Chicago
1513716275394802595,268.0,2,Entire home/apt,0.0,1.0,1.0,undefined,32,True,,False,,365,41.8981664,-87.6271739,Chicago
1513821766801636584,900.0,4,Entire home/apt,2.0,2.0,1.0,undefined,32,False,,,70.0,275,41.93292,-87.6461,Chicago
1514427498735918146,99.0,4,Entire home/apt,3.0,3.0,1.0,undefined,32,False,,False,2.0,365,41.7673,-87.61189,Chicago
1514602729230425948,559.0,16,Entire home/apt,6.0,10.0,4.0,undefined,1,False,,False,6.0,365,41.82241,-87.62109,Chicago
1514621681093690520,559.0,16,Entire home/apt,6.0,10.0,4.0,undefined,1,True,,False,6.0,365,41.82149,-87.62028,Chicago
1514812314516488457,68.0,8,Entire home/apt,3.0,3.0,1.0,undefined,38,False,,False,1.0,171,41.85207,-87.67918,Chicago
